STATECODE,Classification,Description,HDv1
AL,COM_Unknown,Unknown,359.628763
AL,COM_ARCHITECT,Attached screen,270.428646
AL,COM_ARCHITECT,Detached screen,257.325514
AL,COM_ARCHITECT,Fences,276.71522
AL,COM_ARCHITECT,None,240.853922
AL,COM_ARCHITECT,Skylights,258.227943
AL,COM_ARCHITECT,Skylights protection,287.011133
AL,COM_CLADRATE,10d high wind nail,228.279982
AL,COM_CLADRATE,6d any nail,198.129966
AL,COM_CLADRATE,8d high wind nail,196.250107
AL,COM_CLADRATE,8d minimum nail,218.389821
AL,COM_CLADRATE,Batten decking,205.269508
AL,COM_CLADRATE,Lumber and groove,218.544772
AL,COM_CLADSYS,Vinyl siding,400.797631
AL,COM_CLADSYS,EIFS,451.636208
AL,COM_CLADSYS,Wood,392.752411
AL,COM_CLADSYS,Metal sheathing,424.659651
AL,COM_CLADSYS,Impact rated glazing,428.48376
AL,COM_CLADSYS,Stucco,436.0491
AL,COM_CLADSYS,Brick veneer,413.206454
AL,COM_CLADSYS,Concrete block,426.526457
AL,COM_CONSTQUALI,Signs of distress,309.430271
AL,COM_CONSTQUALI,WH Roof existing,334.732129
AL,COM_CONSTQUALI,Wind Roof existing,336.227953
AL,COM_CONSTQUALI,Wind Gold existing,317.244273
AL,COM_CONSTQUALI,Wind Silver existing,304.945983
AL,COM_CONSTQUALI,WH Gold existing,288.577149
AL,COM_CONSTQUALI,WH Silver existing,337.523426
AL,COM_EXTORN,Extensive ornamentation,240.050274
AL,COM_EXTORN,Extensive ornamentation and LPS,286.737221
AL,COM_EXTORN,Large signs,274.782361
AL,COM_EXTORN,Large signs and LPS,244.343848
AL,COM_EXTORN,Lightning protection,265.765496
AL,COM_FOUNDSYS,Bolted,374.327118
AL,COM_FOUNDSYS,Engineered,361.006235
AL,COM_FOUNDSYS,Unbolted,378.92094
AL,COM_GARAGING,Attached garage,367.335876
AL,COM_GARAGING,Detached garage,360.615838
AL,COM_GARAGING,No garage,372.055352
AL,COM_MECHGROUND,Generally unprotected,161.384793
AL,COM_MECHGROUND,Generally protected,159.194775
AL,COM_RESISTOPEN,Pressure small missile rated,320.733807
AL,COM_RESISTOPEN,Pressure medium missile rated,316.361536
AL,COM_RESISTOPEN,All openings pressure small missile rated,333.17919
AL,COM_RESISTOPEN,All openings pressure medium missile rated,319.68274
AL,COM_RESISTOPEN,All openings pressure large missile rated,323.642694
AL,COM_ROOFAGE,0 to 5 years,544.505734
AL,COM_ROOFAGE,6 to 10 years,561.597736
AL,COM_ROOFAGE,11 years or more,557.84898
AL,COM_ROOFANCH,Clips,183.724278
AL,COM_ROOFANCH,Double wraps,178.97333
AL,COM_ROOFANCH,Single wraps,182.61003
AL,COM_ROOFANCH,Structural,167.768762
AL,COM_ROOFANCH,Toenailing no anchorage,174.217795
AL,COM_ROOFEQUIP,No equipment present,243.734229
AL,COM_ROOFEQUIP,Roof mounted photovoltaic array,244.143178
AL,COM_ROOFEQUIP,Roof mounted impact resistant array,235.7764
AL,COM_ROOFEQUIP,Roof mounted mechanically attached array,244.484411
AL,COM_ROOFGEOM,Complex roof,331.375812
AL,COM_ROOFGEOM,Flat roof no parapets,309.691288
AL,COM_ROOFGEOM,Flat roof parapets,302.898365
AL,COM_ROOFGEOM,Gable roof LE6:12,294.132242
AL,COM_ROOFGEOM,Braced gable LE6:12,285.744594
AL,COM_ROOFGEOM,Gable roof GT6:12,303.027596
AL,COM_ROOFGEOM,Braced gable GT6:12,314.302273
AL,COM_ROOFGEOM,Hip roof LE6:12,292.300675
AL,COM_ROOFGEOM,Hip roof GT6:12,306.421854
AL,COM_ROOFMAINT,Excellent condition,177.296585
AL,COM_ROOFMAINT,No deterioration or defects,172.037019
AL,COM_ROOFMAINT,Visible defects,182.531008
AL,COM_ROOFMAINT,Significant signs of distress,172.774566
AL,COM_ROOFSYS,Built up or single ply,330.826616
AL,COM_ROOFSYS,Built up with gutters,344.407937
AL,COM_ROOFSYS,Built up without gutters,310.282744
AL,COM_ROOFSYS,Built up unknown gutters,322.878015
AL,COM_ROOFSYS,High wind shingle,313.2129
AL,COM_ROOFSYS,High wind shingle plus SWR,337.154715
AL,COM_ROOFSYS,Normal shingle,307.832974
AL,COM_ROOFSYS,Normal shingle plus SWR,352.512164
AL,COM_ROOFSYS,Metal concealed fasteners,344.817628
AL,COM_ROOFSYS,Metal exposed fasteners,339.67265
AL,COM_ROOFSYS,Metal unknown fasteners,336.368991
AL,COM_ROOFSYS,Wood shakes,320.215724
AL,COM_ROOFSYS,Concrete roof,330.573436
AL,COM_ROOFSYS,Hail class 1,353.237624
AL,COM_ROOFSYS,Hail class 2,333.985382
AL,COM_ROOFSYS,Hail class 3,350.942951
AL,COM_ROOFSYS,Hail class 4,316.286182
AL,COM_ROOFSYS,Rubber roof,342.301923
AL,COM_ROOFSYS,Green roof,313.16894
AL,COM_ROOFSYS,Bermuda style roof,334.813031
AL,COM_ROOFSYS,Concrete tiles,327.382878
AL,COM_ROOFSYS,Slate tile,313.169921
AL,COM_ROOFSYS,Fabric membrane,332.857605
AL,COM_ROOFSYS,Solar tile,355.768328
AL,COM_TODMGPROVISION,Cosmetic damage Fully covered,374.070893
AL,COM_TODMGPROVISION,Cosmetic damage Mostly covered,377.77826
AL,COM_TODMGPROVISION,Cosmetic damage Default,429.817127
AL,COM_TODMGPROVISION,Cosmetic damage Rarely covered,401.167496
AL,COM_TODMGPROVISION,Cosmetic damage Excluded,426.030572
AL,COM_TOFLASHING,Compliant with ES1,366.664677
AL,COM_TOFLASHING,Not compliant with ES1,385.52518
AL,COM_TREEDENSITY,High tree risk high shielding,221.140986
AL,COM_TREEDENSITY,Some trees some shielding,206.574809
AL,COM_TREEDENSITY,No trees no shielding,238.120066
AL,SFD_Unknown,Unknown,481.763377
AL,SFD_ARCHITECT,Attached screen,533.835564
AL,SFD_ARCHITECT,Detached screen,585.848848
AL,SFD_ARCHITECT,Fences,529.64536
AL,SFD_ARCHITECT,None,521.385859
AL,SFD_ARCHITECT,Skylights,508.581179
AL,SFD_ARCHITECT,Skylights protection,508.747399
AL,SFD_CLADRATE,10d high wind nail,460.7931
AL,SFD_CLADRATE,6d any nail,457.234105
AL,SFD_CLADRATE,8d high wind nail,501.648334
AL,SFD_CLADRATE,8d minimum nail,440.889435
AL,SFD_CLADRATE,Batten decking,504.215212
AL,SFD_CLADRATE,Lumber and groove,470.383611
AL,SFD_CLADSYS,Vinyl siding,538.803042
AL,SFD_CLADSYS,EIFS,548.717071
AL,SFD_CLADSYS,Wood,484.281975
AL,SFD_CLADSYS,Metal sheathing,552.995075
AL,SFD_CLADSYS,Impact rated glazing,529.43067
AL,SFD_CLADSYS,Stucco,525.175763
AL,SFD_CLADSYS,Brick veneer,461.023982
AL,SFD_CLADSYS,Concrete block,495.693221
AL,SFD_CONSTQUALI,Signs of distress,439.657319
AL,SFD_CONSTQUALI,WH Roof existing,451.648097
AL,SFD_CONSTQUALI,Wind Roof existing,470.538682
AL,SFD_CONSTQUALI,Wind Gold existing,444.705128
AL,SFD_CONSTQUALI,Wind Silver existing,428.203189
AL,SFD_CONSTQUALI,WH Gold existing,438.078377
AL,SFD_CONSTQUALI,WH Silver existing,396.060894
AL,SFD_EXTORN,Extensive ornamentation,529.463079
AL,SFD_EXTORN,Extensive ornamentation and LPS,507.903862
AL,SFD_EXTORN,Large signs,576.469509
AL,SFD_EXTORN,Large signs and LPS,503.054023
AL,SFD_EXTORN,Lightning protection,573.387213
AL,SFD_FOUNDSYS,Bolted,510.842911
AL,SFD_FOUNDSYS,Engineered,462.293145
AL,SFD_FOUNDSYS,Unbolted,507.947229
AL,SFD_GARAGING,Attached garage,493.599283
AL,SFD_GARAGING,Detached garage,462.836258
AL,SFD_GARAGING,No garage,516.727404
AL,SFD_MECHGROUND,Generally unprotected,517.606378
AL,SFD_MECHGROUND,Generally protected,471.112658
AL,SFD_RESISTOPEN,Pressure small missile rated,523.723452
AL,SFD_RESISTOPEN,Pressure medium missile rated,490.24944
AL,SFD_RESISTOPEN,All openings pressure small missile rated,517.350469
AL,SFD_RESISTOPEN,All openings pressure medium missile rated,543.49232
AL,SFD_RESISTOPEN,All openings pressure large missile rated,480.021796
AL,SFD_ROOFAGE,0 to 5 years,298.393406
AL,SFD_ROOFAGE,6 to 10 years,322.19312
AL,SFD_ROOFAGE,11 years or more,325.650334
AL,SFD_ROOFANCH,Clips,294.561099
AL,SFD_ROOFANCH,Double wraps,310.272362
AL,SFD_ROOFANCH,Single wraps,285.581013
AL,SFD_ROOFANCH,Structural,289.000971
AL,SFD_ROOFANCH,Toenailing no anchorage,275.327327
AL,SFD_ROOFEQUIP,No equipment present,583.630346
AL,SFD_ROOFEQUIP,Roof mounted photovoltaic array,645.968543
AL,SFD_ROOFEQUIP,Roof mounted impact resistant array,693.514839
AL,SFD_ROOFEQUIP,Roof mounted mechanically attached array,581.858351
AL,SFD_ROOFGEOM,Complex roof,405.604572
AL,SFD_ROOFGEOM,Flat roof no parapets,458.313634
AL,SFD_ROOFGEOM,Flat roof parapets,455.256974
AL,SFD_ROOFGEOM,Gable roof LE6:12,475.839894
AL,SFD_ROOFGEOM,Braced gable LE6:12,431.88951
AL,SFD_ROOFGEOM,Gable roof GT6:12,397.793149
AL,SFD_ROOFGEOM,Braced gable GT6:12,447.746483
AL,SFD_ROOFGEOM,Hip roof LE6:12,457.292633
AL,SFD_ROOFGEOM,Hip roof GT6:12,403.247481
AL,SFD_ROOFMAINT,Excellent condition,426.109726
AL,SFD_ROOFMAINT,No deterioration or defects,411.04688
AL,SFD_ROOFMAINT,Visible defects,441.522534
AL,SFD_ROOFMAINT,Significant signs of distress,411.675426
AL,SFD_ROOFSYS,Built up or single ply,627.49465
AL,SFD_ROOFSYS,Built up with gutters,712.313613
AL,SFD_ROOFSYS,Built up without gutters,660.988464
AL,SFD_ROOFSYS,Built up unknown gutters,633.844844
AL,SFD_ROOFSYS,High wind shingle,629.874638
AL,SFD_ROOFSYS,High wind shingle plus SWR,741.26731
AL,SFD_ROOFSYS,Normal shingle,723.881584
AL,SFD_ROOFSYS,Normal shingle plus SWR,732.472759
AL,SFD_ROOFSYS,Metal concealed fasteners,755.278568
AL,SFD_ROOFSYS,Metal exposed fasteners,634.241357
AL,SFD_ROOFSYS,Metal unknown fasteners,633.613423
AL,SFD_ROOFSYS,Wood shakes,730.023983
AL,SFD_ROOFSYS,Concrete roof,728.059876
AL,SFD_ROOFSYS,Hail class 1,621.267522
AL,SFD_ROOFSYS,Hail class 2,727.300844
AL,SFD_ROOFSYS,Hail class 3,720.457051
AL,SFD_ROOFSYS,Hail class 4,706.782092
AL,SFD_ROOFSYS,Rubber roof,686.2238
AL,SFD_ROOFSYS,Green roof,641.548332
AL,SFD_ROOFSYS,Bermuda style roof,621.100215
AL,SFD_ROOFSYS,Concrete tiles,682.303887
AL,SFD_ROOFSYS,Slate tile,687.791976
AL,SFD_ROOFSYS,Fabric membrane,673.642063
AL,SFD_ROOFSYS,Solar tile,683.98573
AL,SFD_TODMGPROVISION,Cosmetic damage Fully covered,470.698263
AL,SFD_TODMGPROVISION,Cosmetic damage Mostly covered,501.643582
AL,SFD_TODMGPROVISION,Cosmetic damage Default,547.93833
AL,SFD_TODMGPROVISION,Cosmetic damage Rarely covered,551.337524
AL,SFD_TODMGPROVISION,Cosmetic damage Excluded,489.550518
AL,SFD_TOFLASHING,Compliant with ES1,537.496818
AL,SFD_TOFLASHING,Not compliant with ES1,537.183559
AL,SFD_TREEDENSITY,High tree risk high shielding,554.941324
AL,SFD_TREEDENSITY,Some trees some shielding,621.450444
AL,SFD_TREEDENSITY,No trees no shielding,549.777493
AR,COM_Unknown,Unknown,699.732038
AR,COM_ARCHITECT,Attached screen,459.087889
AR,COM_ARCHITECT,Detached screen,489.814369
AR,COM_ARCHITECT,Fences,548.193787
AR,COM_ARCHITECT,None,518.04313
AR,COM_ARCHITECT,Skylights,484.539427
AR,COM_ARCHITECT,Skylights protection,530.248233
AR,COM_CLADRATE,10d high wind nail,400.797168
AR,COM_CLADRATE,6d any nail,415.640629
AR,COM_CLADRATE,8d high wind nail,432.691218
AR,COM_CLADRATE,8d minimum nail,428.036487
AR,COM_CLADRATE,Batten decking,428.241333
AR,COM_CLADRATE,Lumber and groove,456.041679
AR,COM_CLADSYS,Vinyl siding,744.130902
AR,COM_CLADSYS,EIFS,809.63331
AR,COM_CLADSYS,Wood,761.152845
AR,COM_CLADSYS,Metal sheathing,803.25134
AR,COM_CLADSYS,Impact rated glazing,784.533398
AR,COM_CLADSYS,Stucco,883.30218
AR,COM_CLADSYS,Brick veneer,787.449787
AR,COM_CLADSYS,Concrete block,761.824823
AR,COM_CONSTQUALI,Signs of distress,566.937863
AR,COM_CONSTQUALI,WH Roof existing,668.540622
AR,COM_CONSTQUALI,Wind Roof existing,613.223216
AR,COM_CONSTQUALI,Wind Gold existing,570.181863
AR,COM_CONSTQUALI,Wind Silver existing,626.286027
AR,COM_CONSTQUALI,WH Gold existing,670.800855
AR,COM_CONSTQUALI,WH Silver existing,632.017011
AR,COM_EXTORN,Extensive ornamentation,463.44038
AR,COM_EXTORN,Extensive ornamentation and LPS,512.626146
AR,COM_EXTORN,Large signs,446.190836
AR,COM_EXTORN,Large signs and LPS,450.898787
AR,COM_EXTORN,Lightning protection,518.533638
AR,COM_FOUNDSYS,Bolted,675.085785
AR,COM_FOUNDSYS,Engineered,733.476601
AR,COM_FOUNDSYS,Unbolted,651.498545
AR,COM_GARAGING,Attached garage,684.80327
AR,COM_GARAGING,Detached garage,695.488535
AR,COM_GARAGING,No garage,686.929873
AR,COM_MECHGROUND,Generally unprotected,376.777936
AR,COM_MECHGROUND,Generally protected,347.895497
AR,COM_RESISTOPEN,Pressure small missile rated,661.160685
AR,COM_RESISTOPEN,Pressure medium missile rated,638.259984
AR,COM_RESISTOPEN,All openings pressure small missile rated,569.804755
AR,COM_RESISTOPEN,All openings pressure medium missile rated,581.894576
AR,COM_RESISTOPEN,All openings pressure large missile rated,662.068127
AR,COM_ROOFAGE,0 to 5 years,1034.610202
AR,COM_ROOFAGE,6 to 10 years,958.282431
AR,COM_ROOFAGE,11 years or more,1036.256329
AR,COM_ROOFANCH,Clips,396.908768
AR,COM_ROOFANCH,Double wraps,343.486665
AR,COM_ROOFANCH,Single wraps,350.592171
AR,COM_ROOFANCH,Structural,336.864131
AR,COM_ROOFANCH,Toenailing no anchorage,345.333431
AR,COM_ROOFEQUIP,No equipment present,457.622335
AR,COM_ROOFEQUIP,Roof mounted photovoltaic array,498.618825
AR,COM_ROOFEQUIP,Roof mounted impact resistant array,504.31535
AR,COM_ROOFEQUIP,Roof mounted mechanically attached array,439.409767
AR,COM_ROOFGEOM,Complex roof,588.92111
AR,COM_ROOFGEOM,Flat roof no parapets,567.998111
AR,COM_ROOFGEOM,Flat roof parapets,570.078894
AR,COM_ROOFGEOM,Gable roof LE6:12,677.890098
AR,COM_ROOFGEOM,Braced gable LE6:12,677.250351
AR,COM_ROOFGEOM,Gable roof GT6:12,572.443399
AR,COM_ROOFGEOM,Braced gable GT6:12,667.28246
AR,COM_ROOFGEOM,Hip roof LE6:12,626.666637
AR,COM_ROOFGEOM,Hip roof GT6:12,604.340438
AR,COM_ROOFMAINT,Excellent condition,357.646794
AR,COM_ROOFMAINT,No deterioration or defects,314.782832
AR,COM_ROOFMAINT,Visible defects,332.4237
AR,COM_ROOFMAINT,Significant signs of distress,355.880415
AR,COM_ROOFSYS,Built up or single ply,662.827945
AR,COM_ROOFSYS,Built up with gutters,586.196682
AR,COM_ROOFSYS,Built up without gutters,621.351889
AR,COM_ROOFSYS,Built up unknown gutters,593.765067
AR,COM_ROOFSYS,High wind shingle,583.318795
AR,COM_ROOFSYS,High wind shingle plus SWR,677.628736
AR,COM_ROOFSYS,Normal shingle,599.443554
AR,COM_ROOFSYS,Normal shingle plus SWR,618.928548
AR,COM_ROOFSYS,Metal concealed fasteners,562.926267
AR,COM_ROOFSYS,Metal exposed fasteners,627.507107
AR,COM_ROOFSYS,Metal unknown fasteners,639.539023
AR,COM_ROOFSYS,Wood shakes,633.574497
AR,COM_ROOFSYS,Concrete roof,599.46989
AR,COM_ROOFSYS,Hail class 1,670.23075
AR,COM_ROOFSYS,Hail class 2,637.303318
AR,COM_ROOFSYS,Hail class 3,597.103748
AR,COM_ROOFSYS,Hail class 4,607.70833
AR,COM_ROOFSYS,Rubber roof,579.396677
AR,COM_ROOFSYS,Green roof,666.679831
AR,COM_ROOFSYS,Bermuda style roof,677.937047
AR,COM_ROOFSYS,Concrete tiles,629.519275
AR,COM_ROOFSYS,Slate tile,600.41598
AR,COM_ROOFSYS,Fabric membrane,683.347016
AR,COM_ROOFSYS,Solar tile,588.639297
AR,COM_TODMGPROVISION,Cosmetic damage Fully covered,710.798042
AR,COM_TODMGPROVISION,Cosmetic damage Mostly covered,769.235168
AR,COM_TODMGPROVISION,Cosmetic damage Default,709.451047
AR,COM_TODMGPROVISION,Cosmetic damage Rarely covered,718.971167
AR,COM_TODMGPROVISION,Cosmetic damage Excluded,737.762642
AR,COM_TOFLASHING,Compliant with ES1,816.933175
AR,COM_TOFLASHING,Not compliant with ES1,728.522895
AR,COM_TREEDENSITY,High tree risk high shielding,431.144826
AR,COM_TREEDENSITY,Some trees some shielding,435.434724
AR,COM_TREEDENSITY,No trees no shielding,384.666939
AR,SFD_Unknown,Unknown,552.999617
AR,SFD_ARCHITECT,Attached screen,648.671718
AR,SFD_ARCHITECT,Detached screen,626.202299
AR,SFD_ARCHITECT,Fences,612.093308
AR,SFD_ARCHITECT,None,588.549863
AR,SFD_ARCHITECT,Skylights,611.588328
AR,SFD_ARCHITECT,Skylights protection,695.962294
AR,SFD_CLADRATE,10d high wind nail,569.60538
AR,SFD_CLADRATE,6d any nail,505.279564
AR,SFD_CLADRATE,8d high wind nail,502.004722
AR,SFD_CLADRATE,8d minimum nail,594.268428
AR,SFD_CLADRATE,Batten decking,535.805137
AR,SFD_CLADRATE,Lumber and groove,538.832164
AR,SFD_CLADSYS,Vinyl siding,588.054163
AR,SFD_CLADSYS,EIFS,551.722886
AR,SFD_CLADSYS,Wood,547.018267
AR,SFD_CLADSYS,Metal sheathing,600.344044
AR,SFD_CLADSYS,Impact rated glazing,553.119244
AR,SFD_CLADSYS,Stucco,614.127955
AR,SFD_CLADSYS,Brick veneer,531.269516
AR,SFD_CLADSYS,Concrete block,615.473153
AR,SFD_CONSTQUALI,Signs of distress,521.724758
AR,SFD_CONSTQUALI,WH Roof existing,512.443322
AR,SFD_CONSTQUALI,Wind Roof existing,490.817674
AR,SFD_CONSTQUALI,Wind Gold existing,508.945297
AR,SFD_CONSTQUALI,Wind Silver existing,446.73793
AR,SFD_CONSTQUALI,WH Gold existing,468.256378
AR,SFD_CONSTQUALI,WH Silver existing,516.660761
AR,SFD_EXTORN,Extensive ornamentation,631.965253
AR,SFD_EXTORN,Extensive ornamentation and LPS,571.768462
AR,SFD_EXTORN,Large signs,616.957849
AR,SFD_EXTORN,Large signs and LPS,646.087409
AR,SFD_EXTORN,Lightning protection,548.936535
AR,SFD_FOUNDSYS,Bolted,627.724488
AR,SFD_FOUNDSYS,Engineered,597.506369
AR,SFD_FOUNDSYS,Unbolted,646.656887
AR,SFD_GARAGING,Attached garage,453.96278
AR,SFD_GARAGING,Detached garage,492.629538
AR,SFD_GARAGING,No garage,516.646261
AR,SFD_MECHGROUND,Generally unprotected,613.344242
AR,SFD_MECHGROUND,Generally protected,530.732863
AR,SFD_RESISTOPEN,Pressure small missile rated,592.122235
AR,SFD_RESISTOPEN,Pressure medium missile rated,603.608003
AR,SFD_RESISTOPEN,All openings pressure small missile rated,554.135753
AR,SFD_RESISTOPEN,All openings pressure medium missile rated,555.601166
AR,SFD_RESISTOPEN,All openings pressure large missile rated,546.542775
AR,SFD_ROOFAGE,0 to 5 years,322.998814
AR,SFD_ROOFAGE,6 to 10 years,310.555363
AR,SFD_ROOFAGE,11 years or more,334.324256
AR,SFD_ROOFANCH,Clips,357.562161
AR,SFD_ROOFANCH,Double wraps,317.917749
AR,SFD_ROOFANCH,Single wraps,326.020632
AR,SFD_ROOFANCH,Structural,300.923635
AR,SFD_ROOFANCH,Toenailing no anchorage,351.98513
AR,SFD_ROOFEQUIP,No equipment present,775.268988
AR,SFD_ROOFEQUIP,Roof mounted photovoltaic array,691.735563
AR,SFD_ROOFEQUIP,Roof mounted impact resistant array,733.641497
AR,SFD_ROOFEQUIP,Roof mounted mechanically attached array,780.34852
AR,SFD_ROOFGEOM,Complex roof,562.312312
AR,SFD_ROOFGEOM,Flat roof no parapets,507.939823
AR,SFD_ROOFGEOM,Flat roof parapets,514.66086
AR,SFD_ROOFGEOM,Gable roof LE6:12,509.100429
AR,SFD_ROOFGEOM,Braced gable LE6:12,480.033843
AR,SFD_ROOFGEOM,Gable roof GT6:12,530.96755
AR,SFD_ROOFGEOM,Braced gable GT6:12,547.916906
AR,SFD_ROOFGEOM,Hip roof LE6:12,571.638414
AR,SFD_ROOFGEOM,Hip roof GT6:12,478.780877
AR,SFD_ROOFMAINT,Excellent condition,527.371583
AR,SFD_ROOFMAINT,No deterioration or defects,597.233842
AR,SFD_ROOFMAINT,Visible defects,569.614998
AR,SFD_ROOFMAINT,Significant signs of distress,543.19962
AR,SFD_ROOFSYS,Built up or single ply,703.587422
AR,SFD_ROOFSYS,Built up with gutters,812.009571
AR,SFD_ROOFSYS,Built up without gutters,751.514187
AR,SFD_ROOFSYS,Built up unknown gutters,825.992843
AR,SFD_ROOFSYS,High wind shingle,780.470143
AR,SFD_ROOFSYS,High wind shingle plus SWR,740.017768
AR,SFD_ROOFSYS,Normal shingle,821.606156
AR,SFD_ROOFSYS,Normal shingle plus SWR,711.669573
AR,SFD_ROOFSYS,Metal concealed fasteners,826.435648
AR,SFD_ROOFSYS,Metal exposed fasteners,740.375755
AR,SFD_ROOFSYS,Metal unknown fasteners,814.191617
AR,SFD_ROOFSYS,Wood shakes,846.901575
AR,SFD_ROOFSYS,Concrete roof,710.09204
AR,SFD_ROOFSYS,Hail class 1,829.885308
AR,SFD_ROOFSYS,Hail class 2,821.806097
AR,SFD_ROOFSYS,Hail class 3,757.164293
AR,SFD_ROOFSYS,Hail class 4,748.240425
AR,SFD_ROOFSYS,Rubber roof,729.229271
AR,SFD_ROOFSYS,Green roof,785.715279
AR,SFD_ROOFSYS,Bermuda style roof,835.107067
AR,SFD_ROOFSYS,Concrete tiles,779.566956
AR,SFD_ROOFSYS,Slate tile,788.439423
AR,SFD_ROOFSYS,Fabric membrane,800.649171
AR,SFD_ROOFSYS,Solar tile,779.594601
AR,SFD_TODMGPROVISION,Cosmetic damage Fully covered,551.761163
AR,SFD_TODMGPROVISION,Cosmetic damage Mostly covered,555.615719
AR,SFD_TODMGPROVISION,Cosmetic damage Default,663.330026
AR,SFD_TODMGPROVISION,Cosmetic damage Rarely covered,643.774093
AR,SFD_TODMGPROVISION,Cosmetic damage Excluded,574.35375
AR,SFD_TOFLASHING,Compliant with ES1,624.871824
AR,SFD_TOFLASHING,Not compliant with ES1,593.528255
AR,SFD_TREEDENSITY,High tree risk high shielding,755.125833
AR,SFD_TREEDENSITY,Some trees some shielding,805.713079
AR,SFD_TREEDENSITY,No trees no shielding,756.067016
AZ,COM_Unknown,Unknown,514.357615
AZ,COM_ARCHITECT,Attached screen,354.186654
AZ,COM_ARCHITECT,Detached screen,392.035064
AZ,COM_ARCHITECT,Fences,374.730441
AZ,COM_ARCHITECT,None,353.455885
AZ,COM_ARCHITECT,Skylights,325.044393
AZ,COM_ARCHITECT,Skylights protection,364.493315
AZ,COM_CLADRATE,10d high wind nail,324.743855
AZ,COM_CLADRATE,6d any nail,320.769813
AZ,COM_CLADRATE,8d high wind nail,323.260167
AZ,COM_CLADRATE,8d minimum nail,293.90502
AZ,COM_CLADRATE,Batten decking,324.458631
AZ,COM_CLADRATE,Lumber and groove,280.830086
AZ,COM_CLADSYS,Vinyl siding,627.361314
AZ,COM_CLADSYS,EIFS,665.085089
AZ,COM_CLADSYS,Wood,617.165908
AZ,COM_CLADSYS,Metal sheathing,610.348
AZ,COM_CLADSYS,Impact rated glazing,553.787809
AZ,COM_CLADSYS,Stucco,664.071842
AZ,COM_CLADSYS,Brick veneer,561.007054
AZ,COM_CLADSYS,Concrete block,557.13681
AZ,COM_CONSTQUALI,Signs of distress,445.607
AZ,COM_CONSTQUALI,WH Roof existing,430.403777
AZ,COM_CONSTQUALI,Wind Roof existing,479.947162
AZ,COM_CONSTQUALI,Wind Gold existing,403.220614
AZ,COM_CONSTQUALI,Wind Silver existing,421.482928
AZ,COM_CONSTQUALI,WH Gold existing,461.454748
AZ,COM_CONSTQUALI,WH Silver existing,420.467639
AZ,COM_EXTORN,Extensive ornamentation,332.338754
AZ,COM_EXTORN,Extensive ornamentation and LPS,376.952632
AZ,COM_EXTORN,Large signs,330.369049
AZ,COM_EXTORN,Large signs and LPS,378.466279
AZ,COM_EXTORN,Lightning protection,343.503072
AZ,COM_FOUNDSYS,Bolted,577.063484
AZ,COM_FOUNDSYS,Engineered,517.091836
AZ,COM_FOUNDSYS,Unbolted,508.695312
AZ,COM_GARAGING,Attached garage,543.411876
AZ,COM_GARAGING,Detached garage,564.563317
AZ,COM_GARAGING,No garage,576.328802
AZ,COM_MECHGROUND,Generally unprotected,293.195943
AZ,COM_MECHGROUND,Generally protected,243.160421
AZ,COM_RESISTOPEN,Pressure small missile rated,462.532384
AZ,COM_RESISTOPEN,Pressure medium missile rated,454.765908
AZ,COM_RESISTOPEN,All openings pressure small missile rated,420.405402
AZ,COM_RESISTOPEN,All openings pressure medium missile rated,391.551905
AZ,COM_RESISTOPEN,All openings pressure large missile rated,419.336001
AZ,COM_ROOFAGE,0 to 5 years,790.543356
AZ,COM_ROOFAGE,6 to 10 years,718.430564
AZ,COM_ROOFAGE,11 years or more,709.872177
AZ,COM_ROOFANCH,Clips,287.395469
AZ,COM_ROOFANCH,Double wraps,266.590885
AZ,COM_ROOFANCH,Single wraps,281.200926
AZ,COM_ROOFANCH,Structural,247.564505
AZ,COM_ROOFANCH,Toenailing no anchorage,253.796773
AZ,COM_ROOFEQUIP,No equipment present,389.501065
AZ,COM_ROOFEQUIP,Roof mounted photovoltaic array,394.463819
AZ,COM_ROOFEQUIP,Roof mounted impact resistant array,364.711677
AZ,COM_ROOFEQUIP,Roof mounted mechanically attached array,377.768723
AZ,COM_ROOFGEOM,Complex roof,511.933633
AZ,COM_ROOFGEOM,Flat roof no parapets,464.124762
AZ,COM_ROOFGEOM,Flat roof parapets,436.110254
AZ,COM_ROOFGEOM,Gable roof LE6:12,486.97876
AZ,COM_ROOFGEOM,Braced gable LE6:12,498.36933
AZ,COM_ROOFGEOM,Gable roof GT6:12,435.640577
AZ,COM_ROOFGEOM,Braced gable GT6:12,456.080187
AZ,COM_ROOFGEOM,Hip roof LE6:12,485.916447
AZ,COM_ROOFGEOM,Hip roof GT6:12,499.062482
AZ,COM_ROOFMAINT,Excellent condition,266.402865
AZ,COM_ROOFMAINT,No deterioration or defects,271.294781
AZ,COM_ROOFMAINT,Visible defects,280.369898
AZ,COM_ROOFMAINT,Significant signs of distress,286.839009
AZ,COM_ROOFSYS,Built up or single ply,420.592379
AZ,COM_ROOFSYS,Built up with gutters,461.810489
AZ,COM_ROOFSYS,Built up without gutters,447.746055
AZ,COM_ROOFSYS,Built up unknown gutters,493.439763
AZ,COM_ROOFSYS,High wind shingle,489.82857
AZ,COM_ROOFSYS,High wind shingle plus SWR,426.218484
AZ,COM_ROOFSYS,Normal shingle,481.174785
AZ,COM_ROOFSYS,Normal shingle plus SWR,437.105119
AZ,COM_ROOFSYS,Metal concealed fasteners,422.306964
AZ,COM_ROOFSYS,Metal exposed fasteners,501.75583
AZ,COM_ROOFSYS,Metal unknown fasteners,429.895737
AZ,COM_ROOFSYS,Wood shakes,475.116658
AZ,COM_ROOFSYS,Concrete roof,431.404972
AZ,COM_ROOFSYS,Hail class 1,417.240825
AZ,COM_ROOFSYS,Hail class 2,463.509476
AZ,COM_ROOFSYS,Hail class 3,423.352
AZ,COM_ROOFSYS,Hail class 4,441.511321
AZ,COM_ROOFSYS,Rubber roof,454.197501
AZ,COM_ROOFSYS,Green roof,469.598533
AZ,COM_ROOFSYS,Bermuda style roof,489.852502
AZ,COM_ROOFSYS,Concrete tiles,434.033681
AZ,COM_ROOFSYS,Slate tile,457.796585
AZ,COM_ROOFSYS,Fabric membrane,456.755202
AZ,COM_ROOFSYS,Solar tile,483.118911
AZ,COM_TODMGPROVISION,Cosmetic damage Fully covered,579.705741
AZ,COM_TODMGPROVISION,Cosmetic damage Mostly covered,585.723745
AZ,COM_TODMGPROVISION,Cosmetic damage Default,592.908975
AZ,COM_TODMGPROVISION,Cosmetic damage Rarely covered,549.193322
AZ,COM_TODMGPROVISION,Cosmetic damage Excluded,546.118111
AZ,COM_TOFLASHING,Compliant with ES1,525.956563
AZ,COM_TOFLASHING,Not compliant with ES1,502.142375
AZ,COM_TREEDENSITY,High tree risk high shielding,310.079922
AZ,COM_TREEDENSITY,Some trees some shielding,304.328601
AZ,COM_TREEDENSITY,No trees no shielding,280.206201
AZ,SFD_Unknown,Unknown,512.363768
AZ,SFD_ARCHITECT,Attached screen,515.398375
AZ,SFD_ARCHITECT,Detached screen,507.805568
AZ,SFD_ARCHITECT,Fences,544.519845
AZ,SFD_ARCHITECT,None,536.47111
AZ,SFD_ARCHITECT,Skylights,590.515492
AZ,SFD_ARCHITECT,Skylights protection,525.905879
AZ,SFD_CLADRATE,10d high wind nail,554.013941
AZ,SFD_CLADRATE,6d any nail,499.483321
AZ,SFD_CLADRATE,8d high wind nail,530.188502
AZ,SFD_CLADRATE,8d minimum nail,521.369301
AZ,SFD_CLADRATE,Batten decking,503.80771
AZ,SFD_CLADRATE,Lumber and groove,484.118902
AZ,SFD_CLADSYS,Vinyl siding,581.180823
AZ,SFD_CLADSYS,EIFS,568.728523
AZ,SFD_CLADSYS,Wood,584.448509
AZ,SFD_CLADSYS,Metal sheathing,592.348158
AZ,SFD_CLADSYS,Impact rated glazing,564.875017
AZ,SFD_CLADSYS,Stucco,553.27963
AZ,SFD_CLADSYS,Brick veneer,510.504929
AZ,SFD_CLADSYS,Concrete block,510.148198
AZ,SFD_CONSTQUALI,Signs of distress,451.362136
AZ,SFD_CONSTQUALI,WH Roof existing,481.804583
AZ,SFD_CONSTQUALI,Wind Roof existing,511.114004
AZ,SFD_CONSTQUALI,Wind Gold existing,513.529026
AZ,SFD_CONSTQUALI,Wind Silver existing,526.210153
AZ,SFD_CONSTQUALI,WH Gold existing,500.337411
AZ,SFD_CONSTQUALI,WH Silver existing,514.867494
AZ,SFD_EXTORN,Extensive ornamentation,593.768877
AZ,SFD_EXTORN,Extensive ornamentation and LPS,614.724668
AZ,SFD_EXTORN,Large signs,525.258378
AZ,SFD_EXTORN,Large signs and LPS,571.022229
AZ,SFD_EXTORN,Lightning protection,624.207984
AZ,SFD_FOUNDSYS,Bolted,599.528985
AZ,SFD_FOUNDSYS,Engineered,516.387726
AZ,SFD_FOUNDSYS,Unbolted,532.25745
AZ,SFD_GARAGING,Attached garage,552.823918
AZ,SFD_GARAGING,Detached garage,485.689169
AZ,SFD_GARAGING,No garage,453.339949
AZ,SFD_MECHGROUND,Generally unprotected,508.483569
AZ,SFD_MECHGROUND,Generally protected,497.655255
AZ,SFD_RESISTOPEN,Pressure small missile rated,556.246225
AZ,SFD_RESISTOPEN,Pressure medium missile rated,580.082141
AZ,SFD_RESISTOPEN,All openings pressure small missile rated,610.943341
AZ,SFD_RESISTOPEN,All openings pressure medium missile rated,527.126815
AZ,SFD_RESISTOPEN,All openings pressure large missile rated,599.359841
AZ,SFD_ROOFAGE,0 to 5 years,281.171138
AZ,SFD_ROOFAGE,6 to 10 years,279.501995
AZ,SFD_ROOFAGE,11 years or more,274.207206
AZ,SFD_ROOFANCH,Clips,301.737655
AZ,SFD_ROOFANCH,Double wraps,297.704461
AZ,SFD_ROOFANCH,Single wraps,297.970275
AZ,SFD_ROOFANCH,Structural,321.481893
AZ,SFD_ROOFANCH,Toenailing no anchorage,270.669586
AZ,SFD_ROOFEQUIP,No equipment present,724.274787
AZ,SFD_ROOFEQUIP,Roof mounted photovoltaic array,684.196512
AZ,SFD_ROOFEQUIP,Roof mounted impact resistant array,733.181203
AZ,SFD_ROOFEQUIP,Roof mounted mechanically attached array,719.721043
AZ,SFD_ROOFGEOM,Complex roof,417.858616
AZ,SFD_ROOFGEOM,Flat roof no parapets,417.998657
AZ,SFD_ROOFGEOM,Flat roof parapets,441.983743
AZ,SFD_ROOFGEOM,Gable roof LE6:12,466.342479
AZ,SFD_ROOFGEOM,Braced gable LE6:12,463.68079
AZ,SFD_ROOFGEOM,Gable roof GT6:12,487.304549
AZ,SFD_ROOFGEOM,Braced gable GT6:12,478.048511
AZ,SFD_ROOFGEOM,Hip roof LE6:12,465.70183
AZ,SFD_ROOFGEOM,Hip roof GT6:12,477.543388
AZ,SFD_ROOFMAINT,Excellent condition,482.949142
AZ,SFD_ROOFMAINT,No deterioration or defects,491.159808
AZ,SFD_ROOFMAINT,Visible defects,498.857498
AZ,SFD_ROOFMAINT,Significant signs of distress,522.045249
AZ,SFD_ROOFSYS,Built up or single ply,666.512399
AZ,SFD_ROOFSYS,Built up with gutters,745.038646
AZ,SFD_ROOFSYS,Built up without gutters,632.432776
AZ,SFD_ROOFSYS,Built up unknown gutters,721.919634
AZ,SFD_ROOFSYS,High wind shingle,743.953532
AZ,SFD_ROOFSYS,High wind shingle plus SWR,694.883809
AZ,SFD_ROOFSYS,Normal shingle,658.755363
AZ,SFD_ROOFSYS,Normal shingle plus SWR,632.893646
AZ,SFD_ROOFSYS,Metal concealed fasteners,669.920241
AZ,SFD_ROOFSYS,Metal exposed fasteners,758.457056
AZ,SFD_ROOFSYS,Metal unknown fasteners,761.037486
AZ,SFD_ROOFSYS,Wood shakes,706.251365
AZ,SFD_ROOFSYS,Concrete roof,660.997068
AZ,SFD_ROOFSYS,Hail class 1,698.813704
AZ,SFD_ROOFSYS,Hail class 2,742.472991
AZ,SFD_ROOFSYS,Hail class 3,687.357287
AZ,SFD_ROOFSYS,Hail class 4,644.790717
AZ,SFD_ROOFSYS,Rubber roof,669.560637
AZ,SFD_ROOFSYS,Green roof,680.891547
AZ,SFD_ROOFSYS,Bermuda style roof,666.574535
AZ,SFD_ROOFSYS,Concrete tiles,696.188164
AZ,SFD_ROOFSYS,Slate tile,681.5049
AZ,SFD_ROOFSYS,Fabric membrane,647.25022
AZ,SFD_ROOFSYS,Solar tile,636.846873
AZ,SFD_TODMGPROVISION,Cosmetic damage Fully covered,582.390569
AZ,SFD_TODMGPROVISION,Cosmetic damage Mostly covered,531.256785
AZ,SFD_TODMGPROVISION,Cosmetic damage Default,530.1201
AZ,SFD_TODMGPROVISION,Cosmetic damage Rarely covered,558.977519
AZ,SFD_TODMGPROVISION,Cosmetic damage Excluded,550.335055
AZ,SFD_TOFLASHING,Compliant with ES1,587.663401
AZ,SFD_TOFLASHING,Not compliant with ES1,550.125685
AZ,SFD_TREEDENSITY,High tree risk high shielding,676.469602
AZ,SFD_TREEDENSITY,Some trees some shielding,594.901122
AZ,SFD_TREEDENSITY,No trees no shielding,614.880616
CA,COM_Unknown,Unknown,515.455731
CA,COM_ARCHITECT,Attached screen,349.777102
CA,COM_ARCHITECT,Detached screen,358.556331
CA,COM_ARCHITECT,Fences,332.473372
CA,COM_ARCHITECT,None,352.811501
CA,COM_ARCHITECT,Skylights,379.447088
CA,COM_ARCHITECT,Skylights protection,362.321326
CA,COM_CLADRATE,10d high wind nail,305.119111
CA,COM_CLADRATE,6d any nail,280.614774
CA,COM_CLADRATE,8d high wind nail,298.240861
CA,COM_CLADRATE,8d minimum nail,322.545819
CA,COM_CLADRATE,Batten decking,277.568617
CA,COM_CLADRATE,Lumber and groove,324.884965
CA,COM_CLADSYS,Vinyl siding,626.449107
CA,COM_CLADSYS,EIFS,619.929489
CA,COM_CLADSYS,Wood,608.598585
CA,COM_CLADSYS,Metal sheathing,624.405988
CA,COM_CLADSYS,Impact rated glazing,618.815423
CA,COM_CLADSYS,Stucco,574.674798
CA,COM_CLADSYS,Brick veneer,551.623179
CA,COM_CLADSYS,Concrete block,655.436429
CA,COM_CONSTQUALI,Signs of distress,447.113147
CA,COM_CONSTQUALI,WH Roof existing,404.017732
CA,COM_CONSTQUALI,Wind Roof existing,441.650567
CA,COM_CONSTQUALI,Wind Gold existing,416.508141
CA,COM_CONSTQUALI,Wind Silver existing,472.092441
CA,COM_CONSTQUALI,WH Gold existing,394.332619
CA,COM_CONSTQUALI,WH Silver existing,414.188822
CA,COM_EXTORN,Extensive ornamentation,346.052007
CA,COM_EXTORN,Extensive ornamentation and LPS,374.744811
CA,COM_EXTORN,Large signs,393.770754
CA,COM_EXTORN,Large signs and LPS,373.937058
CA,COM_EXTORN,Lightning protection,358.829835
CA,COM_FOUNDSYS,Bolted,608.17698
CA,COM_FOUNDSYS,Engineered,515.686941
CA,COM_FOUNDSYS,Unbolted,510.66016
CA,COM_GARAGING,Attached garage,512.764513
CA,COM_GARAGING,Detached garage,472.978783
CA,COM_GARAGING,No garage,535.983621
CA,COM_MECHGROUND,Generally unprotected,254.765664
CA,COM_MECHGROUND,Generally protected,237.486813
CA,COM_RESISTOPEN,Pressure small missile rated,418.533002
CA,COM_RESISTOPEN,Pressure medium missile rated,454.218692
CA,COM_RESISTOPEN,All openings pressure small missile rated,457.878561
CA,COM_RESISTOPEN,All openings pressure medium missile rated,420.926864
CA,COM_RESISTOPEN,All openings pressure large missile rated,423.568435
CA,COM_ROOFAGE,0 to 5 years,690.258523
CA,COM_ROOFAGE,6 to 10 years,736.06085
CA,COM_ROOFAGE,11 years or more,710.326216
CA,COM_ROOFANCH,Clips,272.380626
CA,COM_ROOFANCH,Double wraps,282.792628
CA,COM_ROOFANCH,Single wraps,269.162917
CA,COM_ROOFANCH,Structural,241.650248
CA,COM_ROOFANCH,Toenailing no anchorage,284.332097
CA,COM_ROOFEQUIP,No equipment present,328.674612
CA,COM_ROOFEQUIP,Roof mounted photovoltaic array,370.867149
CA,COM_ROOFEQUIP,Roof mounted impact resistant array,384.814028
CA,COM_ROOFEQUIP,Roof mounted mechanically attached array,347.919536
CA,COM_ROOFGEOM,Complex roof,429.818988
CA,COM_ROOFGEOM,Flat roof no parapets,426.518614
CA,COM_ROOFGEOM,Flat roof parapets,457.474098
CA,COM_ROOFGEOM,Gable roof LE6:12,474.722734
CA,COM_ROOFGEOM,Braced gable LE6:12,466.861645
CA,COM_ROOFGEOM,Gable roof GT6:12,455.746348
CA,COM_ROOFGEOM,Braced gable GT6:12,479.672888
CA,COM_ROOFGEOM,Hip roof LE6:12,474.950012
CA,COM_ROOFGEOM,Hip roof GT6:12,408.202792
CA,COM_ROOFMAINT,Excellent condition,242.843412
CA,COM_ROOFMAINT,No deterioration or defects,282.705937
CA,COM_ROOFMAINT,Visible defects,289.41866
CA,COM_ROOFMAINT,Significant signs of distress,269.082411
CA,COM_ROOFSYS,Built up or single ply,462.888118
CA,COM_ROOFSYS,Built up with gutters,470.606083
CA,COM_ROOFSYS,Built up without gutters,456.309491
CA,COM_ROOFSYS,Built up unknown gutters,479.204208
CA,COM_ROOFSYS,High wind shingle,492.007725
CA,COM_ROOFSYS,High wind shingle plus SWR,484.460309
CA,COM_ROOFSYS,Normal shingle,416.255595
CA,COM_ROOFSYS,Normal shingle plus SWR,410.106093
CA,COM_ROOFSYS,Metal concealed fasteners,414.504297
CA,COM_ROOFSYS,Metal exposed fasteners,488.656678
CA,COM_ROOFSYS,Metal unknown fasteners,462.221799
CA,COM_ROOFSYS,Wood shakes,438.328509
CA,COM_ROOFSYS,Concrete roof,497.116277
CA,COM_ROOFSYS,Hail class 1,463.582956
CA,COM_ROOFSYS,Hail class 2,458.139235
CA,COM_ROOFSYS,Hail class 3,444.710986
CA,COM_ROOFSYS,Hail class 4,438.848497
CA,COM_ROOFSYS,Rubber roof,483.359602
CA,COM_ROOFSYS,Green roof,413.568323
CA,COM_ROOFSYS,Bermuda style roof,442.872207
CA,COM_ROOFSYS,Concrete tiles,487.749469
CA,COM_ROOFSYS,Slate tile,473.303424
CA,COM_ROOFSYS,Fabric membrane,472.077803
CA,COM_ROOFSYS,Solar tile,441.440113
CA,COM_TODMGPROVISION,Cosmetic damage Fully covered,527.562683
CA,COM_TODMGPROVISION,Cosmetic damage Mostly covered,601.247832
CA,COM_TODMGPROVISION,Cosmetic damage Default,612.84416
CA,COM_TODMGPROVISION,Cosmetic damage Rarely covered,535.168227
CA,COM_TODMGPROVISION,Cosmetic damage Excluded,599.619994
CA,COM_TOFLASHING,Compliant with ES1,607.163582
CA,COM_TOFLASHING,Not compliant with ES1,518.277226
CA,COM_TREEDENSITY,High tree risk high shielding,348.171013
CA,COM_TREEDENSITY,Some trees some shielding,347.947763
CA,COM_TREEDENSITY,No trees no shielding,293.127282
CA,SFD_Unknown,Unknown,470.600889
CA,SFD_ARCHITECT,Attached screen,516.561586
CA,SFD_ARCHITECT,Detached screen,519.560544
CA,SFD_ARCHITECT,Fences,485.262098
CA,SFD_ARCHITECT,None,492.53992
CA,SFD_ARCHITECT,Skylights,518.278063
CA,SFD_ARCHITECT,Skylights protection,511.558237
CA,SFD_CLADRATE,10d high wind nail,480.375606
CA,SFD_CLADRATE,6d any nail,505.996832
CA,SFD_CLADRATE,8d high wind nail,465.558689
CA,SFD_CLADRATE,8d minimum nail,545.62431
CA,SFD_CLADRATE,Batten decking,454.368627
CA,SFD_CLADRATE,Lumber and groove,487.185713
CA,SFD_CLADSYS,Vinyl siding,530.896003
CA,SFD_CLADSYS,EIFS,470.622914
CA,SFD_CLADSYS,Wood,506.599435
CA,SFD_CLADSYS,Metal sheathing,508.246077
CA,SFD_CLADSYS,Impact rated glazing,516.732789
CA,SFD_CLADSYS,Stucco,510.690862
CA,SFD_CLADSYS,Brick veneer,528.608942
CA,SFD_CLADSYS,Concrete block,478.74462
CA,SFD_CONSTQUALI,Signs of distress,454.890114
CA,SFD_CONSTQUALI,WH Roof existing,452.991147
CA,SFD_CONSTQUALI,Wind Roof existing,414.276111
CA,SFD_CONSTQUALI,Wind Gold existing,472.171112
CA,SFD_CONSTQUALI,Wind Silver existing,446.717898
CA,SFD_CONSTQUALI,WH Gold existing,473.960416
CA,SFD_CONSTQUALI,WH Silver existing,407.923005
CA,SFD_EXTORN,Extensive ornamentation,493.917302
CA,SFD_EXTORN,Extensive ornamentation and LPS,495.309344
CA,SFD_EXTORN,Large signs,532.629181
CA,SFD_EXTORN,Large signs and LPS,564.204175
CA,SFD_EXTORN,Lightning protection,466.742268
CA,SFD_FOUNDSYS,Bolted,504.954306
CA,SFD_FOUNDSYS,Engineered,508.940428
CA,SFD_FOUNDSYS,Unbolted,534.995354
CA,SFD_GARAGING,Attached garage,435.671059
CA,SFD_GARAGING,Detached garage,459.044946
CA,SFD_GARAGING,No garage,446.736241
CA,SFD_MECHGROUND,Generally unprotected,459.928184
CA,SFD_MECHGROUND,Generally protected,463.689772
CA,SFD_RESISTOPEN,Pressure small missile rated,480.561848
CA,SFD_RESISTOPEN,Pressure medium missile rated,494.868088
CA,SFD_RESISTOPEN,All openings pressure small missile rated,531.363552
CA,SFD_RESISTOPEN,All openings pressure medium missile rated,513.346801
CA,SFD_RESISTOPEN,All openings pressure large missile rated,530.663403
CA,SFD_ROOFAGE,0 to 5 years,279.026799
CA,SFD_ROOFAGE,6 to 10 years,265.42766
CA,SFD_ROOFAGE,11 years or more,282.687712
CA,SFD_ROOFANCH,Clips,268.980413
CA,SFD_ROOFANCH,Double wraps,287.025286
CA,SFD_ROOFANCH,Single wraps,262.5885
CA,SFD_ROOFANCH,Structural,301.650959
CA,SFD_ROOFANCH,Toenailing no anchorage,301.330282
CA,SFD_ROOFEQUIP,No equipment present,692.271406
CA,SFD_ROOFEQUIP,Roof mounted photovoltaic array,629.486569
CA,SFD_ROOFEQUIP,Roof mounted impact resistant array,599.324671
CA,SFD_ROOFEQUIP,Roof mounted mechanically attached array,648.538014
CA,SFD_ROOFGEOM,Complex roof,413.904195
CA,SFD_ROOFGEOM,Flat roof no parapets,400.583665
CA,SFD_ROOFGEOM,Flat roof parapets,428.10276
CA,SFD_ROOFGEOM,Gable roof LE6:12,386.394853
CA,SFD_ROOFGEOM,Braced gable LE6:12,450.904848
CA,SFD_ROOFGEOM,Gable roof GT6:12,432.605865
CA,SFD_ROOFGEOM,Braced gable GT6:12,439.59963
CA,SFD_ROOFGEOM,Hip roof LE6:12,424.805366
CA,SFD_ROOFGEOM,Hip roof GT6:12,408.627887
CA,SFD_ROOFMAINT,Excellent condition,470.694485
CA,SFD_ROOFMAINT,No deterioration or defects,452.27017
CA,SFD_ROOFMAINT,Visible defects,435.301333
CA,SFD_ROOFMAINT,Significant signs of distress,472.339641
CA,SFD_ROOFSYS,Built up or single ply,683.557819
CA,SFD_ROOFSYS,Built up with gutters,666.61386
CA,SFD_ROOFSYS,Built up without gutters,641.50087
CA,SFD_ROOFSYS,Built up unknown gutters,680.023953
CA,SFD_ROOFSYS,High wind shingle,636.446597
CA,SFD_ROOFSYS,High wind shingle plus SWR,678.417201
CA,SFD_ROOFSYS,Normal shingle,665.548619
CA,SFD_ROOFSYS,Normal shingle plus SWR,622.867748
CA,SFD_ROOFSYS,Metal concealed fasteners,688.976115
CA,SFD_ROOFSYS,Metal exposed fasteners,679.057704
CA,SFD_ROOFSYS,Metal unknown fasteners,625.417725
CA,SFD_ROOFSYS,Wood shakes,680.611627
CA,SFD_ROOFSYS,Concrete roof,662.766125
CA,SFD_ROOFSYS,Hail class 1,665.570136
CA,SFD_ROOFSYS,Hail class 2,717.436412
CA,SFD_ROOFSYS,Hail class 3,702.140446
CA,SFD_ROOFSYS,Hail class 4,666.801892
CA,SFD_ROOFSYS,Rubber roof,675.461974
CA,SFD_ROOFSYS,Green roof,637.956748
CA,SFD_ROOFSYS,Bermuda style roof,615.546171
CA,SFD_ROOFSYS,Concrete tiles,657.978482
CA,SFD_ROOFSYS,Slate tile,607.10467
CA,SFD_ROOFSYS,Fabric membrane,722.037638
CA,SFD_ROOFSYS,Solar tile,738.868307
CA,SFD_TODMGPROVISION,Cosmetic damage Fully covered,554.308281
CA,SFD_TODMGPROVISION,Cosmetic damage Mostly covered,561.091118
CA,SFD_TODMGPROVISION,Cosmetic damage Default,524.410794
CA,SFD_TODMGPROVISION,Cosmetic damage Rarely covered,526.065676
CA,SFD_TODMGPROVISION,Cosmetic damage Excluded,497.045541
CA,SFD_TOFLASHING,Compliant with ES1,484.844985
CA,SFD_TOFLASHING,Not compliant with ES1,489.427332
CA,SFD_TREEDENSITY,High tree risk high shielding,631.300306
CA,SFD_TREEDENSITY,Some trees some shielding,564.337545
CA,SFD_TREEDENSITY,No trees no shielding,580.431611
CO,COM_Unknown,Unknown,284.974699
CO,COM_ARCHITECT,Attached screen,215.243159
CO,COM_ARCHITECT,Detached screen,208.545031
CO,COM_ARCHITECT,Fences,191.407935
CO,COM_ARCHITECT,None,226.020016
CO,COM_ARCHITECT,Skylights,209.000873
CO,COM_ARCHITECT,Skylights protection,218.350499
CO,COM_CLADRATE,10d high wind nail,182.438901
CO,COM_CLADRATE,6d any nail,179.807656
CO,COM_CLADRATE,8d high wind nail,174.368866
CO,COM_CLADRATE,8d minimum nail,173.988226
CO,COM_CLADRATE,Batten decking,161.860144
CO,COM_CLADRATE,Lumber and groove,153.668804
CO,COM_CLADSYS,Vinyl siding,299.851791
CO,COM_CLADSYS,EIFS,302.130373
CO,COM_CLADSYS,Wood,288.519714
CO,COM_CLADSYS,Metal sheathing,297.641389
CO,COM_CLADSYS,Impact rated glazing,303.441068
CO,COM_CLADSYS,Stucco,324.795066
CO,COM_CLADSYS,Brick veneer,294.692426
CO,COM_CLADSYS,Concrete block,285.039499
CO,COM_CONSTQUALI,Signs of distress,273.283583
CO,COM_CONSTQUALI,WH Roof existing,256.458245
CO,COM_CONSTQUALI,Wind Roof existing,273.252306
CO,COM_CONSTQUALI,Wind Gold existing,235.801997
CO,COM_CONSTQUALI,Wind Silver existing,237.672948
CO,COM_CONSTQUALI,WH Gold existing,238.397959
CO,COM_CONSTQUALI,WH Silver existing,269.776335
CO,COM_EXTORN,Extensive ornamentation,224.120465
CO,COM_EXTORN,Extensive ornamentation and LPS,209.108155
CO,COM_EXTORN,Large signs,195.40322
CO,COM_EXTORN,Large signs and LPS,191.780607
CO,COM_EXTORN,Lightning protection,216.30475
CO,COM_FOUNDSYS,Bolted,281.004244
CO,COM_FOUNDSYS,Engineered,312.410068
CO,COM_FOUNDSYS,Unbolted,319.702593
CO,COM_GARAGING,Attached garage,299.164913
CO,COM_GARAGING,Detached garage,319.055526
CO,COM_GARAGING,No garage,319.823691
CO,COM_MECHGROUND,Generally unprotected,130.032061
CO,COM_MECHGROUND,Generally protected,151.47648
CO,COM_RESISTOPEN,Pressure small missile rated,233.388285
CO,COM_RESISTOPEN,Pressure medium missile rated,228.993384
CO,COM_RESISTOPEN,All openings pressure small missile rated,226.377872
CO,COM_RESISTOPEN,All openings pressure medium missile rated,234.847494
CO,COM_RESISTOPEN,All openings pressure large missile rated,259.466876
CO,COM_ROOFAGE,0 to 5 years,413.277323
CO,COM_ROOFAGE,6 to 10 years,383.403352
CO,COM_ROOFAGE,11 years or more,382.638618
CO,COM_ROOFANCH,Clips,131.92992
CO,COM_ROOFANCH,Double wraps,127.129981
CO,COM_ROOFANCH,Single wraps,124.927472
CO,COM_ROOFANCH,Structural,148.856731
CO,COM_ROOFANCH,Toenailing no anchorage,138.914083
CO,COM_ROOFEQUIP,No equipment present,203.436333
CO,COM_ROOFEQUIP,Roof mounted photovoltaic array,202.450709
CO,COM_ROOFEQUIP,Roof mounted impact resistant array,213.674357
CO,COM_ROOFEQUIP,Roof mounted mechanically attached array,208.986776
CO,COM_ROOFGEOM,Complex roof,275.804348
CO,COM_ROOFGEOM,Flat roof no parapets,277.448984
CO,COM_ROOFGEOM,Flat roof parapets,257.850571
CO,COM_ROOFGEOM,Gable roof LE6:12,252.916268
CO,COM_ROOFGEOM,Braced gable LE6:12,265.787768
CO,COM_ROOFGEOM,Gable roof GT6:12,251.41799
CO,COM_ROOFGEOM,Braced gable GT6:12,281.64027
CO,COM_ROOFGEOM,Hip roof LE6:12,259.115218
CO,COM_ROOFGEOM,Hip roof GT6:12,241.539373
CO,COM_ROOFMAINT,Excellent condition,132.118853
CO,COM_ROOFMAINT,No deterioration or defects,137.396721
CO,COM_ROOFMAINT,Visible defects,143.559685
CO,COM_ROOFMAINT,Significant signs of distress,143.636329
CO,COM_ROOFSYS,Built up or single ply,241.926839
CO,COM_ROOFSYS,Built up with gutters,282.38337
CO,COM_ROOFSYS,Built up without gutters,265.927372
CO,COM_ROOFSYS,Built up unknown gutters,273.775734
CO,COM_ROOFSYS,High wind shingle,282.607495
CO,COM_ROOFSYS,High wind shingle plus SWR,262.258472
CO,COM_ROOFSYS,Normal shingle,254.081788
CO,COM_ROOFSYS,Normal shingle plus SWR,238.114492
CO,COM_ROOFSYS,Metal concealed fasteners,279.23929
CO,COM_ROOFSYS,Metal exposed fasteners,261.301276
CO,COM_ROOFSYS,Metal unknown fasteners,245.634226
CO,COM_ROOFSYS,Wood shakes,254.283338
CO,COM_ROOFSYS,Concrete roof,245.496934
CO,COM_ROOFSYS,Hail class 1,258.63265
CO,COM_ROOFSYS,Hail class 2,247.277222
CO,COM_ROOFSYS,Hail class 3,240.872376
CO,COM_ROOFSYS,Hail class 4,238.461865
CO,COM_ROOFSYS,Rubber roof,270.718747
CO,COM_ROOFSYS,Green roof,249.647795
CO,COM_ROOFSYS,Bermuda style roof,242.474588
CO,COM_ROOFSYS,Concrete tiles,285.396424
CO,COM_ROOFSYS,Slate tile,256.091486
CO,COM_ROOFSYS,Fabric membrane,255.637739
CO,COM_ROOFSYS,Solar tile,268.50577
CO,COM_TODMGPROVISION,Cosmetic damage Fully covered,297.795557
CO,COM_TODMGPROVISION,Cosmetic damage Mostly covered,318.715141
CO,COM_TODMGPROVISION,Cosmetic damage Default,329.577949
CO,COM_TODMGPROVISION,Cosmetic damage Rarely covered,309.197068
CO,COM_TODMGPROVISION,Cosmetic damage Excluded,290.051135
CO,COM_TOFLASHING,Compliant with ES1,281.154198
CO,COM_TOFLASHING,Not compliant with ES1,294.14539
CO,COM_TREEDENSITY,High tree risk high shielding,181.442886
CO,COM_TREEDENSITY,Some trees some shielding,179.194642
CO,COM_TREEDENSITY,No trees no shielding,156.71962
CO,SFD_Unknown,Unknown,604.812368
CO,SFD_ARCHITECT,Attached screen,677.449614
CO,SFD_ARCHITECT,Detached screen,664.581289
CO,SFD_ARCHITECT,Fences,603.212529
CO,SFD_ARCHITECT,None,659.468062
CO,SFD_ARCHITECT,Skylights,645.683147
CO,SFD_ARCHITECT,Skylights protection,687.00593
CO,SFD_CLADRATE,10d high wind nail,599.043745
CO,SFD_CLADRATE,6d any nail,686.576614
CO,SFD_CLADRATE,8d high wind nail,588.151647
CO,SFD_CLADRATE,8d minimum nail,697.717064
CO,SFD_CLADRATE,Batten decking,623.288777
CO,SFD_CLADRATE,Lumber and groove,683.687637
CO,SFD_CLADSYS,Vinyl siding,630.337033
CO,SFD_CLADSYS,EIFS,659.269631
CO,SFD_CLADSYS,Wood,630.035588
CO,SFD_CLADSYS,Metal sheathing,693.460214
CO,SFD_CLADSYS,Impact rated glazing,576.724577
CO,SFD_CLADSYS,Stucco,588.463318
CO,SFD_CLADSYS,Brick veneer,667.767061
CO,SFD_CLADSYS,Concrete block,637.045444
CO,SFD_CONSTQUALI,Signs of distress,595.928564
CO,SFD_CONSTQUALI,WH Roof existing,515.384967
CO,SFD_CONSTQUALI,Wind Roof existing,542.716829
CO,SFD_CONSTQUALI,Wind Gold existing,496.235307
CO,SFD_CONSTQUALI,Wind Silver existing,575.856398
CO,SFD_CONSTQUALI,WH Gold existing,529.094763
CO,SFD_CONSTQUALI,WH Silver existing,574.611667
CO,SFD_EXTORN,Extensive ornamentation,769.223774
CO,SFD_EXTORN,Extensive ornamentation and LPS,684.379888
CO,SFD_EXTORN,Large signs,709.290652
CO,SFD_EXTORN,Large signs and LPS,651.333028
CO,SFD_EXTORN,Lightning protection,760.689644
CO,SFD_FOUNDSYS,Bolted,595.496882
CO,SFD_FOUNDSYS,Engineered,654.941298
CO,SFD_FOUNDSYS,Unbolted,619.850261
CO,SFD_GARAGING,Attached garage,560.097592
CO,SFD_GARAGING,Detached garage,501.504514
CO,SFD_GARAGING,No garage,531.889103
CO,SFD_MECHGROUND,Generally unprotected,621.026621
CO,SFD_MECHGROUND,Generally protected,579.652368
CO,SFD_RESISTOPEN,Pressure small missile rated,590.250929
CO,SFD_RESISTOPEN,Pressure medium missile rated,666.175343
CO,SFD_RESISTOPEN,All openings pressure small missile rated,696.293862
CO,SFD_RESISTOPEN,All openings pressure medium missile rated,615.917334
CO,SFD_RESISTOPEN,All openings pressure large missile rated,586.130553
CO,SFD_ROOFAGE,0 to 5 years,363.743151
CO,SFD_ROOFAGE,6 to 10 years,350.636538
CO,SFD_ROOFAGE,11 years or more,376.266066
CO,SFD_ROOFANCH,Clips,368.414163
CO,SFD_ROOFANCH,Double wraps,330.009651
CO,SFD_ROOFANCH,Single wraps,340.805461
CO,SFD_ROOFANCH,Structural,379.77551
CO,SFD_ROOFANCH,Toenailing no anchorage,387.012237
CO,SFD_ROOFEQUIP,No equipment present,822.381686
CO,SFD_ROOFEQUIP,Roof mounted photovoltaic array,730.439647
CO,SFD_ROOFEQUIP,Roof mounted impact resistant array,753.58414
CO,SFD_ROOFEQUIP,Roof mounted mechanically attached array,870.779697
CO,SFD_ROOFGEOM,Complex roof,529.76242
CO,SFD_ROOFGEOM,Flat roof no parapets,612.050228
CO,SFD_ROOFGEOM,Flat roof parapets,566.945236
CO,SFD_ROOFGEOM,Gable roof LE6:12,530.226429
CO,SFD_ROOFGEOM,Braced gable LE6:12,571.11814
CO,SFD_ROOFGEOM,Gable roof GT6:12,506.000413
CO,SFD_ROOFGEOM,Braced gable GT6:12,518.803648
CO,SFD_ROOFGEOM,Hip roof LE6:12,580.957206
CO,SFD_ROOFGEOM,Hip roof GT6:12,509.774783
CO,SFD_ROOFMAINT,Excellent condition,647.197976
CO,SFD_ROOFMAINT,No deterioration or defects,546.091105
CO,SFD_ROOFMAINT,Visible defects,651.420655
CO,SFD_ROOFMAINT,Significant signs of distress,538.725144
CO,SFD_ROOFSYS,Built up or single ply,861.597932
CO,SFD_ROOFSYS,Built up with gutters,881.16088
CO,SFD_ROOFSYS,Built up without gutters,934.478871
CO,SFD_ROOFSYS,Built up unknown gutters,879.139948
CO,SFD_ROOFSYS,High wind shingle,910.984615
CO,SFD_ROOFSYS,High wind shingle plus SWR,891.065627
CO,SFD_ROOFSYS,Normal shingle,836.781956
CO,SFD_ROOFSYS,Normal shingle plus SWR,850.899516
CO,SFD_ROOFSYS,Metal concealed fasteners,817.833861
CO,SFD_ROOFSYS,Metal exposed fasteners,931.008854
CO,SFD_ROOFSYS,Metal unknown fasteners,888.23074
CO,SFD_ROOFSYS,Wood shakes,914.192893
CO,SFD_ROOFSYS,Concrete roof,880.523323
CO,SFD_ROOFSYS,Hail class 1,830.671902
CO,SFD_ROOFSYS,Hail class 2,910.62044
CO,SFD_ROOFSYS,Hail class 3,878.221009
CO,SFD_ROOFSYS,Hail class 4,842.886661
CO,SFD_ROOFSYS,Rubber roof,872.252749
CO,SFD_ROOFSYS,Green roof,924.571282
CO,SFD_ROOFSYS,Bermuda style roof,874.219364
CO,SFD_ROOFSYS,Concrete tiles,817.999546
CO,SFD_ROOFSYS,Slate tile,930.19613
CO,SFD_ROOFSYS,Fabric membrane,847.124842
CO,SFD_ROOFSYS,Solar tile,835.442133
CO,SFD_TODMGPROVISION,Cosmetic damage Fully covered,691.891496
CO,SFD_TODMGPROVISION,Cosmetic damage Mostly covered,705.833567
CO,SFD_TODMGPROVISION,Cosmetic damage Default,670.156925
CO,SFD_TODMGPROVISION,Cosmetic damage Rarely covered,598.399925
CO,SFD_TODMGPROVISION,Cosmetic damage Excluded,659.194218
CO,SFD_TOFLASHING,Compliant with ES1,690.021804
CO,SFD_TOFLASHING,Not compliant with ES1,676.058145
CO,SFD_TREEDENSITY,High tree risk high shielding,690.380785
CO,SFD_TREEDENSITY,Some trees some shielding,699.904234
CO,SFD_TREEDENSITY,No trees no shielding,782.643756
CT,COM_Unknown,Unknown,341.703657
CT,COM_ARCHITECT,Attached screen,227.080569
CT,COM_ARCHITECT,Detached screen,249.490778
CT,COM_ARCHITECT,Fences,221.05551
CT,COM_ARCHITECT,None,242.895899
CT,COM_ARCHITECT,Skylights,215.023162
CT,COM_ARCHITECT,Skylights protection,246.35817
CT,COM_CLADRATE,10d high wind nail,216.831868
CT,COM_CLADRATE,6d any nail,194.747603
CT,COM_CLADRATE,8d high wind nail,227.91675
CT,COM_CLADRATE,8d minimum nail,207.799123
CT,COM_CLADRATE,Batten decking,232.649228
CT,COM_CLADRATE,Lumber and groove,208.630432
CT,COM_CLADSYS,Vinyl siding,384.003368
CT,COM_CLADSYS,EIFS,392.202904
CT,COM_CLADSYS,Wood,392.368215
CT,COM_CLADSYS,Metal sheathing,354.74748
CT,COM_CLADSYS,Impact rated glazing,404.215811
CT,COM_CLADSYS,Stucco,394.082003
CT,COM_CLADSYS,Brick veneer,378.969697
CT,COM_CLADSYS,Concrete block,399.495542
CT,COM_CONSTQUALI,Signs of distress,295.990528
CT,COM_CONSTQUALI,WH Roof existing,279.932793
CT,COM_CONSTQUALI,Wind Roof existing,312.581737
CT,COM_CONSTQUALI,Wind Gold existing,314.542074
CT,COM_CONSTQUALI,Wind Silver existing,320.303808
CT,COM_CONSTQUALI,WH Gold existing,301.773621
CT,COM_CONSTQUALI,WH Silver existing,287.8366
CT,COM_EXTORN,Extensive ornamentation,237.168992
CT,COM_EXTORN,Extensive ornamentation and LPS,230.599441
CT,COM_EXTORN,Large signs,250.293181
CT,COM_EXTORN,Large signs and LPS,264.894121
CT,COM_EXTORN,Lightning protection,232.640587
CT,COM_FOUNDSYS,Bolted,340.935604
CT,COM_FOUNDSYS,Engineered,345.071213
CT,COM_FOUNDSYS,Unbolted,306.312286
CT,COM_GARAGING,Attached garage,319.912164
CT,COM_GARAGING,Detached garage,312.551459
CT,COM_GARAGING,No garage,317.201055
CT,COM_MECHGROUND,Generally unprotected,156.378976
CT,COM_MECHGROUND,Generally protected,176.956357
CT,COM_RESISTOPEN,Pressure small missile rated,284.525138
CT,COM_RESISTOPEN,Pressure medium missile rated,293.654637
CT,COM_RESISTOPEN,All openings pressure small missile rated,265.699149
CT,COM_RESISTOPEN,All openings pressure medium missile rated,304.382226
CT,COM_RESISTOPEN,All openings pressure large missile rated,281.547398
CT,COM_ROOFAGE,0 to 5 years,443.014243
CT,COM_ROOFAGE,6 to 10 years,430.142104
CT,COM_ROOFAGE,11 years or more,469.482448
CT,COM_ROOFANCH,Clips,162.853786
CT,COM_ROOFANCH,Double wraps,168.428192
CT,COM_ROOFANCH,Single wraps,163.022324
CT,COM_ROOFANCH,Structural,170.736448
CT,COM_ROOFANCH,Toenailing no anchorage,177.976478
CT,COM_ROOFEQUIP,No equipment present,257.531391
CT,COM_ROOFEQUIP,Roof mounted photovoltaic array,235.784232
CT,COM_ROOFEQUIP,Roof mounted impact resistant array,263.787166
CT,COM_ROOFEQUIP,Roof mounted mechanically attached array,218.603463
CT,COM_ROOFGEOM,Complex roof,292.76456
CT,COM_ROOFGEOM,Flat roof no parapets,286.344647
CT,COM_ROOFGEOM,Flat roof parapets,317.469384
CT,COM_ROOFGEOM,Gable roof LE6:12,269.892818
CT,COM_ROOFGEOM,Braced gable LE6:12,317.520591
CT,COM_ROOFGEOM,Gable roof GT6:12,276.523583
CT,COM_ROOFGEOM,Braced gable GT6:12,278.106966
CT,COM_ROOFGEOM,Hip roof LE6:12,316.709055
CT,COM_ROOFGEOM,Hip roof GT6:12,269.010154
CT,COM_ROOFMAINT,Excellent condition,186.969779
CT,COM_ROOFMAINT,No deterioration or defects,176.254097
CT,COM_ROOFMAINT,Visible defects,167.992768
CT,COM_ROOFMAINT,Significant signs of distress,166.012559
CT,COM_ROOFSYS,Built up or single ply,313.081231
CT,COM_ROOFSYS,Built up with gutters,304.879898
CT,COM_ROOFSYS,Built up without gutters,293.248959
CT,COM_ROOFSYS,Built up unknown gutters,268.875877
CT,COM_ROOFSYS,High wind shingle,279.737683
CT,COM_ROOFSYS,High wind shingle plus SWR,279.503947
CT,COM_ROOFSYS,Normal shingle,279.351232
CT,COM_ROOFSYS,Normal shingle plus SWR,269.375854
CT,COM_ROOFSYS,Metal concealed fasteners,295.086337
CT,COM_ROOFSYS,Metal exposed fasteners,280.146741
CT,COM_ROOFSYS,Metal unknown fasteners,310.502677
CT,COM_ROOFSYS,Wood shakes,298.049771
CT,COM_ROOFSYS,Concrete roof,321.715418
CT,COM_ROOFSYS,Hail class 1,270.819418
CT,COM_ROOFSYS,Hail class 2,321.704534
CT,COM_ROOFSYS,Hail class 3,308.389428
CT,COM_ROOFSYS,Hail class 4,320.176406
CT,COM_ROOFSYS,Rubber roof,301.978942
CT,COM_ROOFSYS,Green roof,275.236118
CT,COM_ROOFSYS,Bermuda style roof,276.533723
CT,COM_ROOFSYS,Concrete tiles,308.849124
CT,COM_ROOFSYS,Slate tile,300.543092
CT,COM_ROOFSYS,Fabric membrane,284.183327
CT,COM_ROOFSYS,Solar tile,311.36535
CT,COM_TODMGPROVISION,Cosmetic damage Fully covered,384.028511
CT,COM_TODMGPROVISION,Cosmetic damage Mostly covered,364.299024
CT,COM_TODMGPROVISION,Cosmetic damage Default,352.48163
CT,COM_TODMGPROVISION,Cosmetic damage Rarely covered,389.542341
CT,COM_TODMGPROVISION,Cosmetic damage Excluded,355.850055
CT,COM_TOFLASHING,Compliant with ES1,380.781744
CT,COM_TOFLASHING,Not compliant with ES1,420.553884
CT,COM_TREEDENSITY,High tree risk high shielding,208.403426
CT,COM_TREEDENSITY,Some trees some shielding,226.743217
CT,COM_TREEDENSITY,No trees no shielding,202.700998
CT,SFD_Unknown,Unknown,610.22982
CT,SFD_ARCHITECT,Attached screen,651.526132
CT,SFD_ARCHITECT,Detached screen,650.814735
CT,SFD_ARCHITECT,Fences,686.001403
CT,SFD_ARCHITECT,None,714.818819
CT,SFD_ARCHITECT,Skylights,687.483532
CT,SFD_ARCHITECT,Skylights protection,668.777822
CT,SFD_CLADRATE,10d high wind nail,629.976496
CT,SFD_CLADRATE,6d any nail,559.6447
CT,SFD_CLADRATE,8d high wind nail,615.879691
CT,SFD_CLADRATE,8d minimum nail,645.593226
CT,SFD_CLADRATE,Batten decking,647.366501
CT,SFD_CLADRATE,Lumber and groove,562.247883
CT,SFD_CLADSYS,Vinyl siding,625.584829
CT,SFD_CLADSYS,EIFS,596.758174
CT,SFD_CLADSYS,Wood,637.860964
CT,SFD_CLADSYS,Metal sheathing,655.004124
CT,SFD_CLADSYS,Impact rated glazing,652.219418
CT,SFD_CLADSYS,Stucco,577.524004
CT,SFD_CLADSYS,Brick veneer,634.8984
CT,SFD_CLADSYS,Concrete block,662.797158
CT,SFD_CONSTQUALI,Signs of distress,561.173582
CT,SFD_CONSTQUALI,WH Roof existing,573.32828
CT,SFD_CONSTQUALI,Wind Roof existing,496.084538
CT,SFD_CONSTQUALI,Wind Gold existing,586.316418
CT,SFD_CONSTQUALI,Wind Silver existing,563.634089
CT,SFD_CONSTQUALI,WH Gold existing,570.413993
CT,SFD_CONSTQUALI,WH Silver existing,503.718766
CT,SFD_EXTORN,Extensive ornamentation,745.76462
CT,SFD_EXTORN,Extensive ornamentation and LPS,753.466936
CT,SFD_EXTORN,Large signs,644.802247
CT,SFD_EXTORN,Large signs and LPS,692.077722
CT,SFD_EXTORN,Lightning protection,690.035668
CT,SFD_FOUNDSYS,Bolted,580.992062
CT,SFD_FOUNDSYS,Engineered,665.930307
CT,SFD_FOUNDSYS,Unbolted,623.03159
CT,SFD_GARAGING,Attached garage,618.054988
CT,SFD_GARAGING,Detached garage,587.858171
CT,SFD_GARAGING,No garage,650.49062
CT,SFD_MECHGROUND,Generally unprotected,660.822805
CT,SFD_MECHGROUND,Generally protected,652.567435
CT,SFD_RESISTOPEN,Pressure small missile rated,696.45912
CT,SFD_RESISTOPEN,Pressure medium missile rated,693.181418
CT,SFD_RESISTOPEN,All openings pressure small missile rated,716.343991
CT,SFD_RESISTOPEN,All openings pressure medium missile rated,593.318742
CT,SFD_RESISTOPEN,All openings pressure large missile rated,684.433231
CT,SFD_ROOFAGE,0 to 5 years,353.974222
CT,SFD_ROOFAGE,6 to 10 years,371.288669
CT,SFD_ROOFAGE,11 years or more,314.369983
CT,SFD_ROOFANCH,Clips,390.44724
CT,SFD_ROOFANCH,Double wraps,374.055181
CT,SFD_ROOFANCH,Single wraps,342.015882
CT,SFD_ROOFANCH,Structural,377.345731
CT,SFD_ROOFANCH,Toenailing no anchorage,390.075969
CT,SFD_ROOFEQUIP,No equipment present,875.433594
CT,SFD_ROOFEQUIP,Roof mounted photovoltaic array,839.966288
CT,SFD_ROOFEQUIP,Roof mounted impact resistant array,925.106528
CT,SFD_ROOFEQUIP,Roof mounted mechanically attached array,933.608183
CT,SFD_ROOFGEOM,Complex roof,544.65703
CT,SFD_ROOFGEOM,Flat roof no parapets,598.180107
CT,SFD_ROOFGEOM,Flat roof parapets,582.192883
CT,SFD_ROOFGEOM,Gable roof LE6:12,585.425601
CT,SFD_ROOFGEOM,Braced gable LE6:12,568.031212
CT,SFD_ROOFGEOM,Gable roof GT6:12,567.172747
CT,SFD_ROOFGEOM,Braced gable GT6:12,586.823829
CT,SFD_ROOFGEOM,Hip roof LE6:12,570.155944
CT,SFD_ROOFGEOM,Hip roof GT6:12,628.24396
CT,SFD_ROOFMAINT,Excellent condition,548.055747
CT,SFD_ROOFMAINT,No deterioration or defects,570.963299
CT,SFD_ROOFMAINT,Visible defects,570.94157
CT,SFD_ROOFMAINT,Significant signs of distress,524.61715
CT,SFD_ROOFSYS,Built up or single ply,826.84992
CT,SFD_ROOFSYS,Built up with gutters,788.059871
CT,SFD_ROOFSYS,Built up without gutters,874.38469
CT,SFD_ROOFSYS,Built up unknown gutters,758.175513
CT,SFD_ROOFSYS,High wind shingle,878.730942
CT,SFD_ROOFSYS,High wind shingle plus SWR,828.592812
CT,SFD_ROOFSYS,Normal shingle,878.737155
CT,SFD_ROOFSYS,Normal shingle plus SWR,758.246245
CT,SFD_ROOFSYS,Metal concealed fasteners,763.516034
CT,SFD_ROOFSYS,Metal exposed fasteners,826.189083
CT,SFD_ROOFSYS,Metal unknown fasteners,864.055797
CT,SFD_ROOFSYS,Wood shakes,792.825045
CT,SFD_ROOFSYS,Concrete roof,895.905013
CT,SFD_ROOFSYS,Hail class 1,872.610503
CT,SFD_ROOFSYS,Hail class 2,906.938165
CT,SFD_ROOFSYS,Hail class 3,825.487925
CT,SFD_ROOFSYS,Hail class 4,824.944416
CT,SFD_ROOFSYS,Rubber roof,797.901565
CT,SFD_ROOFSYS,Green roof,818.68928
CT,SFD_ROOFSYS,Bermuda style roof,794.857411
CT,SFD_ROOFSYS,Concrete tiles,912.393893
CT,SFD_ROOFSYS,Slate tile,835.920156
CT,SFD_ROOFSYS,Fabric membrane,763.911068
CT,SFD_ROOFSYS,Solar tile,885.841138
CT,SFD_TODMGPROVISION,Cosmetic damage Fully covered,678.528437
CT,SFD_TODMGPROVISION,Cosmetic damage Mostly covered,695.106536
CT,SFD_TODMGPROVISION,Cosmetic damage Default,641.527107
CT,SFD_TODMGPROVISION,Cosmetic damage Rarely covered,611.382856
CT,SFD_TODMGPROVISION,Cosmetic damage Excluded,661.458338
CT,SFD_TOFLASHING,Compliant with ES1,681.233672
CT,SFD_TOFLASHING,Not compliant with ES1,680.456664
CT,SFD_TREEDENSITY,High tree risk high shielding,778.647995
CT,SFD_TREEDENSITY,Some trees some shielding,762.650835
CT,SFD_TREEDENSITY,No trees no shielding,761.816253
DC,COM_Unknown,Unknown,557.158774
DC,COM_ARCHITECT,Attached screen,362.794681
DC,COM_ARCHITECT,Detached screen,370.792715
DC,COM_ARCHITECT,Fences,416.293472
DC,COM_ARCHITECT,None,401.267723
DC,COM_ARCHITECT,Skylights,364.901883
DC,COM_ARCHITECT,Skylights protection,403.171847
DC,COM_CLADRATE,10d high wind nail,326.897013
DC,COM_CLADRATE,6d any nail,305.058346
DC,COM_CLADRATE,8d high wind nail,301.965707
DC,COM_CLADRATE,8d minimum nail,352.816743
DC,COM_CLADRATE,Batten decking,300.269848
DC,COM_CLADRATE,Lumber and groove,350.689008
DC,COM_CLADSYS,Vinyl siding,573.508735
DC,COM_CLADSYS,EIFS,669.797094
DC,COM_CLADSYS,Wood,615.48697
DC,COM_CLADSYS,Metal sheathing,573.232484
DC,COM_CLADSYS,Impact rated glazing,664.566373
DC,COM_CLADSYS,Stucco,573.805401
DC,COM_CLADSYS,Brick veneer,625.013754
DC,COM_CLADSYS,Concrete block,602.561541
DC,COM_CONSTQUALI,Signs of distress,500.322329
DC,COM_CONSTQUALI,WH Roof existing,445.012188
DC,COM_CONSTQUALI,Wind Roof existing,454.411694
DC,COM_CONSTQUALI,Wind Gold existing,447.032137
DC,COM_CONSTQUALI,Wind Silver existing,515.762782
DC,COM_CONSTQUALI,WH Gold existing,497.812367
DC,COM_CONSTQUALI,WH Silver existing,498.110427
DC,COM_EXTORN,Extensive ornamentation,388.299468
DC,COM_EXTORN,Extensive ornamentation and LPS,381.716385
DC,COM_EXTORN,Large signs,416.743712
DC,COM_EXTORN,Large signs and LPS,424.09507
DC,COM_EXTORN,Lightning protection,405.530632
DC,COM_FOUNDSYS,Bolted,542.615308
DC,COM_FOUNDSYS,Engineered,514.277256
DC,COM_FOUNDSYS,Unbolted,572.23829
DC,COM_GARAGING,Attached garage,569.571876
DC,COM_GARAGING,Detached garage,520.945368
DC,COM_GARAGING,No garage,558.46979
DC,COM_MECHGROUND,Generally unprotected,272.992279
DC,COM_MECHGROUND,Generally protected,305.445768
DC,COM_RESISTOPEN,Pressure small missile rated,436.7964
DC,COM_RESISTOPEN,Pressure medium missile rated,516.519649
DC,COM_RESISTOPEN,All openings pressure small missile rated,444.692312
DC,COM_RESISTOPEN,All openings pressure medium missile rated,490.893169
DC,COM_RESISTOPEN,All openings pressure large missile rated,477.511634
DC,COM_ROOFAGE,0 to 5 years,855.511809
DC,COM_ROOFAGE,6 to 10 years,812.897419
DC,COM_ROOFAGE,11 years or more,897.747246
DC,COM_ROOFANCH,Clips,259.167517
DC,COM_ROOFANCH,Double wraps,270.584549
DC,COM_ROOFANCH,Single wraps,256.635791
DC,COM_ROOFANCH,Structural,261.488813
DC,COM_ROOFANCH,Toenailing no anchorage,250.473346
DC,COM_ROOFEQUIP,No equipment present,365.25237
DC,COM_ROOFEQUIP,Roof mounted photovoltaic array,368.068663
DC,COM_ROOFEQUIP,Roof mounted impact resistant array,425.055495
DC,COM_ROOFEQUIP,Roof mounted mechanically attached array,401.194626
DC,COM_ROOFGEOM,Complex roof,521.713889
DC,COM_ROOFGEOM,Flat roof no parapets,481.178616
DC,COM_ROOFGEOM,Flat roof parapets,524.520909
DC,COM_ROOFGEOM,Gable roof LE6:12,553.706546
DC,COM_ROOFGEOM,Braced gable LE6:12,543.540616
DC,COM_ROOFGEOM,Gable roof GT6:12,513.744371
DC,COM_ROOFGEOM,Braced gable GT6:12,505.421892
DC,COM_ROOFGEOM,Hip roof LE6:12,529.173711
DC,COM_ROOFGEOM,Hip roof GT6:12,553.131292
DC,COM_ROOFMAINT,Excellent condition,250.482839
DC,COM_ROOFMAINT,No deterioration or defects,254.71852
DC,COM_ROOFMAINT,Visible defects,247.005282
DC,COM_ROOFMAINT,Significant signs of distress,283.61194
DC,COM_ROOFSYS,Built up or single ply,516.436123
DC,COM_ROOFSYS,Built up with gutters,510.812928
DC,COM_ROOFSYS,Built up without gutters,527.543635
DC,COM_ROOFSYS,Built up unknown gutters,481.343932
DC,COM_ROOFSYS,High wind shingle,527.172109
DC,COM_ROOFSYS,High wind shingle plus SWR,512.182899
DC,COM_ROOFSYS,Normal shingle,520.848999
DC,COM_ROOFSYS,Normal shingle plus SWR,474.318505
DC,COM_ROOFSYS,Metal concealed fasteners,445.753208
DC,COM_ROOFSYS,Metal exposed fasteners,462.931553
DC,COM_ROOFSYS,Metal unknown fasteners,506.081409
DC,COM_ROOFSYS,Wood shakes,470.620694
DC,COM_ROOFSYS,Concrete roof,473.179747
DC,COM_ROOFSYS,Hail class 1,439.189498
DC,COM_ROOFSYS,Hail class 2,486.624291
DC,COM_ROOFSYS,Hail class 3,447.825006
DC,COM_ROOFSYS,Hail class 4,521.87394
DC,COM_ROOFSYS,Rubber roof,443.325355
DC,COM_ROOFSYS,Green roof,512.090351
DC,COM_ROOFSYS,Bermuda style roof,518.864727
DC,COM_ROOFSYS,Concrete tiles,439.694348
DC,COM_ROOFSYS,Slate tile,462.755381
DC,COM_ROOFSYS,Fabric membrane,498.313932
DC,COM_ROOFSYS,Solar tile,512.172764
DC,COM_TODMGPROVISION,Cosmetic damage Fully covered,665.897266
DC,COM_TODMGPROVISION,Cosmetic damage Mostly covered,599.15377
DC,COM_TODMGPROVISION,Cosmetic damage Default,603.250903
DC,COM_TODMGPROVISION,Cosmetic damage Rarely covered,586.400706
DC,COM_TODMGPROVISION,Cosmetic damage Excluded,626.257581
DC,COM_TOFLASHING,Compliant with ES1,528.535646
DC,COM_TOFLASHING,Not compliant with ES1,610.647258
DC,COM_TREEDENSITY,High tree risk high shielding,348.811525
DC,COM_TREEDENSITY,Some trees some shielding,339.741586
DC,COM_TREEDENSITY,No trees no shielding,347.251671
DC,SFD_Unknown,Unknown,378.202996
DC,SFD_ARCHITECT,Attached screen,405.562899
DC,SFD_ARCHITECT,Detached screen,432.625466
DC,SFD_ARCHITECT,Fences,471.891517
DC,SFD_ARCHITECT,None,414.587069
DC,SFD_ARCHITECT,Skylights,414.107959
DC,SFD_ARCHITECT,Skylights protection,389.380614
DC,SFD_CLADRATE,10d high wind nail,406.148668
DC,SFD_CLADRATE,6d any nail,417.725558
DC,SFD_CLADRATE,8d high wind nail,434.519606
DC,SFD_CLADRATE,8d minimum nail,397.607375
DC,SFD_CLADRATE,Batten decking,365.227893
DC,SFD_CLADRATE,Lumber and groove,379.303836
DC,SFD_CLADSYS,Vinyl siding,424.744441
DC,SFD_CLADSYS,EIFS,424.017933
DC,SFD_CLADSYS,Wood,432.271392
DC,SFD_CLADSYS,Metal sheathing,408.921655
DC,SFD_CLADSYS,Impact rated glazing,395.864712
DC,SFD_CLADSYS,Stucco,372.024775
DC,SFD_CLADSYS,Brick veneer,413.711201
DC,SFD_CLADSYS,Concrete block,363.87546
DC,SFD_CONSTQUALI,Signs of distress,371.234803
DC,SFD_CONSTQUALI,WH Roof existing,365.04652
DC,SFD_CONSTQUALI,Wind Roof existing,356.229409
DC,SFD_CONSTQUALI,Wind Gold existing,315.773935
DC,SFD_CONSTQUALI,Wind Silver existing,347.941413
DC,SFD_CONSTQUALI,WH Gold existing,374.918907
DC,SFD_CONSTQUALI,WH Silver existing,349.346955
DC,SFD_EXTORN,Extensive ornamentation,387.790832
DC,SFD_EXTORN,Extensive ornamentation and LPS,388.521294
DC,SFD_EXTORN,Large signs,456.602156
DC,SFD_EXTORN,Large signs and LPS,413.207731
DC,SFD_EXTORN,Lightning protection,462.729622
DC,SFD_FOUNDSYS,Bolted,409.528495
DC,SFD_FOUNDSYS,Engineered,445.07651
DC,SFD_FOUNDSYS,Unbolted,376.615345
DC,SFD_GARAGING,Attached garage,331.155997
DC,SFD_GARAGING,Detached garage,343.329824
DC,SFD_GARAGING,No garage,326.846524
DC,SFD_MECHGROUND,Generally unprotected,428.7959
DC,SFD_MECHGROUND,Generally protected,381.148412
DC,SFD_RESISTOPEN,Pressure small missile rated,419.820817
DC,SFD_RESISTOPEN,Pressure medium missile rated,399.574851
DC,SFD_RESISTOPEN,All openings pressure small missile rated,467.417243
DC,SFD_RESISTOPEN,All openings pressure medium missile rated,420.807245
DC,SFD_RESISTOPEN,All openings pressure large missile rated,385.477317
DC,SFD_ROOFAGE,0 to 5 years,251.29925
DC,SFD_ROOFAGE,6 to 10 years,238.678681
DC,SFD_ROOFAGE,11 years or more,224.537812
DC,SFD_ROOFANCH,Clips,235.20263
DC,SFD_ROOFANCH,Double wraps,230.884867
DC,SFD_ROOFANCH,Single wraps,199.619772
DC,SFD_ROOFANCH,Structural,235.924783
DC,SFD_ROOFANCH,Toenailing no anchorage,218.160747
DC,SFD_ROOFEQUIP,No equipment present,512.074338
DC,SFD_ROOFEQUIP,Roof mounted photovoltaic array,497.723506
DC,SFD_ROOFEQUIP,Roof mounted impact resistant array,587.310919
DC,SFD_ROOFEQUIP,Roof mounted mechanically attached array,583.476741
DC,SFD_ROOFGEOM,Complex roof,334.086056
DC,SFD_ROOFGEOM,Flat roof no parapets,375.653221
DC,SFD_ROOFGEOM,Flat roof parapets,365.311526
DC,SFD_ROOFGEOM,Gable roof LE6:12,362.821001
DC,SFD_ROOFGEOM,Braced gable LE6:12,351.524685
DC,SFD_ROOFGEOM,Gable roof GT6:12,375.166028
DC,SFD_ROOFGEOM,Braced gable GT6:12,343.09087
DC,SFD_ROOFGEOM,Hip roof LE6:12,370.111577
DC,SFD_ROOFGEOM,Hip roof GT6:12,336.306121
DC,SFD_ROOFMAINT,Excellent condition,395.51579
DC,SFD_ROOFMAINT,No deterioration or defects,377.14736
DC,SFD_ROOFMAINT,Visible defects,328.748618
DC,SFD_ROOFMAINT,Significant signs of distress,339.471023
DC,SFD_ROOFSYS,Built up or single ply,530.962367
DC,SFD_ROOFSYS,Built up with gutters,591.911635
DC,SFD_ROOFSYS,Built up without gutters,580.799605
DC,SFD_ROOFSYS,Built up unknown gutters,522.256235
DC,SFD_ROOFSYS,High wind shingle,561.065169
DC,SFD_ROOFSYS,High wind shingle plus SWR,582.930828
DC,SFD_ROOFSYS,Normal shingle,557.880254
DC,SFD_ROOFSYS,Normal shingle plus SWR,553.871782
DC,SFD_ROOFSYS,Metal concealed fasteners,501.115878
DC,SFD_ROOFSYS,Metal exposed fasteners,549.779
DC,SFD_ROOFSYS,Metal unknown fasteners,514.38814
DC,SFD_ROOFSYS,Wood shakes,534.337712
DC,SFD_ROOFSYS,Concrete roof,508.945651
DC,SFD_ROOFSYS,Hail class 1,512.466524
DC,SFD_ROOFSYS,Hail class 2,555.443959
DC,SFD_ROOFSYS,Hail class 3,535.861642
DC,SFD_ROOFSYS,Hail class 4,502.340053
DC,SFD_ROOFSYS,Rubber roof,514.315833
DC,SFD_ROOFSYS,Green roof,561.831668
DC,SFD_ROOFSYS,Bermuda style roof,551.096913
DC,SFD_ROOFSYS,Concrete tiles,499.231677
DC,SFD_ROOFSYS,Slate tile,492.5372
DC,SFD_ROOFSYS,Fabric membrane,589.132296
DC,SFD_ROOFSYS,Solar tile,524.682802
DC,SFD_TODMGPROVISION,Cosmetic damage Fully covered,434.015931
DC,SFD_TODMGPROVISION,Cosmetic damage Mostly covered,384.95518
DC,SFD_TODMGPROVISION,Cosmetic damage Default,368.190339
DC,SFD_TODMGPROVISION,Cosmetic damage Rarely covered,413.661692
DC,SFD_TODMGPROVISION,Cosmetic damage Excluded,433.223508
DC,SFD_TOFLASHING,Compliant with ES1,406.376544
DC,SFD_TOFLASHING,Not compliant with ES1,432.661134
DC,SFD_TREEDENSITY,High tree risk high shielding,518.455284
DC,SFD_TREEDENSITY,Some trees some shielding,509.713964
DC,SFD_TREEDENSITY,No trees no shielding,473.59691
DE,COM_Unknown,Unknown,346.471192
DE,COM_ARCHITECT,Attached screen,251.232803
DE,COM_ARCHITECT,Detached screen,248.700159
DE,COM_ARCHITECT,Fences,221.109715
DE,COM_ARCHITECT,None,264.816498
DE,COM_ARCHITECT,Skylights,246.989381
DE,COM_ARCHITECT,Skylights protection,260.518493
DE,COM_CLADRATE,10d high wind nail,200.505553
DE,COM_CLADRATE,6d any nail,214.44087
DE,COM_CLADRATE,8d high wind nail,222.778852
DE,COM_CLADRATE,8d minimum nail,218.307351
DE,COM_CLADRATE,Batten decking,209.529498
DE,COM_CLADRATE,Lumber and groove,208.910991
DE,COM_CLADSYS,Vinyl siding,404.83875
DE,COM_CLADSYS,EIFS,417.38954
DE,COM_CLADSYS,Wood,368.466477
DE,COM_CLADSYS,Metal sheathing,449.477697
DE,COM_CLADSYS,Impact rated glazing,401.337151
DE,COM_CLADSYS,Stucco,377.737641
DE,COM_CLADSYS,Brick veneer,439.215737
DE,COM_CLADSYS,Concrete block,412.275994
DE,COM_CONSTQUALI,Signs of distress,268.88474
DE,COM_CONSTQUALI,WH Roof existing,318.89207
DE,COM_CONSTQUALI,Wind Roof existing,309.465081
DE,COM_CONSTQUALI,Wind Gold existing,312.277494
DE,COM_CONSTQUALI,Wind Silver existing,317.834895
DE,COM_CONSTQUALI,WH Gold existing,296.333098
DE,COM_CONSTQUALI,WH Silver existing,321.524899
DE,COM_EXTORN,Extensive ornamentation,225.717595
DE,COM_EXTORN,Extensive ornamentation and LPS,240.111304
DE,COM_EXTORN,Large signs,257.278762
DE,COM_EXTORN,Large signs and LPS,240.056371
DE,COM_EXTORN,Lightning protection,271.456166
DE,COM_FOUNDSYS,Bolted,359.137489
DE,COM_FOUNDSYS,Engineered,369.691362
DE,COM_FOUNDSYS,Unbolted,364.819322
DE,COM_GARAGING,Attached garage,340.746599
DE,COM_GARAGING,Detached garage,308.614049
DE,COM_GARAGING,No garage,351.478978
DE,COM_MECHGROUND,Generally unprotected,189.179148
DE,COM_MECHGROUND,Generally protected,172.903457
DE,COM_RESISTOPEN,Pressure small missile rated,333.748735
DE,COM_RESISTOPEN,Pressure medium missile rated,309.349692
DE,COM_RESISTOPEN,All openings pressure small missile rated,284.997077
DE,COM_RESISTOPEN,All openings pressure medium missile rated,316.571642
DE,COM_RESISTOPEN,All openings pressure large missile rated,316.68234
DE,COM_ROOFAGE,0 to 5 years,472.590701
DE,COM_ROOFAGE,6 to 10 years,504.993566
DE,COM_ROOFAGE,11 years or more,531.554317
DE,COM_ROOFANCH,Clips,178.30246
DE,COM_ROOFANCH,Double wraps,157.629187
DE,COM_ROOFANCH,Single wraps,184.303943
DE,COM_ROOFANCH,Structural,171.757517
DE,COM_ROOFANCH,Toenailing no anchorage,162.213989
DE,COM_ROOFEQUIP,No equipment present,269.551713
DE,COM_ROOFEQUIP,Roof mounted photovoltaic array,249.998923
DE,COM_ROOFEQUIP,Roof mounted impact resistant array,258.864713
DE,COM_ROOFEQUIP,Roof mounted mechanically attached array,239.33512
DE,COM_ROOFGEOM,Complex roof,281.152933
DE,COM_ROOFGEOM,Flat roof no parapets,288.471686
DE,COM_ROOFGEOM,Flat roof parapets,280.52648
DE,COM_ROOFGEOM,Gable roof LE6:12,322.00737
DE,COM_ROOFGEOM,Braced gable LE6:12,291.162939
DE,COM_ROOFGEOM,Gable roof GT6:12,274.716642
DE,COM_ROOFGEOM,Braced gable GT6:12,320.740123
DE,COM_ROOFGEOM,Hip roof LE6:12,287.168149
DE,COM_ROOFGEOM,Hip roof GT6:12,317.10086
DE,COM_ROOFMAINT,Excellent condition,163.300444
DE,COM_ROOFMAINT,No deterioration or defects,159.471919
DE,COM_ROOFMAINT,Visible defects,152.764423
DE,COM_ROOFMAINT,Significant signs of distress,177.586365
DE,COM_ROOFSYS,Built up or single ply,299.715359
DE,COM_ROOFSYS,Built up with gutters,295.531469
DE,COM_ROOFSYS,Built up without gutters,312.597367
DE,COM_ROOFSYS,Built up unknown gutters,308.870157
DE,COM_ROOFSYS,High wind shingle,336.413448
DE,COM_ROOFSYS,High wind shingle plus SWR,291.256707
DE,COM_ROOFSYS,Normal shingle,320.756098
DE,COM_ROOFSYS,Normal shingle plus SWR,335.603752
DE,COM_ROOFSYS,Metal concealed fasteners,309.897906
DE,COM_ROOFSYS,Metal exposed fasteners,299.767922
DE,COM_ROOFSYS,Metal unknown fasteners,326.234671
DE,COM_ROOFSYS,Wood shakes,282.592965
DE,COM_ROOFSYS,Concrete roof,308.533563
DE,COM_ROOFSYS,Hail class 1,302.900168
DE,COM_ROOFSYS,Hail class 2,292.492253
DE,COM_ROOFSYS,Hail class 3,285.348389
DE,COM_ROOFSYS,Hail class 4,329.123399
DE,COM_ROOFSYS,Rubber roof,310.142894
DE,COM_ROOFSYS,Green roof,309.447186
DE,COM_ROOFSYS,Bermuda style roof,312.000575
DE,COM_ROOFSYS,Concrete tiles,320.299218
DE,COM_ROOFSYS,Slate tile,314.853227
DE,COM_ROOFSYS,Fabric membrane,313.353678
DE,COM_ROOFSYS,Solar tile,278.918851
DE,COM_TODMGPROVISION,Cosmetic damage Fully covered,392.523971
DE,COM_TODMGPROVISION,Cosmetic damage Mostly covered,395.704821
DE,COM_TODMGPROVISION,Cosmetic damage Default,395.189688
DE,COM_TODMGPROVISION,Cosmetic damage Rarely covered,353.554184
DE,COM_TODMGPROVISION,Cosmetic damage Excluded,353.197146
DE,COM_TOFLASHING,Compliant with ES1,408.829101
DE,COM_TOFLASHING,Not compliant with ES1,356.336769
DE,COM_TREEDENSITY,High tree risk high shielding,208.610138
DE,COM_TREEDENSITY,Some trees some shielding,229.645606
DE,COM_TREEDENSITY,No trees no shielding,209.13956
DE,SFD_Unknown,Unknown,420.215659
DE,SFD_ARCHITECT,Attached screen,455.181322
DE,SFD_ARCHITECT,Detached screen,414.879272
DE,SFD_ARCHITECT,Fences,456.980334
DE,SFD_ARCHITECT,None,495.308362
DE,SFD_ARCHITECT,Skylights,456.013292
DE,SFD_ARCHITECT,Skylights protection,447.791438
DE,SFD_CLADRATE,10d high wind nail,397.116563
DE,SFD_CLADRATE,6d any nail,397.957936
DE,SFD_CLADRATE,8d high wind nail,407.900498
DE,SFD_CLADRATE,8d minimum nail,434.867007
DE,SFD_CLADRATE,Batten decking,464.344144
DE,SFD_CLADRATE,Lumber and groove,418.370575
DE,SFD_CLADSYS,Vinyl siding,459.555967
DE,SFD_CLADSYS,EIFS,438.244842
DE,SFD_CLADSYS,Wood,413.393002
DE,SFD_CLADSYS,Metal sheathing,472.964606
DE,SFD_CLADSYS,Impact rated glazing,417.931871
DE,SFD_CLADSYS,Stucco,488.341953
DE,SFD_CLADSYS,Brick veneer,424.188271
DE,SFD_CLADSYS,Concrete block,471.823325
DE,SFD_CONSTQUALI,Signs of distress,364.71491
DE,SFD_CONSTQUALI,WH Roof existing,355.389177
DE,SFD_CONSTQUALI,Wind Roof existing,403.491958
DE,SFD_CONSTQUALI,Wind Gold existing,361.215307
DE,SFD_CONSTQUALI,Wind Silver existing,365.50615
DE,SFD_CONSTQUALI,WH Gold existing,385.733426
DE,SFD_CONSTQUALI,WH Silver existing,381.309123
DE,SFD_EXTORN,Extensive ornamentation,476.865927
DE,SFD_EXTORN,Extensive ornamentation and LPS,457.236991
DE,SFD_EXTORN,Large signs,420.810706
DE,SFD_EXTORN,Large signs and LPS,496.216678
DE,SFD_EXTORN,Lightning protection,428.874838
DE,SFD_FOUNDSYS,Bolted,406.388499
DE,SFD_FOUNDSYS,Engineered,420.817269
DE,SFD_FOUNDSYS,Unbolted,419.059575
DE,SFD_GARAGING,Attached garage,347.779213
DE,SFD_GARAGING,Detached garage,415.919548
DE,SFD_GARAGING,No garage,387.90479
DE,SFD_MECHGROUND,Generally unprotected,479.862872
DE,SFD_MECHGROUND,Generally protected,443.219539
DE,SFD_RESISTOPEN,Pressure small missile rated,463.63192
DE,SFD_RESISTOPEN,Pressure medium missile rated,451.653509
DE,SFD_RESISTOPEN,All openings pressure small missile rated,407.524311
DE,SFD_RESISTOPEN,All openings pressure medium missile rated,423.031142
DE,SFD_RESISTOPEN,All openings pressure large missile rated,478.253773
DE,SFD_ROOFAGE,0 to 5 years,256.951052
DE,SFD_ROOFAGE,6 to 10 years,242.697691
DE,SFD_ROOFAGE,11 years or more,227.145107
DE,SFD_ROOFANCH,Clips,254.475152
DE,SFD_ROOFANCH,Double wraps,228.057296
DE,SFD_ROOFANCH,Single wraps,241.702954
DE,SFD_ROOFANCH,Structural,243.458528
DE,SFD_ROOFANCH,Toenailing no anchorage,251.901193
DE,SFD_ROOFEQUIP,No equipment present,560.039306
DE,SFD_ROOFEQUIP,Roof mounted photovoltaic array,526.347256
DE,SFD_ROOFEQUIP,Roof mounted impact resistant array,604.449929
DE,SFD_ROOFEQUIP,Roof mounted mechanically attached array,525.336719
DE,SFD_ROOFGEOM,Complex roof,413.07621
DE,SFD_ROOFGEOM,Flat roof no parapets,367.67449
DE,SFD_ROOFGEOM,Flat roof parapets,402.251809
DE,SFD_ROOFGEOM,Gable roof LE6:12,375.408912
DE,SFD_ROOFGEOM,Braced gable LE6:12,379.004875
DE,SFD_ROOFGEOM,Gable roof GT6:12,356.879543
DE,SFD_ROOFGEOM,Braced gable GT6:12,355.718598
DE,SFD_ROOFGEOM,Hip roof LE6:12,356.07585
DE,SFD_ROOFGEOM,Hip roof GT6:12,384.05026
DE,SFD_ROOFMAINT,Excellent condition,402.288929
DE,SFD_ROOFMAINT,No deterioration or defects,389.00706
DE,SFD_ROOFMAINT,Visible defects,358.204755
DE,SFD_ROOFMAINT,Significant signs of distress,354.251296
DE,SFD_ROOFSYS,Built up or single ply,604.632409
DE,SFD_ROOFSYS,Built up with gutters,538.686569
DE,SFD_ROOFSYS,Built up without gutters,576.116642
DE,SFD_ROOFSYS,Built up unknown gutters,577.246528
DE,SFD_ROOFSYS,High wind shingle,620.586771
DE,SFD_ROOFSYS,High wind shingle plus SWR,530.081289
DE,SFD_ROOFSYS,Normal shingle,593.607183
DE,SFD_ROOFSYS,Normal shingle plus SWR,535.86634
DE,SFD_ROOFSYS,Metal concealed fasteners,545.478252
DE,SFD_ROOFSYS,Metal exposed fasteners,508.877262
DE,SFD_ROOFSYS,Metal unknown fasteners,621.181769
DE,SFD_ROOFSYS,Wood shakes,557.976328
DE,SFD_ROOFSYS,Concrete roof,621.211668
DE,SFD_ROOFSYS,Hail class 1,530.706063
DE,SFD_ROOFSYS,Hail class 2,521.074096
DE,SFD_ROOFSYS,Hail class 3,536.809749
DE,SFD_ROOFSYS,Hail class 4,585.368263
DE,SFD_ROOFSYS,Rubber roof,573.704652
DE,SFD_ROOFSYS,Green roof,555.522956
DE,SFD_ROOFSYS,Bermuda style roof,590.871647
DE,SFD_ROOFSYS,Concrete tiles,573.358372
DE,SFD_ROOFSYS,Slate tile,573.747687
DE,SFD_ROOFSYS,Fabric membrane,575.144755
DE,SFD_ROOFSYS,Solar tile,533.66757
DE,SFD_TODMGPROVISION,Cosmetic damage Fully covered,475.832374
DE,SFD_TODMGPROVISION,Cosmetic damage Mostly covered,464.555413
DE,SFD_TODMGPROVISION,Cosmetic damage Default,495.342373
DE,SFD_TODMGPROVISION,Cosmetic damage Rarely covered,496.129611
DE,SFD_TODMGPROVISION,Cosmetic damage Excluded,476.589309
DE,SFD_TOFLASHING,Compliant with ES1,428.617574
DE,SFD_TOFLASHING,Not compliant with ES1,452.503305
DE,SFD_TREEDENSITY,High tree risk high shielding,574.28537
DE,SFD_TREEDENSITY,Some trees some shielding,572.978507
DE,SFD_TREEDENSITY,No trees no shielding,563.315139
FL,COM_Unknown,Unknown,272.331513
FL,COM_ARCHITECT,Attached screen,182.763517
FL,COM_ARCHITECT,Detached screen,186.854351
FL,COM_ARCHITECT,Fences,168.729296
FL,COM_ARCHITECT,None,200.0872
FL,COM_ARCHITECT,Skylights,171.156486
FL,COM_ARCHITECT,Skylights protection,199.008595
FL,COM_CLADRATE,10d high wind nail,170.707417
FL,COM_CLADRATE,6d any nail,174.718313
FL,COM_CLADRATE,8d high wind nail,174.075895
FL,COM_CLADRATE,8d minimum nail,171.032473
FL,COM_CLADRATE,Batten decking,152.618274
FL,COM_CLADRATE,Lumber and groove,176.942269
FL,COM_CLADSYS,Vinyl siding,344.149167
FL,COM_CLADSYS,EIFS,301.167159
FL,COM_CLADSYS,Wood,290.871405
FL,COM_CLADSYS,Metal sheathing,311.069166
FL,COM_CLADSYS,Impact rated glazing,307.600402
FL,COM_CLADSYS,Stucco,343.430083
FL,COM_CLADSYS,Brick veneer,350.420904
FL,COM_CLADSYS,Concrete block,298.44973
FL,COM_CONSTQUALI,Signs of distress,233.892475
FL,COM_CONSTQUALI,WH Roof existing,224.5029
FL,COM_CONSTQUALI,Wind Roof existing,236.667048
FL,COM_CONSTQUALI,Wind Gold existing,241.331121
FL,COM_CONSTQUALI,Wind Silver existing,230.074395
FL,COM_CONSTQUALI,WH Gold existing,224.238201
FL,COM_CONSTQUALI,WH Silver existing,250.410935
FL,COM_EXTORN,Extensive ornamentation,179.935453
FL,COM_EXTORN,Extensive ornamentation and LPS,200.952857
FL,COM_EXTORN,Large signs,202.149517
FL,COM_EXTORN,Large signs and LPS,178.198131
FL,COM_EXTORN,Lightning protection,191.971354
FL,COM_FOUNDSYS,Bolted,272.837032
FL,COM_FOUNDSYS,Engineered,305.893151
FL,COM_FOUNDSYS,Unbolted,288.525941
FL,COM_GARAGING,Attached garage,244.673482
FL,COM_GARAGING,Detached garage,252.427423
FL,COM_GARAGING,No garage,241.558197
FL,COM_MECHGROUND,Generally unprotected,137.03204
FL,COM_MECHGROUND,Generally protected,149.336781
FL,COM_RESISTOPEN,Pressure small missile rated,227.832561
FL,COM_RESISTOPEN,Pressure medium missile rated,232.765396
FL,COM_RESISTOPEN,All openings pressure small missile rated,211.690702
FL,COM_RESISTOPEN,All openings pressure medium missile rated,237.752627
FL,COM_RESISTOPEN,All openings pressure large missile rated,224.941026
FL,COM_ROOFAGE,0 to 5 years,402.905318
FL,COM_ROOFAGE,6 to 10 years,382.053474
FL,COM_ROOFAGE,11 years or more,384.81622
FL,COM_ROOFANCH,Clips,124.379253
FL,COM_ROOFANCH,Double wraps,142.174067
FL,COM_ROOFANCH,Single wraps,141.142057
FL,COM_ROOFANCH,Structural,138.050947
FL,COM_ROOFANCH,Toenailing no anchorage,126.427404
FL,COM_ROOFEQUIP,No equipment present,181.355457
FL,COM_ROOFEQUIP,Roof mounted photovoltaic array,182.357802
FL,COM_ROOFEQUIP,Roof mounted impact resistant array,171.393971
FL,COM_ROOFEQUIP,Roof mounted mechanically attached array,191.122225
FL,COM_ROOFGEOM,Complex roof,252.255443
FL,COM_ROOFGEOM,Flat roof no parapets,258.518968
FL,COM_ROOFGEOM,Flat roof parapets,262.872085
FL,COM_ROOFGEOM,Gable roof LE6:12,249.864574
FL,COM_ROOFGEOM,Braced gable LE6:12,230.883073
FL,COM_ROOFGEOM,Gable roof GT6:12,228.380175
FL,COM_ROOFGEOM,Braced gable GT6:12,259.822509
FL,COM_ROOFGEOM,Hip roof LE6:12,219.006213
FL,COM_ROOFGEOM,Hip roof GT6:12,258.961336
FL,COM_ROOFMAINT,Excellent condition,129.54323
FL,COM_ROOFMAINT,No deterioration or defects,142.557548
FL,COM_ROOFMAINT,Visible defects,122.432477
FL,COM_ROOFMAINT,Significant signs of distress,128.055674
FL,COM_ROOFSYS,Built up or single ply,229.662851
FL,COM_ROOFSYS,Built up with gutters,255.679344
FL,COM_ROOFSYS,Built up without gutters,250.032209
FL,COM_ROOFSYS,Built up unknown gutters,245.563753
FL,COM_ROOFSYS,High wind shingle,262.330232
FL,COM_ROOFSYS,High wind shingle plus SWR,269.802791
FL,COM_ROOFSYS,Normal shingle,247.725254
FL,COM_ROOFSYS,Normal shingle plus SWR,257.026559
FL,COM_ROOFSYS,Metal concealed fasteners,231.201854
FL,COM_ROOFSYS,Metal exposed fasteners,239.800524
FL,COM_ROOFSYS,Metal unknown fasteners,224.732544
FL,COM_ROOFSYS,Wood shakes,229.802763
FL,COM_ROOFSYS,Concrete roof,227.171015
FL,COM_ROOFSYS,Hail class 1,236.105009
FL,COM_ROOFSYS,Hail class 2,241.404964
FL,COM_ROOFSYS,Hail class 3,253.590598
FL,COM_ROOFSYS,Hail class 4,257.191573
FL,COM_ROOFSYS,Rubber roof,238.37067
FL,COM_ROOFSYS,Green roof,269.940834
FL,COM_ROOFSYS,Bermuda style roof,256.667556
FL,COM_ROOFSYS,Concrete tiles,230.223812
FL,COM_ROOFSYS,Slate tile,240.496731
FL,COM_ROOFSYS,Fabric membrane,237.195093
FL,COM_ROOFSYS,Solar tile,244.887927
FL,COM_TODMGPROVISION,Cosmetic damage Fully covered,287.48471
FL,COM_TODMGPROVISION,Cosmetic damage Mostly covered,297.798407
FL,COM_TODMGPROVISION,Cosmetic damage Default,332.380758
FL,COM_TODMGPROVISION,Cosmetic damage Rarely covered,280.916894
FL,COM_TODMGPROVISION,Cosmetic damage Excluded,311.646633
FL,COM_TOFLASHING,Compliant with ES1,284.898269
FL,COM_TOFLASHING,Not compliant with ES1,307.579329
FL,COM_TREEDENSITY,High tree risk high shielding,173.18881
FL,COM_TREEDENSITY,Some trees some shielding,165.46746
FL,COM_TREEDENSITY,No trees no shielding,155.733787
FL,SFD_Unknown,Unknown,451.989329
FL,SFD_ARCHITECT,Attached screen,457.560189
FL,SFD_ARCHITECT,Detached screen,481.015004
FL,SFD_ARCHITECT,Fences,519.50669
FL,SFD_ARCHITECT,None,444.286805
FL,SFD_ARCHITECT,Skylights,471.137385
FL,SFD_ARCHITECT,Skylights protection,521.618787
FL,SFD_CLADRATE,10d high wind nail,462.836757
FL,SFD_CLADRATE,6d any nail,477.683877
FL,SFD_CLADRATE,8d high wind nail,451.383418
FL,SFD_CLADRATE,8d minimum nail,394.34056
FL,SFD_CLADRATE,Batten decking,434.316885
FL,SFD_CLADRATE,Lumber and groove,456.254459
FL,SFD_CLADSYS,Vinyl siding,526.82521
FL,SFD_CLADSYS,EIFS,517.061626
FL,SFD_CLADSYS,Wood,469.520101
FL,SFD_CLADSYS,Metal sheathing,517.012177
FL,SFD_CLADSYS,Impact rated glazing,509.686449
FL,SFD_CLADSYS,Stucco,460.455186
FL,SFD_CLADSYS,Brick veneer,509.502545
FL,SFD_CLADSYS,Concrete block,535.189737
FL,SFD_CONSTQUALI,Signs of distress,453.748672
FL,SFD_CONSTQUALI,WH Roof existing,445.566454
FL,SFD_CONSTQUALI,Wind Roof existing,437.449335
FL,SFD_CONSTQUALI,Wind Gold existing,421.288176
FL,SFD_CONSTQUALI,Wind Silver existing,397.666671
FL,SFD_CONSTQUALI,WH Gold existing,457.107382
FL,SFD_CONSTQUALI,WH Silver existing,448.219497
FL,SFD_EXTORN,Extensive ornamentation,459.082299
FL,SFD_EXTORN,Extensive ornamentation and LPS,474.950331
FL,SFD_EXTORN,Large signs,518.046876
FL,SFD_EXTORN,Large signs and LPS,465.414593
FL,SFD_EXTORN,Lightning protection,529.087955
FL,SFD_FOUNDSYS,Bolted,437.263594
FL,SFD_FOUNDSYS,Engineered,447.251565
FL,SFD_FOUNDSYS,Unbolted,472.911677
FL,SFD_GARAGING,Attached garage,374.381223
FL,SFD_GARAGING,Detached garage,408.902295
FL,SFD_GARAGING,No garage,373.950438
FL,SFD_MECHGROUND,Generally unprotected,481.6685
FL,SFD_MECHGROUND,Generally protected,474.557442
FL,SFD_RESISTOPEN,Pressure small missile rated,442.056449
FL,SFD_RESISTOPEN,Pressure medium missile rated,476.049261
FL,SFD_RESISTOPEN,All openings pressure small missile rated,494.437981
FL,SFD_RESISTOPEN,All openings pressure medium missile rated,422.146935
FL,SFD_RESISTOPEN,All openings pressure large missile rated,509.424575
FL,SFD_ROOFAGE,0 to 5 years,245.816635
FL,SFD_ROOFAGE,6 to 10 years,253.635406
FL,SFD_ROOFAGE,11 years or more,281.275163
FL,SFD_ROOFANCH,Clips,286.240789
FL,SFD_ROOFANCH,Double wraps,289.673038
FL,SFD_ROOFANCH,Single wraps,268.762781
FL,SFD_ROOFANCH,Structural,278.286379
FL,SFD_ROOFANCH,Toenailing no anchorage,260.817886
FL,SFD_ROOFEQUIP,No equipment present,672.247574
FL,SFD_ROOFEQUIP,Roof mounted photovoltaic array,586.160994
FL,SFD_ROOFEQUIP,Roof mounted impact resistant array,558.615082
FL,SFD_ROOFEQUIP,Roof mounted mechanically attached array,675.294146
FL,SFD_ROOFGEOM,Complex roof,446.114563
FL,SFD_ROOFGEOM,Flat roof no parapets,396.022845
FL,SFD_ROOFGEOM,Flat roof parapets,473.391459
FL,SFD_ROOFGEOM,Gable roof LE6:12,469.002526
FL,SFD_ROOFGEOM,Braced gable LE6:12,464.64129
FL,SFD_ROOFGEOM,Gable roof GT6:12,426.230399
FL,SFD_ROOFGEOM,Braced gable GT6:12,457.100556
FL,SFD_ROOFGEOM,Hip roof LE6:12,415.456612
FL,SFD_ROOFGEOM,Hip roof GT6:12,414.551842
FL,SFD_ROOFMAINT,Excellent condition,464.745628
FL,SFD_ROOFMAINT,No deterioration or defects,421.804095
FL,SFD_ROOFMAINT,Visible defects,445.708538
FL,SFD_ROOFMAINT,Significant signs of distress,408.977777
FL,SFD_ROOFSYS,Built up or single ply,638.621682
FL,SFD_ROOFSYS,Built up with gutters,604.005548
FL,SFD_ROOFSYS,Built up without gutters,568.809489
FL,SFD_ROOFSYS,Built up unknown gutters,684.053382
FL,SFD_ROOFSYS,High wind shingle,647.378961
FL,SFD_ROOFSYS,High wind shingle plus SWR,669.108927
FL,SFD_ROOFSYS,Normal shingle,619.135009
FL,SFD_ROOFSYS,Normal shingle plus SWR,577.24933
FL,SFD_ROOFSYS,Metal concealed fasteners,646.412558
FL,SFD_ROOFSYS,Metal exposed fasteners,564.012552
FL,SFD_ROOFSYS,Metal unknown fasteners,581.857744
FL,SFD_ROOFSYS,Wood shakes,673.305828
FL,SFD_ROOFSYS,Concrete roof,580.634759
FL,SFD_ROOFSYS,Hail class 1,593.797345
FL,SFD_ROOFSYS,Hail class 2,591.973404
FL,SFD_ROOFSYS,Hail class 3,600.438708
FL,SFD_ROOFSYS,Hail class 4,589.131099
FL,SFD_ROOFSYS,Rubber roof,565.335009
FL,SFD_ROOFSYS,Green roof,674.206858
FL,SFD_ROOFSYS,Bermuda style roof,681.239732
FL,SFD_ROOFSYS,Concrete tiles,679.174723
FL,SFD_ROOFSYS,Slate tile,618.087401
FL,SFD_ROOFSYS,Fabric membrane,616.136415
FL,SFD_ROOFSYS,Solar tile,567.783164
FL,SFD_TODMGPROVISION,Cosmetic damage Fully covered,532.972443
FL,SFD_TODMGPROVISION,Cosmetic damage Mostly covered,481.066085
FL,SFD_TODMGPROVISION,Cosmetic damage Default,494.124312
FL,SFD_TODMGPROVISION,Cosmetic damage Rarely covered,496.525591
FL,SFD_TODMGPROVISION,Cosmetic damage Excluded,461.235763
FL,SFD_TOFLASHING,Compliant with ES1,445.051356
FL,SFD_TOFLASHING,Not compliant with ES1,493.665029
FL,SFD_TREEDENSITY,High tree risk high shielding,551.233862
FL,SFD_TREEDENSITY,Some trees some shielding,629.807176
FL,SFD_TREEDENSITY,No trees no shielding,547.840586
GA,COM_Unknown,Unknown,647.962836
GA,COM_ARCHITECT,Attached screen,446.769958
GA,COM_ARCHITECT,Detached screen,451.807905
GA,COM_ARCHITECT,Fences,506.945983
GA,COM_ARCHITECT,None,482.682745
GA,COM_ARCHITECT,Skylights,505.145352
GA,COM_ARCHITECT,Skylights protection,469.313392
GA,COM_CLADRATE,10d high wind nail,378.265295
GA,COM_CLADRATE,6d any nail,414.8842
GA,COM_CLADRATE,8d high wind nail,423.122661
GA,COM_CLADRATE,8d minimum nail,379.978507
GA,COM_CLADRATE,Batten decking,410.642682
GA,COM_CLADRATE,Lumber and groove,418.972321
GA,COM_CLADSYS,Vinyl siding,722.677543
GA,COM_CLADSYS,EIFS,755.803392
GA,COM_CLADSYS,Wood,674.669087
GA,COM_CLADSYS,Metal sheathing,729.350332
GA,COM_CLADSYS,Impact rated glazing,769.412019
GA,COM_CLADSYS,Stucco,765.21657
GA,COM_CLADSYS,Brick veneer,796.469334
GA,COM_CLADSYS,Concrete block,691.577124
GA,COM_CONSTQUALI,Signs of distress,522.264863
GA,COM_CONSTQUALI,WH Roof existing,565.059533
GA,COM_CONSTQUALI,Wind Roof existing,577.079786
GA,COM_CONSTQUALI,Wind Gold existing,558.553294
GA,COM_CONSTQUALI,Wind Silver existing,540.917147
GA,COM_CONSTQUALI,WH Gold existing,577.457735
GA,COM_CONSTQUALI,WH Silver existing,552.490018
GA,COM_EXTORN,Extensive ornamentation,436.429865
GA,COM_EXTORN,Extensive ornamentation and LPS,403.399632
GA,COM_EXTORN,Large signs,419.123423
GA,COM_EXTORN,Large signs and LPS,445.234498
GA,COM_EXTORN,Lightning protection,398.340202
GA,COM_FOUNDSYS,Bolted,664.090056
GA,COM_FOUNDSYS,Engineered,674.508384
GA,COM_FOUNDSYS,Unbolted,682.251452
GA,COM_GARAGING,Attached garage,629.291151
GA,COM_GARAGING,Detached garage,745.282902
GA,COM_GARAGING,No garage,743.160224
GA,COM_MECHGROUND,Generally unprotected,347.383252
GA,COM_MECHGROUND,Generally protected,314.088816
GA,COM_RESISTOPEN,Pressure small missile rated,600.048833
GA,COM_RESISTOPEN,Pressure medium missile rated,516.735596
GA,COM_RESISTOPEN,All openings pressure small missile rated,506.125488
GA,COM_RESISTOPEN,All openings pressure medium missile rated,560.669505
GA,COM_RESISTOPEN,All openings pressure large missile rated,538.444752
GA,COM_ROOFAGE,0 to 5 years,881.14583
GA,COM_ROOFAGE,6 to 10 years,936.90503
GA,COM_ROOFAGE,11 years or more,944.848943
GA,COM_ROOFANCH,Clips,329.340077
GA,COM_ROOFANCH,Double wraps,314.604306
GA,COM_ROOFANCH,Single wraps,287.545198
GA,COM_ROOFANCH,Structural,285.742922
GA,COM_ROOFANCH,Toenailing no anchorage,298.333289
GA,COM_ROOFEQUIP,No equipment present,464.20179
GA,COM_ROOFEQUIP,Roof mounted photovoltaic array,476.212881
GA,COM_ROOFEQUIP,Roof mounted impact resistant array,491.67745
GA,COM_ROOFEQUIP,Roof mounted mechanically attached array,447.00144
GA,COM_ROOFGEOM,Complex roof,570.797428
GA,COM_ROOFGEOM,Flat roof no parapets,545.620326
GA,COM_ROOFGEOM,Flat roof parapets,552.15833
GA,COM_ROOFGEOM,Gable roof LE6:12,591.610045
GA,COM_ROOFGEOM,Braced gable LE6:12,598.913022
GA,COM_ROOFGEOM,Gable roof GT6:12,580.971536
GA,COM_ROOFGEOM,Braced gable GT6:12,616.170404
GA,COM_ROOFGEOM,Hip roof LE6:12,562.38655
GA,COM_ROOFGEOM,Hip roof GT6:12,539.038853
GA,COM_ROOFMAINT,Excellent condition,300.799906
GA,COM_ROOFMAINT,No deterioration or defects,292.672218
GA,COM_ROOFMAINT,Visible defects,334.43593
GA,COM_ROOFMAINT,Significant signs of distress,306.14881
GA,COM_ROOFSYS,Built up or single ply,645.449984
GA,COM_ROOFSYS,Built up with gutters,578.016813
GA,COM_ROOFSYS,Built up without gutters,534.557267
GA,COM_ROOFSYS,Built up unknown gutters,649.872938
GA,COM_ROOFSYS,High wind shingle,578.371885
GA,COM_ROOFSYS,High wind shingle plus SWR,650.50651
GA,COM_ROOFSYS,Normal shingle,550.159229
GA,COM_ROOFSYS,Normal shingle plus SWR,600.27075
GA,COM_ROOFSYS,Metal concealed fasteners,627.797835
GA,COM_ROOFSYS,Metal exposed fasteners,556.596266
GA,COM_ROOFSYS,Metal unknown fasteners,617.877348
GA,COM_ROOFSYS,Wood shakes,600.684579
GA,COM_ROOFSYS,Concrete roof,534.803222
GA,COM_ROOFSYS,Hail class 1,564.072587
GA,COM_ROOFSYS,Hail class 2,589.452039
GA,COM_ROOFSYS,Hail class 3,643.509802
GA,COM_ROOFSYS,Hail class 4,651.624045
GA,COM_ROOFSYS,Rubber roof,558.50312
GA,COM_ROOFSYS,Green roof,598.251214
GA,COM_ROOFSYS,Bermuda style roof,610.133498
GA,COM_ROOFSYS,Concrete tiles,640.455838
GA,COM_ROOFSYS,Slate tile,620.441402
GA,COM_ROOFSYS,Fabric membrane,605.902356
GA,COM_ROOFSYS,Solar tile,560.209447
GA,COM_TODMGPROVISION,Cosmetic damage Fully covered,748.49929
GA,COM_TODMGPROVISION,Cosmetic damage Mostly covered,679.284699
GA,COM_TODMGPROVISION,Cosmetic damage Default,667.264496
GA,COM_TODMGPROVISION,Cosmetic damage Rarely covered,728.008735
GA,COM_TODMGPROVISION,Cosmetic damage Excluded,739.03784
GA,COM_TOFLASHING,Compliant with ES1,722.820614
GA,COM_TOFLASHING,Not compliant with ES1,697.403495
GA,COM_TREEDENSITY,High tree risk high shielding,344.252375
GA,COM_TREEDENSITY,Some trees some shielding,409.407069
GA,COM_TREEDENSITY,No trees no shielding,351.013876
GA,SFD_Unknown,Unknown,445.522774
GA,SFD_ARCHITECT,Attached screen,521.525931
GA,SFD_ARCHITECT,Detached screen,493.334866
GA,SFD_ARCHITECT,Fences,517.878546
GA,SFD_ARCHITECT,None,543.333885
GA,SFD_ARCHITECT,Skylights,492.865316
GA,SFD_ARCHITECT,Skylights protection,497.697598
GA,SFD_CLADRATE,10d high wind nail,447.071062
GA,SFD_CLADRATE,6d any nail,412.485835
GA,SFD_CLADRATE,8d high wind nail,478.409967
GA,SFD_CLADRATE,8d minimum nail,442.607332
GA,SFD_CLADRATE,Batten decking,469.858933
GA,SFD_CLADRATE,Lumber and groove,473.900568
GA,SFD_CLADSYS,Vinyl siding,430.614131
GA,SFD_CLADSYS,EIFS,500.102899
GA,SFD_CLADSYS,Wood,435.720374
GA,SFD_CLADSYS,Metal sheathing,479.940685
GA,SFD_CLADSYS,Impact rated glazing,440.89414
GA,SFD_CLADSYS,Stucco,493.651116
GA,SFD_CLADSYS,Brick veneer,434.541023
GA,SFD_CLADSYS,Concrete block,505.309982
GA,SFD_CONSTQUALI,Signs of distress,384.597564
GA,SFD_CONSTQUALI,WH Roof existing,377.798627
GA,SFD_CONSTQUALI,Wind Roof existing,369.499676
GA,SFD_CONSTQUALI,Wind Gold existing,366.030958
GA,SFD_CONSTQUALI,Wind Silver existing,432.354739
GA,SFD_CONSTQUALI,WH Gold existing,386.027233
GA,SFD_CONSTQUALI,WH Silver existing,369.290114
GA,SFD_EXTORN,Extensive ornamentation,524.642531
GA,SFD_EXTORN,Extensive ornamentation and LPS,547.775367
GA,SFD_EXTORN,Large signs,499.862222
GA,SFD_EXTORN,Large signs and LPS,478.648635
GA,SFD_EXTORN,Lightning protection,544.614701
GA,SFD_FOUNDSYS,Bolted,519.085461
GA,SFD_FOUNDSYS,Engineered,487.574156
GA,SFD_FOUNDSYS,Unbolted,449.664874
GA,SFD_GARAGING,Attached garage,432.832883
GA,SFD_GARAGING,Detached garage,410.656116
GA,SFD_GARAGING,No garage,446.43484
GA,SFD_MECHGROUND,Generally unprotected,435.570159
GA,SFD_MECHGROUND,Generally protected,457.40668
GA,SFD_RESISTOPEN,Pressure small missile rated,421.113269
GA,SFD_RESISTOPEN,Pressure medium missile rated,427.168068
GA,SFD_RESISTOPEN,All openings pressure small missile rated,456.892468
GA,SFD_RESISTOPEN,All openings pressure medium missile rated,422.351352
GA,SFD_RESISTOPEN,All openings pressure large missile rated,420.418631
GA,SFD_ROOFAGE,0 to 5 years,260.653659
GA,SFD_ROOFAGE,6 to 10 years,271.887336
GA,SFD_ROOFAGE,11 years or more,258.427783
GA,SFD_ROOFANCH,Clips,275.468286
GA,SFD_ROOFANCH,Double wraps,244.877864
GA,SFD_ROOFANCH,Single wraps,280.256949
GA,SFD_ROOFANCH,Structural,252.809973
GA,SFD_ROOFANCH,Toenailing no anchorage,248.27774
GA,SFD_ROOFEQUIP,No equipment present,641.187554
GA,SFD_ROOFEQUIP,Roof mounted photovoltaic array,576.291698
GA,SFD_ROOFEQUIP,Roof mounted impact resistant array,657.297946
GA,SFD_ROOFEQUIP,Roof mounted mechanically attached array,563.42479
GA,SFD_ROOFGEOM,Complex roof,434.037363
GA,SFD_ROOFGEOM,Flat roof no parapets,402.791497
GA,SFD_ROOFGEOM,Flat roof parapets,440.902747
GA,SFD_ROOFGEOM,Gable roof LE6:12,443.885872
GA,SFD_ROOFGEOM,Braced gable LE6:12,403.239092
GA,SFD_ROOFGEOM,Gable roof GT6:12,429.509772
GA,SFD_ROOFGEOM,Braced gable GT6:12,458.554769
GA,SFD_ROOFGEOM,Hip roof LE6:12,441.008274
GA,SFD_ROOFGEOM,Hip roof GT6:12,452.518189
GA,SFD_ROOFMAINT,Excellent condition,417.959139
GA,SFD_ROOFMAINT,No deterioration or defects,448.994031
GA,SFD_ROOFMAINT,Visible defects,404.633247
GA,SFD_ROOFMAINT,Significant signs of distress,466.679454
GA,SFD_ROOFSYS,Built up or single ply,644.829102
GA,SFD_ROOFSYS,Built up with gutters,593.252607
GA,SFD_ROOFSYS,Built up without gutters,636.745061
GA,SFD_ROOFSYS,Built up unknown gutters,611.629811
GA,SFD_ROOFSYS,High wind shingle,634.596791
GA,SFD_ROOFSYS,High wind shingle plus SWR,651.291595
GA,SFD_ROOFSYS,Normal shingle,665.575891
GA,SFD_ROOFSYS,Normal shingle plus SWR,619.456589
GA,SFD_ROOFSYS,Metal concealed fasteners,573.953139
GA,SFD_ROOFSYS,Metal exposed fasteners,587.692908
GA,SFD_ROOFSYS,Metal unknown fasteners,571.049083
GA,SFD_ROOFSYS,Wood shakes,583.742459
GA,SFD_ROOFSYS,Concrete roof,643.563667
GA,SFD_ROOFSYS,Hail class 1,631.743419
GA,SFD_ROOFSYS,Hail class 2,610.210091
GA,SFD_ROOFSYS,Hail class 3,632.628299
GA,SFD_ROOFSYS,Hail class 4,619.714028
GA,SFD_ROOFSYS,Rubber roof,595.145947
GA,SFD_ROOFSYS,Green roof,649.438693
GA,SFD_ROOFSYS,Bermuda style roof,632.712356
GA,SFD_ROOFSYS,Concrete tiles,649.885513
GA,SFD_ROOFSYS,Slate tile,576.508651
GA,SFD_ROOFSYS,Fabric membrane,603.314655
GA,SFD_ROOFSYS,Solar tile,673.093499
GA,SFD_TODMGPROVISION,Cosmetic damage Fully covered,451.220242
GA,SFD_TODMGPROVISION,Cosmetic damage Mostly covered,495.753264
GA,SFD_TODMGPROVISION,Cosmetic damage Default,537.191974
GA,SFD_TODMGPROVISION,Cosmetic damage Rarely covered,527.964526
GA,SFD_TODMGPROVISION,Cosmetic damage Excluded,497.734669
GA,SFD_TOFLASHING,Compliant with ES1,454.328897
GA,SFD_TOFLASHING,Not compliant with ES1,492.818374
GA,SFD_TREEDENSITY,High tree risk high shielding,602.069616
GA,SFD_TREEDENSITY,Some trees some shielding,636.441128
GA,SFD_TREEDENSITY,No trees no shielding,646.998564
IA,COM_Unknown,Unknown,615.12212
IA,COM_ARCHITECT,Attached screen,419.079809
IA,COM_ARCHITECT,Detached screen,470.952647
IA,COM_ARCHITECT,Fences,473.631186
IA,COM_ARCHITECT,None,464.744499
IA,COM_ARCHITECT,Skylights,487.006872
IA,COM_ARCHITECT,Skylights protection,440.337074
IA,COM_CLADRATE,10d high wind nail,377.840554
IA,COM_CLADRATE,6d any nail,357.900482
IA,COM_CLADRATE,8d high wind nail,388.065502
IA,COM_CLADRATE,8d minimum nail,354.881019
IA,COM_CLADRATE,Batten decking,382.636161
IA,COM_CLADRATE,Lumber and groove,374.505745
IA,COM_CLADSYS,Vinyl siding,703.571246
IA,COM_CLADSYS,EIFS,688.755203
IA,COM_CLADSYS,Wood,652.051956
IA,COM_CLADSYS,Metal sheathing,690.905113
IA,COM_CLADSYS,Impact rated glazing,657.631452
IA,COM_CLADSYS,Stucco,668.96779
IA,COM_CLADSYS,Brick veneer,745.781409
IA,COM_CLADSYS,Concrete block,687.158799
IA,COM_CONSTQUALI,Signs of distress,540.61907
IA,COM_CONSTQUALI,WH Roof existing,579.846677
IA,COM_CONSTQUALI,Wind Roof existing,490.363645
IA,COM_CONSTQUALI,Wind Gold existing,522.847873
IA,COM_CONSTQUALI,Wind Silver existing,498.6059
IA,COM_CONSTQUALI,WH Gold existing,578.716575
IA,COM_CONSTQUALI,WH Silver existing,540.45807
IA,COM_EXTORN,Extensive ornamentation,403.766419
IA,COM_EXTORN,Extensive ornamentation and LPS,408.636112
IA,COM_EXTORN,Large signs,380.631566
IA,COM_EXTORN,Large signs and LPS,373.719008
IA,COM_EXTORN,Lightning protection,373.069078
IA,COM_FOUNDSYS,Bolted,598.221904
IA,COM_FOUNDSYS,Engineered,647.427711
IA,COM_FOUNDSYS,Unbolted,645.197134
IA,COM_GARAGING,Attached garage,685.250128
IA,COM_GARAGING,Detached garage,582.535981
IA,COM_GARAGING,No garage,625.375182
IA,COM_MECHGROUND,Generally unprotected,335.258613
IA,COM_MECHGROUND,Generally protected,328.329122
IA,COM_RESISTOPEN,Pressure small missile rated,499.340963
IA,COM_RESISTOPEN,Pressure medium missile rated,515.85314
IA,COM_RESISTOPEN,All openings pressure small missile rated,541.486339
IA,COM_RESISTOPEN,All openings pressure medium missile rated,524.170095
IA,COM_RESISTOPEN,All openings pressure large missile rated,470.664125
IA,COM_ROOFAGE,0 to 5 years,949.369557
IA,COM_ROOFAGE,6 to 10 years,884.90656
IA,COM_ROOFAGE,11 years or more,937.84481
IA,COM_ROOFANCH,Clips,284.020578
IA,COM_ROOFANCH,Double wraps,279.862701
IA,COM_ROOFANCH,Single wraps,303.170114
IA,COM_ROOFANCH,Structural,288.576198
IA,COM_ROOFANCH,Toenailing no anchorage,318.896824
IA,COM_ROOFEQUIP,No equipment present,401.61554
IA,COM_ROOFEQUIP,Roof mounted photovoltaic array,443.04163
IA,COM_ROOFEQUIP,Roof mounted impact resistant array,404.04127
IA,COM_ROOFEQUIP,Roof mounted mechanically attached array,445.287347
IA,COM_ROOFGEOM,Complex roof,596.648804
IA,COM_ROOFGEOM,Flat roof no parapets,550.535866
IA,COM_ROOFGEOM,Flat roof parapets,524.896481
IA,COM_ROOFGEOM,Gable roof LE6:12,558.023155
IA,COM_ROOFGEOM,Braced gable LE6:12,574.005797
IA,COM_ROOFGEOM,Gable roof GT6:12,596.494161
IA,COM_ROOFGEOM,Braced gable GT6:12,531.874389
IA,COM_ROOFGEOM,Hip roof LE6:12,578.989996
IA,COM_ROOFGEOM,Hip roof GT6:12,569.12797
IA,COM_ROOFMAINT,Excellent condition,341.559508
IA,COM_ROOFMAINT,No deterioration or defects,293.744076
IA,COM_ROOFMAINT,Visible defects,303.490975
IA,COM_ROOFMAINT,Significant signs of distress,328.175106
IA,COM_ROOFSYS,Built up or single ply,518.265068
IA,COM_ROOFSYS,Built up with gutters,488.974314
IA,COM_ROOFSYS,Built up without gutters,482.677825
IA,COM_ROOFSYS,Built up unknown gutters,498.22367
IA,COM_ROOFSYS,High wind shingle,470.168759
IA,COM_ROOFSYS,High wind shingle plus SWR,534.785715
IA,COM_ROOFSYS,Normal shingle,542.721145
IA,COM_ROOFSYS,Normal shingle plus SWR,491.230139
IA,COM_ROOFSYS,Metal concealed fasteners,513.825414
IA,COM_ROOFSYS,Metal exposed fasteners,470.101129
IA,COM_ROOFSYS,Metal unknown fasteners,475.685148
IA,COM_ROOFSYS,Wood shakes,558.323021
IA,COM_ROOFSYS,Concrete roof,529.156038
IA,COM_ROOFSYS,Hail class 1,531.800346
IA,COM_ROOFSYS,Hail class 2,513.209779
IA,COM_ROOFSYS,Hail class 3,494.457544
IA,COM_ROOFSYS,Hail class 4,563.273638
IA,COM_ROOFSYS,Rubber roof,467.9064
IA,COM_ROOFSYS,Green roof,483.862448
IA,COM_ROOFSYS,Bermuda style roof,566.012744
IA,COM_ROOFSYS,Concrete tiles,548.251579
IA,COM_ROOFSYS,Slate tile,568.932368
IA,COM_ROOFSYS,Fabric membrane,492.493258
IA,COM_ROOFSYS,Solar tile,525.745762
IA,COM_TODMGPROVISION,Cosmetic damage Fully covered,720.636001
IA,COM_TODMGPROVISION,Cosmetic damage Mostly covered,731.275301
IA,COM_TODMGPROVISION,Cosmetic damage Default,732.507217
IA,COM_TODMGPROVISION,Cosmetic damage Rarely covered,613.136685
IA,COM_TODMGPROVISION,Cosmetic damage Excluded,644.406097
IA,COM_TOFLASHING,Compliant with ES1,614.41795
IA,COM_TOFLASHING,Not compliant with ES1,658.197662
IA,COM_TREEDENSITY,High tree risk high shielding,389.550755
IA,COM_TREEDENSITY,Some trees some shielding,357.33615
IA,COM_TREEDENSITY,No trees no shielding,360.530401
IA,SFD_Unknown,Unknown,330.21529
IA,SFD_ARCHITECT,Attached screen,348.173087
IA,SFD_ARCHITECT,Detached screen,369.461289
IA,SFD_ARCHITECT,Fences,350.279441
IA,SFD_ARCHITECT,None,359.327972
IA,SFD_ARCHITECT,Skylights,353.129945
IA,SFD_ARCHITECT,Skylights protection,329.746195
IA,SFD_CLADRATE,10d high wind nail,323.965804
IA,SFD_CLADRATE,6d any nail,367.934794
IA,SFD_CLADRATE,8d high wind nail,322.350357
IA,SFD_CLADRATE,8d minimum nail,317.632353
IA,SFD_CLADRATE,Batten decking,314.447529
IA,SFD_CLADRATE,Lumber and groove,341.445614
IA,SFD_CLADSYS,Vinyl siding,326.498402
IA,SFD_CLADSYS,EIFS,334.200252
IA,SFD_CLADSYS,Wood,332.108084
IA,SFD_CLADSYS,Metal sheathing,327.935515
IA,SFD_CLADSYS,Impact rated glazing,366.874755
IA,SFD_CLADSYS,Stucco,367.023744
IA,SFD_CLADSYS,Brick veneer,323.103583
IA,SFD_CLADSYS,Concrete block,353.455181
IA,SFD_CONSTQUALI,Signs of distress,337.17788
IA,SFD_CONSTQUALI,WH Roof existing,282.887971
IA,SFD_CONSTQUALI,Wind Roof existing,340.178945
IA,SFD_CONSTQUALI,Wind Gold existing,291.931209
IA,SFD_CONSTQUALI,Wind Silver existing,298.644955
IA,SFD_CONSTQUALI,WH Gold existing,286.449926
IA,SFD_CONSTQUALI,WH Silver existing,315.11149
IA,SFD_EXTORN,Extensive ornamentation,403.042686
IA,SFD_EXTORN,Extensive ornamentation and LPS,344.22358
IA,SFD_EXTORN,Large signs,389.867318
IA,SFD_EXTORN,Large signs and LPS,375.417714
IA,SFD_EXTORN,Lightning protection,402.268457
IA,SFD_FOUNDSYS,Bolted,350.830347
IA,SFD_FOUNDSYS,Engineered,307.291279
IA,SFD_FOUNDSYS,Unbolted,344.528353
IA,SFD_GARAGING,Attached garage,345.877648
IA,SFD_GARAGING,Detached garage,339.037132
IA,SFD_GARAGING,No garage,341.85591
IA,SFD_MECHGROUND,Generally unprotected,343.2975
IA,SFD_MECHGROUND,Generally protected,382.426281
IA,SFD_RESISTOPEN,Pressure small missile rated,348.520375
IA,SFD_RESISTOPEN,Pressure medium missile rated,337.706225
IA,SFD_RESISTOPEN,All openings pressure small missile rated,318.453837
IA,SFD_RESISTOPEN,All openings pressure medium missile rated,377.023103
IA,SFD_RESISTOPEN,All openings pressure large missile rated,329.175319
IA,SFD_ROOFAGE,0 to 5 years,196.33591
IA,SFD_ROOFAGE,6 to 10 years,192.837306
IA,SFD_ROOFAGE,11 years or more,208.23928
IA,SFD_ROOFANCH,Clips,193.212666
IA,SFD_ROOFANCH,Double wraps,207.446511
IA,SFD_ROOFANCH,Single wraps,205.820965
IA,SFD_ROOFANCH,Structural,207.031523
IA,SFD_ROOFANCH,Toenailing no anchorage,202.214101
IA,SFD_ROOFEQUIP,No equipment present,444.56144
IA,SFD_ROOFEQUIP,Roof mounted photovoltaic array,444.264117
IA,SFD_ROOFEQUIP,Roof mounted impact resistant array,474.448052
IA,SFD_ROOFEQUIP,Roof mounted mechanically attached array,507.666596
IA,SFD_ROOFGEOM,Complex roof,284.653281
IA,SFD_ROOFGEOM,Flat roof no parapets,306.785771
IA,SFD_ROOFGEOM,Flat roof parapets,287.07479
IA,SFD_ROOFGEOM,Gable roof LE6:12,299.221852
IA,SFD_ROOFGEOM,Braced gable LE6:12,303.85138
IA,SFD_ROOFGEOM,Gable roof GT6:12,299.496685
IA,SFD_ROOFGEOM,Braced gable GT6:12,308.985385
IA,SFD_ROOFGEOM,Hip roof LE6:12,278.014521
IA,SFD_ROOFGEOM,Hip roof GT6:12,270.572223
IA,SFD_ROOFMAINT,Excellent condition,275.513741
IA,SFD_ROOFMAINT,No deterioration or defects,329.680358
IA,SFD_ROOFMAINT,Visible defects,323.189753
IA,SFD_ROOFMAINT,Significant signs of distress,279.356908
IA,SFD_ROOFSYS,Built up or single ply,429.593182
IA,SFD_ROOFSYS,Built up with gutters,462.202753
IA,SFD_ROOFSYS,Built up without gutters,481.195364
IA,SFD_ROOFSYS,Built up unknown gutters,424.47605
IA,SFD_ROOFSYS,High wind shingle,423.117637
IA,SFD_ROOFSYS,High wind shingle plus SWR,464.370571
IA,SFD_ROOFSYS,Normal shingle,440.312715
IA,SFD_ROOFSYS,Normal shingle plus SWR,454.092547
IA,SFD_ROOFSYS,Metal concealed fasteners,424.496789
IA,SFD_ROOFSYS,Metal exposed fasteners,498.319247
IA,SFD_ROOFSYS,Metal unknown fasteners,480.944945
IA,SFD_ROOFSYS,Wood shakes,456.030995
IA,SFD_ROOFSYS,Concrete roof,475.40486
IA,SFD_ROOFSYS,Hail class 1,440.126668
IA,SFD_ROOFSYS,Hail class 2,474.589678
IA,SFD_ROOFSYS,Hail class 3,448.083997
IA,SFD_ROOFSYS,Hail class 4,475.277019
IA,SFD_ROOFSYS,Rubber roof,451.54508
IA,SFD_ROOFSYS,Green roof,478.990015
IA,SFD_ROOFSYS,Bermuda style roof,439.444813
IA,SFD_ROOFSYS,Concrete tiles,481.506993
IA,SFD_ROOFSYS,Slate tile,466.453143
IA,SFD_ROOFSYS,Fabric membrane,415.861682
IA,SFD_ROOFSYS,Solar tile,446.946669
IA,SFD_TODMGPROVISION,Cosmetic damage Fully covered,338.951361
IA,SFD_TODMGPROVISION,Cosmetic damage Mostly covered,348.723684
IA,SFD_TODMGPROVISION,Cosmetic damage Default,370.735006
IA,SFD_TODMGPROVISION,Cosmetic damage Rarely covered,363.993735
IA,SFD_TODMGPROVISION,Cosmetic damage Excluded,315.588235
IA,SFD_TOFLASHING,Compliant with ES1,345.528261
IA,SFD_TOFLASHING,Not compliant with ES1,345.448527
IA,SFD_TREEDENSITY,High tree risk high shielding,401.844127
IA,SFD_TREEDENSITY,Some trees some shielding,474.229179
IA,SFD_TREEDENSITY,No trees no shielding,463.599815
ID,COM_Unknown,Unknown,654.803914
ID,COM_ARCHITECT,Attached screen,411.954967
ID,COM_ARCHITECT,Detached screen,482.775161
ID,COM_ARCHITECT,Fences,494.034257
ID,COM_ARCHITECT,None,421.221466
ID,COM_ARCHITECT,Skylights,453.656758
ID,COM_ARCHITECT,Skylights protection,472.706941
ID,COM_CLADRATE,10d high wind nail,407.091192
ID,COM_CLADRATE,6d any nail,371.196489
ID,COM_CLADRATE,8d high wind nail,383.738607
ID,COM_CLADRATE,8d minimum nail,390.329339
ID,COM_CLADRATE,Batten decking,362.454414
ID,COM_CLADRATE,Lumber and groove,408.372998
ID,COM_CLADSYS,Vinyl siding,786.680116
ID,COM_CLADSYS,EIFS,739.349565
ID,COM_CLADSYS,Wood,711.454798
ID,COM_CLADSYS,Metal sheathing,818.639925
ID,COM_CLADSYS,Impact rated glazing,794.329557
ID,COM_CLADSYS,Stucco,751.804275
ID,COM_CLADSYS,Brick veneer,841.509083
ID,COM_CLADSYS,Concrete block,791.787516
ID,COM_CONSTQUALI,Signs of distress,653.642448
ID,COM_CONSTQUALI,WH Roof existing,591.287358
ID,COM_CONSTQUALI,Wind Roof existing,631.397999
ID,COM_CONSTQUALI,Wind Gold existing,644.569996
ID,COM_CONSTQUALI,Wind Silver existing,655.032836
ID,COM_CONSTQUALI,WH Gold existing,560.270977
ID,COM_CONSTQUALI,WH Silver existing,549.8412
ID,COM_EXTORN,Extensive ornamentation,465.27191
ID,COM_EXTORN,Extensive ornamentation and LPS,495.872178
ID,COM_EXTORN,Large signs,478.257207
ID,COM_EXTORN,Large signs and LPS,465.026586
ID,COM_EXTORN,Lightning protection,496.587138
ID,COM_FOUNDSYS,Bolted,612.763669
ID,COM_FOUNDSYS,Engineered,645.368837
ID,COM_FOUNDSYS,Unbolted,701.442477
ID,COM_GARAGING,Attached garage,683.863664
ID,COM_GARAGING,Detached garage,651.410872
ID,COM_GARAGING,No garage,681.63455
ID,COM_MECHGROUND,Generally unprotected,338.558823
ID,COM_MECHGROUND,Generally protected,346.360549
ID,COM_RESISTOPEN,Pressure small missile rated,543.553107
ID,COM_RESISTOPEN,Pressure medium missile rated,594.079842
ID,COM_RESISTOPEN,All openings pressure small missile rated,559.475821
ID,COM_RESISTOPEN,All openings pressure medium missile rated,585.030542
ID,COM_RESISTOPEN,All openings pressure large missile rated,597.057624
ID,COM_ROOFAGE,0 to 5 years,909.824502
ID,COM_ROOFAGE,6 to 10 years,992.353637
ID,COM_ROOFAGE,11 years or more,969.377079
ID,COM_ROOFANCH,Clips,355.582035
ID,COM_ROOFANCH,Double wraps,358.876084
ID,COM_ROOFANCH,Single wraps,325.620601
ID,COM_ROOFANCH,Structural,326.601803
ID,COM_ROOFANCH,Toenailing no anchorage,321.354721
ID,COM_ROOFEQUIP,No equipment present,433.237764
ID,COM_ROOFEQUIP,Roof mounted photovoltaic array,453.874086
ID,COM_ROOFEQUIP,Roof mounted impact resistant array,411.948124
ID,COM_ROOFEQUIP,Roof mounted mechanically attached array,481.417449
ID,COM_ROOFGEOM,Complex roof,591.320857
ID,COM_ROOFGEOM,Flat roof no parapets,647.474199
ID,COM_ROOFGEOM,Flat roof parapets,582.946586
ID,COM_ROOFGEOM,Gable roof LE6:12,625.379414
ID,COM_ROOFGEOM,Braced gable LE6:12,629.884798
ID,COM_ROOFGEOM,Gable roof GT6:12,561.198873
ID,COM_ROOFGEOM,Braced gable GT6:12,543.205827
ID,COM_ROOFGEOM,Hip roof LE6:12,575.988384
ID,COM_ROOFGEOM,Hip roof GT6:12,617.986758
ID,COM_ROOFMAINT,Excellent condition,342.272606
ID,COM_ROOFMAINT,No deterioration or defects,360.920712
ID,COM_ROOFMAINT,Visible defects,299.129705
ID,COM_ROOFMAINT,Significant signs of distress,324.029293
ID,COM_ROOFSYS,Built up or single ply,523.265375
ID,COM_ROOFSYS,Built up with gutters,513.707127
ID,COM_ROOFSYS,Built up without gutters,528.896443
ID,COM_ROOFSYS,Built up unknown gutters,596.791897
ID,COM_ROOFSYS,High wind shingle,609.015615
ID,COM_ROOFSYS,High wind shingle plus SWR,548.964347
ID,COM_ROOFSYS,Normal shingle,542.333927
ID,COM_ROOFSYS,Normal shingle plus SWR,539.703184
ID,COM_ROOFSYS,Metal concealed fasteners,620.791863
ID,COM_ROOFSYS,Metal exposed fasteners,568.570649
ID,COM_ROOFSYS,Metal unknown fasteners,591.005379
ID,COM_ROOFSYS,Wood shakes,616.113567
ID,COM_ROOFSYS,Concrete roof,581.274118
ID,COM_ROOFSYS,Hail class 1,541.871921
ID,COM_ROOFSYS,Hail class 2,616.545783
ID,COM_ROOFSYS,Hail class 3,592.957951
ID,COM_ROOFSYS,Hail class 4,516.979916
ID,COM_ROOFSYS,Rubber roof,584.071403
ID,COM_ROOFSYS,Green roof,609.013981
ID,COM_ROOFSYS,Bermuda style roof,525.543546
ID,COM_ROOFSYS,Concrete tiles,620.312593
ID,COM_ROOFSYS,Slate tile,516.639869
ID,COM_ROOFSYS,Fabric membrane,531.403493
ID,COM_ROOFSYS,Solar tile,514.627571
ID,COM_TODMGPROVISION,Cosmetic damage Fully covered,750.164173
ID,COM_TODMGPROVISION,Cosmetic damage Mostly covered,742.456773
ID,COM_TODMGPROVISION,Cosmetic damage Default,718.031605
ID,COM_TODMGPROVISION,Cosmetic damage Rarely covered,659.648989
ID,COM_TODMGPROVISION,Cosmetic damage Excluded,787.405021
ID,COM_TOFLASHING,Compliant with ES1,757.59483
ID,COM_TOFLASHING,Not compliant with ES1,694.645016
ID,COM_TREEDENSITY,High tree risk high shielding,395.309122
ID,COM_TREEDENSITY,Some trees some shielding,416.868814
ID,COM_TREEDENSITY,No trees no shielding,377.344546
ID,SFD_Unknown,Unknown,579.262373
ID,SFD_ARCHITECT,Attached screen,700.269299
ID,SFD_ARCHITECT,Detached screen,665.261499
ID,SFD_ARCHITECT,Fences,715.435439
ID,SFD_ARCHITECT,None,647.780121
ID,SFD_ARCHITECT,Skylights,729.863446
ID,SFD_ARCHITECT,Skylights protection,691.48337
ID,SFD_CLADRATE,10d high wind nail,597.565712
ID,SFD_CLADRATE,6d any nail,591.384312
ID,SFD_CLADRATE,8d high wind nail,595.956224
ID,SFD_CLADRATE,8d minimum nail,537.489158
ID,SFD_CLADRATE,Batten decking,583.928065
ID,SFD_CLADRATE,Lumber and groove,603.295705
ID,SFD_CLADSYS,Vinyl siding,631.554116
ID,SFD_CLADSYS,EIFS,558.647053
ID,SFD_CLADSYS,Wood,637.0874
ID,SFD_CLADSYS,Metal sheathing,662.346838
ID,SFD_CLADSYS,Impact rated glazing,628.212577
ID,SFD_CLADSYS,Stucco,628.61742
ID,SFD_CLADSYS,Brick veneer,598.521889
ID,SFD_CLADSYS,Concrete block,564.209856
ID,SFD_CONSTQUALI,Signs of distress,486.045917
ID,SFD_CONSTQUALI,WH Roof existing,555.911519
ID,SFD_CONSTQUALI,Wind Roof existing,514.885796
ID,SFD_CONSTQUALI,Wind Gold existing,536.238307
ID,SFD_CONSTQUALI,Wind Silver existing,516.652056
ID,SFD_CONSTQUALI,WH Gold existing,497.630009
ID,SFD_CONSTQUALI,WH Silver existing,532.760364
ID,SFD_EXTORN,Extensive ornamentation,689.843638
ID,SFD_EXTORN,Extensive ornamentation and LPS,590.949637
ID,SFD_EXTORN,Large signs,587.075422
ID,SFD_EXTORN,Large signs and LPS,600.366684
ID,SFD_EXTORN,Lightning protection,699.282475
ID,SFD_FOUNDSYS,Bolted,598.959924
ID,SFD_FOUNDSYS,Engineered,525.071677
ID,SFD_FOUNDSYS,Unbolted,575.117358
ID,SFD_GARAGING,Attached garage,543.541741
ID,SFD_GARAGING,Detached garage,569.535848
ID,SFD_GARAGING,No garage,498.51252
ID,SFD_MECHGROUND,Generally unprotected,675.68567
ID,SFD_MECHGROUND,Generally protected,570.759432
ID,SFD_RESISTOPEN,Pressure small missile rated,614.334991
ID,SFD_RESISTOPEN,Pressure medium missile rated,567.848573
ID,SFD_RESISTOPEN,All openings pressure small missile rated,670.336187
ID,SFD_RESISTOPEN,All openings pressure medium missile rated,581.348226
ID,SFD_RESISTOPEN,All openings pressure large missile rated,650.416763
ID,SFD_ROOFAGE,0 to 5 years,343.197153
ID,SFD_ROOFAGE,6 to 10 years,311.132365
ID,SFD_ROOFAGE,11 years or more,357.216407
ID,SFD_ROOFANCH,Clips,314.249658
ID,SFD_ROOFANCH,Double wraps,317.018902
ID,SFD_ROOFANCH,Single wraps,350.666751
ID,SFD_ROOFANCH,Structural,325.285042
ID,SFD_ROOFANCH,Toenailing no anchorage,318.135547
ID,SFD_ROOFEQUIP,No equipment present,838.091408
ID,SFD_ROOFEQUIP,Roof mounted photovoltaic array,829.903182
ID,SFD_ROOFEQUIP,Roof mounted impact resistant array,919.598664
ID,SFD_ROOFEQUIP,Roof mounted mechanically attached array,778.059141
ID,SFD_ROOFGEOM,Complex roof,461.191905
ID,SFD_ROOFGEOM,Flat roof no parapets,537.477631
ID,SFD_ROOFGEOM,Flat roof parapets,481.468582
ID,SFD_ROOFGEOM,Gable roof LE6:12,471.814739
ID,SFD_ROOFGEOM,Braced gable LE6:12,477.593046
ID,SFD_ROOFGEOM,Gable roof GT6:12,480.164353
ID,SFD_ROOFGEOM,Braced gable GT6:12,553.301587
ID,SFD_ROOFGEOM,Hip roof LE6:12,558.865612
ID,SFD_ROOFGEOM,Hip roof GT6:12,489.751654
ID,SFD_ROOFMAINT,Excellent condition,562.919393
ID,SFD_ROOFMAINT,No deterioration or defects,554.622015
ID,SFD_ROOFMAINT,Visible defects,528.352221
ID,SFD_ROOFMAINT,Significant signs of distress,579.604227
ID,SFD_ROOFSYS,Built up or single ply,894.563939
ID,SFD_ROOFSYS,Built up with gutters,775.951345
ID,SFD_ROOFSYS,Built up without gutters,897.259206
ID,SFD_ROOFSYS,Built up unknown gutters,764.254186
ID,SFD_ROOFSYS,High wind shingle,825.849374
ID,SFD_ROOFSYS,High wind shingle plus SWR,866.834962
ID,SFD_ROOFSYS,Normal shingle,787.465062
ID,SFD_ROOFSYS,Normal shingle plus SWR,910.745215
ID,SFD_ROOFSYS,Metal concealed fasteners,816.497733
ID,SFD_ROOFSYS,Metal exposed fasteners,857.816295
ID,SFD_ROOFSYS,Metal unknown fasteners,783.729315
ID,SFD_ROOFSYS,Wood shakes,863.333016
ID,SFD_ROOFSYS,Concrete roof,875.964596
ID,SFD_ROOFSYS,Hail class 1,835.968488
ID,SFD_ROOFSYS,Hail class 2,898.392251
ID,SFD_ROOFSYS,Hail class 3,892.220681
ID,SFD_ROOFSYS,Hail class 4,917.565887
ID,SFD_ROOFSYS,Rubber roof,864.611917
ID,SFD_ROOFSYS,Green roof,860.597457
ID,SFD_ROOFSYS,Bermuda style roof,760.576871
ID,SFD_ROOFSYS,Concrete tiles,784.958255
ID,SFD_ROOFSYS,Slate tile,758.47543
ID,SFD_ROOFSYS,Fabric membrane,894.790417
ID,SFD_ROOFSYS,Solar tile,824.05029
ID,SFD_TODMGPROVISION,Cosmetic damage Fully covered,602.725223
ID,SFD_TODMGPROVISION,Cosmetic damage Mostly covered,635.660385
ID,SFD_TODMGPROVISION,Cosmetic damage Default,676.691303
ID,SFD_TODMGPROVISION,Cosmetic damage Rarely covered,590.801202
ID,SFD_TODMGPROVISION,Cosmetic damage Excluded,625.878357
ID,SFD_TOFLASHING,Compliant with ES1,687.515098
ID,SFD_TOFLASHING,Not compliant with ES1,691.39294
ID,SFD_TREEDENSITY,High tree risk high shielding,729.825101
ID,SFD_TREEDENSITY,Some trees some shielding,814.505337
ID,SFD_TREEDENSITY,No trees no shielding,777.665969
IL,COM_Unknown,Unknown,426.092242
IL,COM_ARCHITECT,Attached screen,292.097171
IL,COM_ARCHITECT,Detached screen,325.700639
IL,COM_ARCHITECT,Fences,306.638952
IL,COM_ARCHITECT,None,307.149719
IL,COM_ARCHITECT,Skylights,284.20245
IL,COM_ARCHITECT,Skylights protection,301.683892
IL,COM_CLADRATE,10d high wind nail,254.729848
IL,COM_CLADRATE,6d any nail,228.793956
IL,COM_CLADRATE,8d high wind nail,246.852049
IL,COM_CLADRATE,8d minimum nail,232.963416
IL,COM_CLADRATE,Batten decking,241.237843
IL,COM_CLADRATE,Lumber and groove,263.570994
IL,COM_CLADSYS,Vinyl siding,514.51013
IL,COM_CLADSYS,EIFS,500.710372
IL,COM_CLADSYS,Wood,531.848641
IL,COM_CLADSYS,Metal sheathing,509.272142
IL,COM_CLADSYS,Impact rated glazing,468.169571
IL,COM_CLADSYS,Stucco,544.856001
IL,COM_CLADSYS,Brick veneer,456.32488
IL,COM_CLADSYS,Concrete block,459.673938
IL,COM_CONSTQUALI,Signs of distress,352.151307
IL,COM_CONSTQUALI,WH Roof existing,373.376525
IL,COM_CONSTQUALI,Wind Roof existing,374.712217
IL,COM_CONSTQUALI,Wind Gold existing,392.697299
IL,COM_CONSTQUALI,Wind Silver existing,390.800647
IL,COM_CONSTQUALI,WH Gold existing,332.178524
IL,COM_CONSTQUALI,WH Silver existing,369.617006
IL,COM_EXTORN,Extensive ornamentation,295.934096
IL,COM_EXTORN,Extensive ornamentation and LPS,313.522357
IL,COM_EXTORN,Large signs,289.102146
IL,COM_EXTORN,Large signs and LPS,322.821752
IL,COM_EXTORN,Lightning protection,305.779526
IL,COM_FOUNDSYS,Bolted,466.042366
IL,COM_FOUNDSYS,Engineered,463.07573
IL,COM_FOUNDSYS,Unbolted,430.109813
IL,COM_GARAGING,Attached garage,443.687722
IL,COM_GARAGING,Detached garage,469.633274
IL,COM_GARAGING,No garage,445.512435
IL,COM_MECHGROUND,Generally unprotected,232.658273
IL,COM_MECHGROUND,Generally protected,229.379507
IL,COM_RESISTOPEN,Pressure small missile rated,349.758863
IL,COM_RESISTOPEN,Pressure medium missile rated,388.98024
IL,COM_RESISTOPEN,All openings pressure small missile rated,360.886207
IL,COM_RESISTOPEN,All openings pressure medium missile rated,378.300464
IL,COM_RESISTOPEN,All openings pressure large missile rated,364.163066
IL,COM_ROOFAGE,0 to 5 years,610.446857
IL,COM_ROOFAGE,6 to 10 years,631.078623
IL,COM_ROOFAGE,11 years or more,570.72001
IL,COM_ROOFANCH,Clips,213.299633
IL,COM_ROOFANCH,Double wraps,202.68853
IL,COM_ROOFANCH,Single wraps,190.73294
IL,COM_ROOFANCH,Structural,213.079166
IL,COM_ROOFANCH,Toenailing no anchorage,208.364057
IL,COM_ROOFEQUIP,No equipment present,284.705801
IL,COM_ROOFEQUIP,Roof mounted photovoltaic array,309.83938
IL,COM_ROOFEQUIP,Roof mounted impact resistant array,292.688474
IL,COM_ROOFEQUIP,Roof mounted mechanically attached array,312.093469
IL,COM_ROOFGEOM,Complex roof,344.914271
IL,COM_ROOFGEOM,Flat roof no parapets,380.573466
IL,COM_ROOFGEOM,Flat roof parapets,339.511724
IL,COM_ROOFGEOM,Gable roof LE6:12,366.93475
IL,COM_ROOFGEOM,Braced gable LE6:12,389.038919
IL,COM_ROOFGEOM,Gable roof GT6:12,337.813079
IL,COM_ROOFGEOM,Braced gable GT6:12,388.396964
IL,COM_ROOFGEOM,Hip roof LE6:12,346.511854
IL,COM_ROOFGEOM,Hip roof GT6:12,335.634233
IL,COM_ROOFMAINT,Excellent condition,212.272906
IL,COM_ROOFMAINT,No deterioration or defects,212.810248
IL,COM_ROOFMAINT,Visible defects,190.430386
IL,COM_ROOFMAINT,Significant signs of distress,225.227435
IL,COM_ROOFSYS,Built up or single ply,400.564771
IL,COM_ROOFSYS,Built up with gutters,382.790858
IL,COM_ROOFSYS,Built up without gutters,373.045895
IL,COM_ROOFSYS,Built up unknown gutters,349.37233
IL,COM_ROOFSYS,High wind shingle,356.330006
IL,COM_ROOFSYS,High wind shingle plus SWR,393.052655
IL,COM_ROOFSYS,Normal shingle,399.070862
IL,COM_ROOFSYS,Normal shingle plus SWR,369.174226
IL,COM_ROOFSYS,Metal concealed fasteners,396.611651
IL,COM_ROOFSYS,Metal exposed fasteners,383.064716
IL,COM_ROOFSYS,Metal unknown fasteners,362.431519
IL,COM_ROOFSYS,Wood shakes,353.341316
IL,COM_ROOFSYS,Concrete roof,402.152339
IL,COM_ROOFSYS,Hail class 1,340.426789
IL,COM_ROOFSYS,Hail class 2,381.31786
IL,COM_ROOFSYS,Hail class 3,391.586164
IL,COM_ROOFSYS,Hail class 4,347.158611
IL,COM_ROOFSYS,Rubber roof,374.968867
IL,COM_ROOFSYS,Green roof,343.141132
IL,COM_ROOFSYS,Bermuda style roof,361.089172
IL,COM_ROOFSYS,Concrete tiles,348.822923
IL,COM_ROOFSYS,Slate tile,370.074751
IL,COM_ROOFSYS,Fabric membrane,380.626989
IL,COM_ROOFSYS,Solar tile,398.043544
IL,COM_TODMGPROVISION,Cosmetic damage Fully covered,460.460212
IL,COM_TODMGPROVISION,Cosmetic damage Mostly covered,467.009254
IL,COM_TODMGPROVISION,Cosmetic damage Default,458.932869
IL,COM_TODMGPROVISION,Cosmetic damage Rarely covered,448.854533
IL,COM_TODMGPROVISION,Cosmetic damage Excluded,462.908776
IL,COM_TOFLASHING,Compliant with ES1,430.218546
IL,COM_TOFLASHING,Not compliant with ES1,472.232249
IL,COM_TREEDENSITY,High tree risk high shielding,275.173688
IL,COM_TREEDENSITY,Some trees some shielding,261.685268
IL,COM_TREEDENSITY,No trees no shielding,244.445511
IL,SFD_Unknown,Unknown,311.882005
IL,SFD_ARCHITECT,Attached screen,362.529908
IL,SFD_ARCHITECT,Detached screen,334.22528
IL,SFD_ARCHITECT,Fences,349.597779
IL,SFD_ARCHITECT,None,376.644364
IL,SFD_ARCHITECT,Skylights,342.334063
IL,SFD_ARCHITECT,Skylights protection,356.142246
IL,SFD_CLADRATE,10d high wind nail,290.133465
IL,SFD_CLADRATE,6d any nail,280.842634
IL,SFD_CLADRATE,8d high wind nail,323.876019
IL,SFD_CLADRATE,8d minimum nail,317.243825
IL,SFD_CLADRATE,Batten decking,307.485618
IL,SFD_CLADRATE,Lumber and groove,289.254862
IL,SFD_CLADSYS,Vinyl siding,344.12721
IL,SFD_CLADSYS,EIFS,305.587844
IL,SFD_CLADSYS,Wood,318.427376
IL,SFD_CLADSYS,Metal sheathing,358.454145
IL,SFD_CLADSYS,Impact rated glazing,323.20285
IL,SFD_CLADSYS,Stucco,304.062869
IL,SFD_CLADSYS,Brick veneer,367.72166
IL,SFD_CLADSYS,Concrete block,308.887304
IL,SFD_CONSTQUALI,Signs of distress,296.044043
IL,SFD_CONSTQUALI,WH Roof existing,250.548553
IL,SFD_CONSTQUALI,Wind Roof existing,296.979071
IL,SFD_CONSTQUALI,Wind Gold existing,280.192677
IL,SFD_CONSTQUALI,Wind Silver existing,268.507951
IL,SFD_CONSTQUALI,WH Gold existing,267.732027
IL,SFD_CONSTQUALI,WH Silver existing,285.126155
IL,SFD_EXTORN,Extensive ornamentation,330.855851
IL,SFD_EXTORN,Extensive ornamentation and LPS,349.558364
IL,SFD_EXTORN,Large signs,361.669517
IL,SFD_EXTORN,Large signs and LPS,347.40043
IL,SFD_EXTORN,Lightning protection,356.758798
IL,SFD_FOUNDSYS,Bolted,335.789751
IL,SFD_FOUNDSYS,Engineered,340.074327
IL,SFD_FOUNDSYS,Unbolted,327.054419
IL,SFD_GARAGING,Attached garage,290.13824
IL,SFD_GARAGING,Detached garage,306.107342
IL,SFD_GARAGING,No garage,271.93322
IL,SFD_MECHGROUND,Generally unprotected,326.97817
IL,SFD_MECHGROUND,Generally protected,340.068644
IL,SFD_RESISTOPEN,Pressure small missile rated,327.751596
IL,SFD_RESISTOPEN,Pressure medium missile rated,334.464868
IL,SFD_RESISTOPEN,All openings pressure small missile rated,324.449304
IL,SFD_RESISTOPEN,All openings pressure medium missile rated,348.210102
IL,SFD_RESISTOPEN,All openings pressure large missile rated,308.641991
IL,SFD_ROOFAGE,0 to 5 years,186.353731
IL,SFD_ROOFAGE,6 to 10 years,172.200916
IL,SFD_ROOFAGE,11 years or more,208.197439
IL,SFD_ROOFANCH,Clips,189.964446
IL,SFD_ROOFANCH,Double wraps,174.24608
IL,SFD_ROOFANCH,Single wraps,194.029601
IL,SFD_ROOFANCH,Structural,173.581172
IL,SFD_ROOFANCH,Toenailing no anchorage,189.29035
IL,SFD_ROOFEQUIP,No equipment present,477.848403
IL,SFD_ROOFEQUIP,Roof mounted photovoltaic array,406.728043
IL,SFD_ROOFEQUIP,Roof mounted impact resistant array,472.776387
IL,SFD_ROOFEQUIP,Roof mounted mechanically attached array,452.265339
IL,SFD_ROOFGEOM,Complex roof,305.97192
IL,SFD_ROOFGEOM,Flat roof no parapets,280.501294
IL,SFD_ROOFGEOM,Flat roof parapets,303.58688
IL,SFD_ROOFGEOM,Gable roof LE6:12,281.495004
IL,SFD_ROOFGEOM,Braced gable LE6:12,297.57397
IL,SFD_ROOFGEOM,Gable roof GT6:12,267.274653
IL,SFD_ROOFGEOM,Braced gable GT6:12,284.462445
IL,SFD_ROOFGEOM,Hip roof LE6:12,293.26874
IL,SFD_ROOFGEOM,Hip roof GT6:12,295.264474
IL,SFD_ROOFMAINT,Excellent condition,304.576851
IL,SFD_ROOFMAINT,No deterioration or defects,325.16146
IL,SFD_ROOFMAINT,Visible defects,309.675074
IL,SFD_ROOFMAINT,Significant signs of distress,306.252755
IL,SFD_ROOFSYS,Built up or single ply,401.653485
IL,SFD_ROOFSYS,Built up with gutters,424.725664
IL,SFD_ROOFSYS,Built up without gutters,460.956887
IL,SFD_ROOFSYS,Built up unknown gutters,454.331411
IL,SFD_ROOFSYS,High wind shingle,441.665614
IL,SFD_ROOFSYS,High wind shingle plus SWR,447.900792
IL,SFD_ROOFSYS,Normal shingle,454.484455
IL,SFD_ROOFSYS,Normal shingle plus SWR,427.53784
IL,SFD_ROOFSYS,Metal concealed fasteners,408.009243
IL,SFD_ROOFSYS,Metal exposed fasteners,439.793147
IL,SFD_ROOFSYS,Metal unknown fasteners,417.820874
IL,SFD_ROOFSYS,Wood shakes,377.584068
IL,SFD_ROOFSYS,Concrete roof,433.602263
IL,SFD_ROOFSYS,Hail class 1,411.013752
IL,SFD_ROOFSYS,Hail class 2,457.074611
IL,SFD_ROOFSYS,Hail class 3,388.443573
IL,SFD_ROOFSYS,Hail class 4,408.840551
IL,SFD_ROOFSYS,Rubber roof,452.605018
IL,SFD_ROOFSYS,Green roof,444.515242
IL,SFD_ROOFSYS,Bermuda style roof,419.628543
IL,SFD_ROOFSYS,Concrete tiles,378.697415
IL,SFD_ROOFSYS,Slate tile,398.158219
IL,SFD_ROOFSYS,Fabric membrane,402.828138
IL,SFD_ROOFSYS,Solar tile,432.645196
IL,SFD_TODMGPROVISION,Cosmetic damage Fully covered,365.373493
IL,SFD_TODMGPROVISION,Cosmetic damage Mostly covered,358.81739
IL,SFD_TODMGPROVISION,Cosmetic damage Default,319.884546
IL,SFD_TODMGPROVISION,Cosmetic damage Rarely covered,329.900841
IL,SFD_TODMGPROVISION,Cosmetic damage Excluded,323.634119
IL,SFD_TOFLASHING,Compliant with ES1,311.668091
IL,SFD_TOFLASHING,Not compliant with ES1,351.263741
IL,SFD_TREEDENSITY,High tree risk high shielding,423.401944
IL,SFD_TREEDENSITY,Some trees some shielding,419.366889
IL,SFD_TREEDENSITY,No trees no shielding,369.508143
IN,COM_Unknown,Unknown,549.531627
IN,COM_ARCHITECT,Attached screen,379.257452
IN,COM_ARCHITECT,Detached screen,351.894616
IN,COM_ARCHITECT,Fences,354.643443
IN,COM_ARCHITECT,None,367.737544
IN,COM_ARCHITECT,Skylights,389.877998
IN,COM_ARCHITECT,Skylights protection,415.818875
IN,COM_CLADRATE,10d high wind nail,341.023067
IN,COM_CLADRATE,6d any nail,289.060539
IN,COM_CLADRATE,8d high wind nail,337.239873
IN,COM_CLADRATE,8d minimum nail,299.16884
IN,COM_CLADRATE,Batten decking,300.648454
IN,COM_CLADRATE,Lumber and groove,293.221884
IN,COM_CLADSYS,Vinyl siding,563.684355
IN,COM_CLADSYS,EIFS,566.349357
IN,COM_CLADSYS,Wood,575.456874
IN,COM_CLADSYS,Metal sheathing,653.355905
IN,COM_CLADSYS,Impact rated glazing,553.533348
IN,COM_CLADSYS,Stucco,598.937901
IN,COM_CLADSYS,Brick veneer,663.74707
IN,COM_CLADSYS,Concrete block,553.529843
IN,COM_CONSTQUALI,Signs of distress,477.562649
IN,COM_CONSTQUALI,WH Roof existing,490.510987
IN,COM_CONSTQUALI,Wind Roof existing,525.261987
IN,COM_CONSTQUALI,Wind Gold existing,486.130354
IN,COM_CONSTQUALI,Wind Silver existing,507.750026
IN,COM_CONSTQUALI,WH Gold existing,495.909674
IN,COM_CONSTQUALI,WH Silver existing,455.978284
IN,COM_EXTORN,Extensive ornamentation,342.187047
IN,COM_EXTORN,Extensive ornamentation and LPS,395.711826
IN,COM_EXTORN,Large signs,352.929257
IN,COM_EXTORN,Large signs and LPS,401.90663
IN,COM_EXTORN,Lightning protection,376.150915
IN,COM_FOUNDSYS,Bolted,614.374915
IN,COM_FOUNDSYS,Engineered,528.135542
IN,COM_FOUNDSYS,Unbolted,523.416314
IN,COM_GARAGING,Attached garage,578.138538
IN,COM_GARAGING,Detached garage,535.483392
IN,COM_GARAGING,No garage,540.865707
IN,COM_MECHGROUND,Generally unprotected,273.690708
IN,COM_MECHGROUND,Generally protected,264.286769
IN,COM_RESISTOPEN,Pressure small missile rated,519.211551
IN,COM_RESISTOPEN,Pressure medium missile rated,463.588811
IN,COM_RESISTOPEN,All openings pressure small missile rated,489.82415
IN,COM_RESISTOPEN,All openings pressure medium missile rated,470.85559
IN,COM_RESISTOPEN,All openings pressure large missile rated,449.724776
IN,COM_ROOFAGE,0 to 5 years,801.789516
IN,COM_ROOFAGE,6 to 10 years,836.746237
IN,COM_ROOFAGE,11 years or more,723.775279
IN,COM_ROOFANCH,Clips,290.363141
IN,COM_ROOFANCH,Double wraps,309.56177
IN,COM_ROOFANCH,Single wraps,288.81077
IN,COM_ROOFANCH,Structural,273.036615
IN,COM_ROOFANCH,Toenailing no anchorage,308.94288
IN,COM_ROOFEQUIP,No equipment present,390.691467
IN,COM_ROOFEQUIP,Roof mounted photovoltaic array,395.538185
IN,COM_ROOFEQUIP,Roof mounted impact resistant array,417.978517
IN,COM_ROOFEQUIP,Roof mounted mechanically attached array,377.022306
IN,COM_ROOFGEOM,Complex roof,526.482917
IN,COM_ROOFGEOM,Flat roof no parapets,486.442604
IN,COM_ROOFGEOM,Flat roof parapets,535.809524
IN,COM_ROOFGEOM,Gable roof LE6:12,452.169263
IN,COM_ROOFGEOM,Braced gable LE6:12,525.295896
IN,COM_ROOFGEOM,Gable roof GT6:12,493.225568
IN,COM_ROOFGEOM,Braced gable GT6:12,475.352995
IN,COM_ROOFGEOM,Hip roof LE6:12,506.280504
IN,COM_ROOFGEOM,Hip roof GT6:12,476.739776
IN,COM_ROOFMAINT,Excellent condition,306.445645
IN,COM_ROOFMAINT,No deterioration or defects,286.824354
IN,COM_ROOFMAINT,Visible defects,290.717934
IN,COM_ROOFMAINT,Significant signs of distress,278.166623
IN,COM_ROOFSYS,Built up or single ply,501.873541
IN,COM_ROOFSYS,Built up with gutters,455.558009
IN,COM_ROOFSYS,Built up without gutters,466.838018
IN,COM_ROOFSYS,Built up unknown gutters,505.062798
IN,COM_ROOFSYS,High wind shingle,464.580946
IN,COM_ROOFSYS,High wind shingle plus SWR,440.761914
IN,COM_ROOFSYS,Normal shingle,484.46331
IN,COM_ROOFSYS,Normal shingle plus SWR,489.879888
IN,COM_ROOFSYS,Metal concealed fasteners,482.25805
IN,COM_ROOFSYS,Metal exposed fasteners,440.536
IN,COM_ROOFSYS,Metal unknown fasteners,511.092053
IN,COM_ROOFSYS,Wood shakes,421.815728
IN,COM_ROOFSYS,Concrete roof,505.607014
IN,COM_ROOFSYS,Hail class 1,429.560177
IN,COM_ROOFSYS,Hail class 2,499.516727
IN,COM_ROOFSYS,Hail class 3,473.040215
IN,COM_ROOFSYS,Hail class 4,477.646028
IN,COM_ROOFSYS,Rubber roof,497.108215
IN,COM_ROOFSYS,Green roof,445.782883
IN,COM_ROOFSYS,Bermuda style roof,424.908969
IN,COM_ROOFSYS,Concrete tiles,434.112981
IN,COM_ROOFSYS,Slate tile,431.03399
IN,COM_ROOFSYS,Fabric membrane,437.587022
IN,COM_ROOFSYS,Solar tile,511.130278
IN,COM_TODMGPROVISION,Cosmetic damage Fully covered,576.422502
IN,COM_TODMGPROVISION,Cosmetic damage Mostly covered,619.380581
IN,COM_TODMGPROVISION,Cosmetic damage Default,619.519643
IN,COM_TODMGPROVISION,Cosmetic damage Rarely covered,570.926393
IN,COM_TODMGPROVISION,Cosmetic damage Excluded,572.478651
IN,COM_TOFLASHING,Compliant with ES1,579.607482
IN,COM_TOFLASHING,Not compliant with ES1,641.832751
IN,COM_TREEDENSITY,High tree risk high shielding,334.230402
IN,COM_TREEDENSITY,Some trees some shielding,327.487802
IN,COM_TREEDENSITY,No trees no shielding,327.490266
IN,SFD_Unknown,Unknown,347.890616
IN,SFD_ARCHITECT,Attached screen,397.21109
IN,SFD_ARCHITECT,Detached screen,390.812681
IN,SFD_ARCHITECT,Fences,370.992906
IN,SFD_ARCHITECT,None,389.345329
IN,SFD_ARCHITECT,Skylights,450.778179
IN,SFD_ARCHITECT,Skylights protection,406.53733
IN,SFD_CLADRATE,10d high wind nail,339.982271
IN,SFD_CLADRATE,6d any nail,331.375906
IN,SFD_CLADRATE,8d high wind nail,361.912665
IN,SFD_CLADRATE,8d minimum nail,352.666264
IN,SFD_CLADRATE,Batten decking,383.380548
IN,SFD_CLADRATE,Lumber and groove,387.139569
IN,SFD_CLADSYS,Vinyl siding,376.867741
IN,SFD_CLADSYS,EIFS,337.869749
IN,SFD_CLADSYS,Wood,380.974312
IN,SFD_CLADSYS,Metal sheathing,327.486391
IN,SFD_CLADSYS,Impact rated glazing,327.543801
IN,SFD_CLADSYS,Stucco,358.425393
IN,SFD_CLADSYS,Brick veneer,387.740678
IN,SFD_CLADSYS,Concrete block,355.173342
IN,SFD_CONSTQUALI,Signs of distress,296.192637
IN,SFD_CONSTQUALI,WH Roof existing,334.026741
IN,SFD_CONSTQUALI,Wind Roof existing,326.171588
IN,SFD_CONSTQUALI,Wind Gold existing,320.19741
IN,SFD_CONSTQUALI,Wind Silver existing,332.187498
IN,SFD_CONSTQUALI,WH Gold existing,306.711005
IN,SFD_CONSTQUALI,WH Silver existing,309.752481
IN,SFD_EXTORN,Extensive ornamentation,399.507507
IN,SFD_EXTORN,Extensive ornamentation and LPS,363.474244
IN,SFD_EXTORN,Large signs,370.156858
IN,SFD_EXTORN,Large signs and LPS,424.843442
IN,SFD_EXTORN,Lightning protection,428.015355
IN,SFD_FOUNDSYS,Bolted,333.775031
IN,SFD_FOUNDSYS,Engineered,374.674117
IN,SFD_FOUNDSYS,Unbolted,383.442947
IN,SFD_GARAGING,Attached garage,315.437005
IN,SFD_GARAGING,Detached garage,304.598773
IN,SFD_GARAGING,No garage,287.422382
IN,SFD_MECHGROUND,Generally unprotected,348.544626
IN,SFD_MECHGROUND,Generally protected,365.32556
IN,SFD_RESISTOPEN,Pressure small missile rated,334.339521
IN,SFD_RESISTOPEN,Pressure medium missile rated,355.927098
IN,SFD_RESISTOPEN,All openings pressure small missile rated,338.769607
IN,SFD_RESISTOPEN,All openings pressure medium missile rated,351.564063
IN,SFD_RESISTOPEN,All openings pressure large missile rated,343.42137
IN,SFD_ROOFAGE,0 to 5 years,187.205789
IN,SFD_ROOFAGE,6 to 10 years,204.457671
IN,SFD_ROOFAGE,11 years or more,203.43634
IN,SFD_ROOFANCH,Clips,236.55853
IN,SFD_ROOFANCH,Double wraps,222.693539
IN,SFD_ROOFANCH,Single wraps,198.318929
IN,SFD_ROOFANCH,Structural,203.361706
IN,SFD_ROOFANCH,Toenailing no anchorage,224.511512
IN,SFD_ROOFEQUIP,No equipment present,516.72036
IN,SFD_ROOFEQUIP,Roof mounted photovoltaic array,480.429697
IN,SFD_ROOFEQUIP,Roof mounted impact resistant array,453.088753
IN,SFD_ROOFEQUIP,Roof mounted mechanically attached array,453.533132
IN,SFD_ROOFGEOM,Complex roof,309.911041
IN,SFD_ROOFGEOM,Flat roof no parapets,335.171587
IN,SFD_ROOFGEOM,Flat roof parapets,333.583845
IN,SFD_ROOFGEOM,Gable roof LE6:12,310.120077
IN,SFD_ROOFGEOM,Braced gable LE6:12,324.744531
IN,SFD_ROOFGEOM,Gable roof GT6:12,310.974898
IN,SFD_ROOFGEOM,Braced gable GT6:12,307.982149
IN,SFD_ROOFGEOM,Hip roof LE6:12,324.153182
IN,SFD_ROOFGEOM,Hip roof GT6:12,345.365412
IN,SFD_ROOFMAINT,Excellent condition,335.432982
IN,SFD_ROOFMAINT,No deterioration or defects,313.734027
IN,SFD_ROOFMAINT,Visible defects,321.48652
IN,SFD_ROOFMAINT,Significant signs of distress,323.9306
IN,SFD_ROOFSYS,Built up or single ply,556.088789
IN,SFD_ROOFSYS,Built up with gutters,547.189549
IN,SFD_ROOFSYS,Built up without gutters,539.692382
IN,SFD_ROOFSYS,Built up unknown gutters,529.463029
IN,SFD_ROOFSYS,High wind shingle,475.784557
IN,SFD_ROOFSYS,High wind shingle plus SWR,463.96915
IN,SFD_ROOFSYS,Normal shingle,468.300362
IN,SFD_ROOFSYS,Normal shingle plus SWR,543.691004
IN,SFD_ROOFSYS,Metal concealed fasteners,494.004756
IN,SFD_ROOFSYS,Metal exposed fasteners,537.26781
IN,SFD_ROOFSYS,Metal unknown fasteners,549.775754
IN,SFD_ROOFSYS,Wood shakes,521.85876
IN,SFD_ROOFSYS,Concrete roof,519.997544
IN,SFD_ROOFSYS,Hail class 1,464.331483
IN,SFD_ROOFSYS,Hail class 2,482.015468
IN,SFD_ROOFSYS,Hail class 3,499.224741
IN,SFD_ROOFSYS,Hail class 4,539.928675
IN,SFD_ROOFSYS,Rubber roof,496.008558
IN,SFD_ROOFSYS,Green roof,502.901953
IN,SFD_ROOFSYS,Bermuda style roof,515.462688
IN,SFD_ROOFSYS,Concrete tiles,470.804361
IN,SFD_ROOFSYS,Slate tile,458.788879
IN,SFD_ROOFSYS,Fabric membrane,526.356663
IN,SFD_ROOFSYS,Solar tile,542.366518
IN,SFD_TODMGPROVISION,Cosmetic damage Fully covered,336.747255
IN,SFD_TODMGPROVISION,Cosmetic damage Mostly covered,381.778514
IN,SFD_TODMGPROVISION,Cosmetic damage Default,360.933773
IN,SFD_TODMGPROVISION,Cosmetic damage Rarely covered,374.989809
IN,SFD_TODMGPROVISION,Cosmetic damage Excluded,342.683967
IN,SFD_TOFLASHING,Compliant with ES1,344.916743
IN,SFD_TOFLASHING,Not compliant with ES1,373.729211
IN,SFD_TREEDENSITY,High tree risk high shielding,417.16356
IN,SFD_TREEDENSITY,Some trees some shielding,455.978415
IN,SFD_TREEDENSITY,No trees no shielding,408.803449
KS,COM_Unknown,Unknown,467.219573
KS,COM_ARCHITECT,Attached screen,336.489609
KS,COM_ARCHITECT,Detached screen,337.938976
KS,COM_ARCHITECT,Fences,354.976412
KS,COM_ARCHITECT,None,372.15065
KS,COM_ARCHITECT,Skylights,361.945255
KS,COM_ARCHITECT,Skylights protection,312.572511
KS,COM_CLADRATE,10d high wind nail,284.014354
KS,COM_CLADRATE,6d any nail,290.483191
KS,COM_CLADRATE,8d high wind nail,296.441983
KS,COM_CLADRATE,8d minimum nail,274.749108
KS,COM_CLADRATE,Batten decking,300.010296
KS,COM_CLADRATE,Lumber and groove,262.816569
KS,COM_CLADSYS,Vinyl siding,504.624255
KS,COM_CLADSYS,EIFS,516.488158
KS,COM_CLADSYS,Wood,590.415404
KS,COM_CLADSYS,Metal sheathing,543.260465
KS,COM_CLADSYS,Impact rated glazing,550.545979
KS,COM_CLADSYS,Stucco,597.875188
KS,COM_CLADSYS,Brick veneer,597.725954
KS,COM_CLADSYS,Concrete block,566.370788
KS,COM_CONSTQUALI,Signs of distress,384.853086
KS,COM_CONSTQUALI,WH Roof existing,445.130406
KS,COM_CONSTQUALI,Wind Roof existing,461.666592
KS,COM_CONSTQUALI,Wind Gold existing,420.610575
KS,COM_CONSTQUALI,Wind Silver existing,443.181562
KS,COM_CONSTQUALI,WH Gold existing,452.644424
KS,COM_CONSTQUALI,WH Silver existing,424.539729
KS,COM_EXTORN,Extensive ornamentation,324.734081
KS,COM_EXTORN,Extensive ornamentation and LPS,293.827005
KS,COM_EXTORN,Large signs,321.325454
KS,COM_EXTORN,Large signs and LPS,323.761795
KS,COM_EXTORN,Lightning protection,331.782202
KS,COM_FOUNDSYS,Bolted,490.310848
KS,COM_FOUNDSYS,Engineered,527.622032
KS,COM_FOUNDSYS,Unbolted,521.107069
KS,COM_GARAGING,Attached garage,453.246318
KS,COM_GARAGING,Detached garage,530.540513
KS,COM_GARAGING,No garage,492.357393
KS,COM_MECHGROUND,Generally unprotected,255.582575
KS,COM_MECHGROUND,Generally protected,245.18308
KS,COM_RESISTOPEN,Pressure small missile rated,441.279269
KS,COM_RESISTOPEN,Pressure medium missile rated,429.513864
KS,COM_RESISTOPEN,All openings pressure small missile rated,422.805344
KS,COM_RESISTOPEN,All openings pressure medium missile rated,372.369137
KS,COM_RESISTOPEN,All openings pressure large missile rated,368.958607
KS,COM_ROOFAGE,0 to 5 years,591.94458
KS,COM_ROOFAGE,6 to 10 years,659.938884
KS,COM_ROOFAGE,11 years or more,630.057172
KS,COM_ROOFANCH,Clips,251.18265
KS,COM_ROOFANCH,Double wraps,255.889464
KS,COM_ROOFANCH,Single wraps,224.694585
KS,COM_ROOFANCH,Structural,218.694466
KS,COM_ROOFANCH,Toenailing no anchorage,244.85544
KS,COM_ROOFEQUIP,No equipment present,297.070035
KS,COM_ROOFEQUIP,Roof mounted photovoltaic array,327.475156
KS,COM_ROOFEQUIP,Roof mounted impact resistant array,331.029229
KS,COM_ROOFEQUIP,Roof mounted mechanically attached array,326.703734
KS,COM_ROOFGEOM,Complex roof,406.474651
KS,COM_ROOFGEOM,Flat roof no parapets,446.839041
KS,COM_ROOFGEOM,Flat roof parapets,427.71774
KS,COM_ROOFGEOM,Gable roof LE6:12,450.962702
KS,COM_ROOFGEOM,Braced gable LE6:12,384.530292
KS,COM_ROOFGEOM,Gable roof GT6:12,418.302935
KS,COM_ROOFGEOM,Braced gable GT6:12,380.182027
KS,COM_ROOFGEOM,Hip roof LE6:12,423.56988
KS,COM_ROOFGEOM,Hip roof GT6:12,393.222584
KS,COM_ROOFMAINT,Excellent condition,242.861981
KS,COM_ROOFMAINT,No deterioration or defects,260.103753
KS,COM_ROOFMAINT,Visible defects,263.279659
KS,COM_ROOFMAINT,Significant signs of distress,247.72846
KS,COM_ROOFSYS,Built up or single ply,400.57462
KS,COM_ROOFSYS,Built up with gutters,428.452292
KS,COM_ROOFSYS,Built up without gutters,428.022996
KS,COM_ROOFSYS,Built up unknown gutters,430.399942
KS,COM_ROOFSYS,High wind shingle,395.815986
KS,COM_ROOFSYS,High wind shingle plus SWR,409.930401
KS,COM_ROOFSYS,Normal shingle,390.469169
KS,COM_ROOFSYS,Normal shingle plus SWR,419.578135
KS,COM_ROOFSYS,Metal concealed fasteners,425.028407
KS,COM_ROOFSYS,Metal exposed fasteners,382.872732
KS,COM_ROOFSYS,Metal unknown fasteners,437.111359
KS,COM_ROOFSYS,Wood shakes,427.511616
KS,COM_ROOFSYS,Concrete roof,432.262269
KS,COM_ROOFSYS,Hail class 1,400.933934
KS,COM_ROOFSYS,Hail class 2,406.320388
KS,COM_ROOFSYS,Hail class 3,428.932715
KS,COM_ROOFSYS,Hail class 4,456.438863
KS,COM_ROOFSYS,Rubber roof,406.663953
KS,COM_ROOFSYS,Green roof,392.729592
KS,COM_ROOFSYS,Bermuda style roof,397.420861
KS,COM_ROOFSYS,Concrete tiles,416.747571
KS,COM_ROOFSYS,Slate tile,410.726956
KS,COM_ROOFSYS,Fabric membrane,403.618325
KS,COM_ROOFSYS,Solar tile,406.009118
KS,COM_TODMGPROVISION,Cosmetic damage Fully covered,558.061773
KS,COM_TODMGPROVISION,Cosmetic damage Mostly covered,517.045371
KS,COM_TODMGPROVISION,Cosmetic damage Default,528.89601
KS,COM_TODMGPROVISION,Cosmetic damage Rarely covered,520.124483
KS,COM_TODMGPROVISION,Cosmetic damage Excluded,537.683522
KS,COM_TOFLASHING,Compliant with ES1,483.449262
KS,COM_TOFLASHING,Not compliant with ES1,483.961253
KS,COM_TREEDENSITY,High tree risk high shielding,267.560502
KS,COM_TREEDENSITY,Some trees some shielding,275.249153
KS,COM_TREEDENSITY,No trees no shielding,296.609451
KS,SFD_Unknown,Unknown,350.6859
KS,SFD_ARCHITECT,Attached screen,425.144599
KS,SFD_ARCHITECT,Detached screen,442.843997
KS,SFD_ARCHITECT,Fences,440.635968
KS,SFD_ARCHITECT,None,386.104458
KS,SFD_ARCHITECT,Skylights,380.472387
KS,SFD_ARCHITECT,Skylights protection,438.225426
KS,SFD_CLADRATE,10d high wind nail,374.399047
KS,SFD_CLADRATE,6d any nail,361.145781
KS,SFD_CLADRATE,8d high wind nail,377.765306
KS,SFD_CLADRATE,8d minimum nail,392.721875
KS,SFD_CLADRATE,Batten decking,365.930014
KS,SFD_CLADRATE,Lumber and groove,367.845135
KS,SFD_CLADSYS,Vinyl siding,370.400884
KS,SFD_CLADSYS,EIFS,413.810263
KS,SFD_CLADSYS,Wood,344.804352
KS,SFD_CLADSYS,Metal sheathing,368.004391
KS,SFD_CLADSYS,Impact rated glazing,352.590703
KS,SFD_CLADSYS,Stucco,367.916714
KS,SFD_CLADSYS,Brick veneer,379.051101
KS,SFD_CLADSYS,Concrete block,399.864781
KS,SFD_CONSTQUALI,Signs of distress,306.66015
KS,SFD_CONSTQUALI,WH Roof existing,282.551351
KS,SFD_CONSTQUALI,Wind Roof existing,339.21283
KS,SFD_CONSTQUALI,Wind Gold existing,337.787619
KS,SFD_CONSTQUALI,Wind Silver existing,318.863969
KS,SFD_CONSTQUALI,WH Gold existing,338.011508
KS,SFD_CONSTQUALI,WH Silver existing,319.746282
KS,SFD_EXTORN,Extensive ornamentation,361.862808
KS,SFD_EXTORN,Extensive ornamentation and LPS,403.87442
KS,SFD_EXTORN,Large signs,422.688448
KS,SFD_EXTORN,Large signs and LPS,362.487196
KS,SFD_EXTORN,Lightning protection,419.712731
KS,SFD_FOUNDSYS,Bolted,344.047005
KS,SFD_FOUNDSYS,Engineered,402.827397
KS,SFD_FOUNDSYS,Unbolted,413.634421
KS,SFD_GARAGING,Attached garage,310.375792
KS,SFD_GARAGING,Detached garage,304.010664
KS,SFD_GARAGING,No garage,304.255331
KS,SFD_MECHGROUND,Generally unprotected,336.023865
KS,SFD_MECHGROUND,Generally protected,331.785007
KS,SFD_RESISTOPEN,Pressure small missile rated,374.042285
KS,SFD_RESISTOPEN,Pressure medium missile rated,385.11063
KS,SFD_RESISTOPEN,All openings pressure small missile rated,332.256976
KS,SFD_RESISTOPEN,All openings pressure medium missile rated,334.064945
KS,SFD_RESISTOPEN,All openings pressure large missile rated,328.233624
KS,SFD_ROOFAGE,0 to 5 years,233.138952
KS,SFD_ROOFAGE,6 to 10 years,200.189384
KS,SFD_ROOFAGE,11 years or more,235.685716
KS,SFD_ROOFANCH,Clips,198.284644
KS,SFD_ROOFANCH,Double wraps,198.430245
KS,SFD_ROOFANCH,Single wraps,216.86802
KS,SFD_ROOFANCH,Structural,205.438387
KS,SFD_ROOFANCH,Toenailing no anchorage,205.372781
KS,SFD_ROOFEQUIP,No equipment present,537.465543
KS,SFD_ROOFEQUIP,Roof mounted photovoltaic array,512.496173
KS,SFD_ROOFEQUIP,Roof mounted impact resistant array,515.734353
KS,SFD_ROOFEQUIP,Roof mounted mechanically attached array,473.322935
KS,SFD_ROOFGEOM,Complex roof,346.076989
KS,SFD_ROOFGEOM,Flat roof no parapets,287.812763
KS,SFD_ROOFGEOM,Flat roof parapets,317.903508
KS,SFD_ROOFGEOM,Gable roof LE6:12,340.133498
KS,SFD_ROOFGEOM,Braced gable LE6:12,303.13574
KS,SFD_ROOFGEOM,Gable roof GT6:12,308.551692
KS,SFD_ROOFGEOM,Braced gable GT6:12,343.6824
KS,SFD_ROOFGEOM,Hip roof LE6:12,290.619625
KS,SFD_ROOFGEOM,Hip roof GT6:12,318.061417
KS,SFD_ROOFMAINT,Excellent condition,320.313336
KS,SFD_ROOFMAINT,No deterioration or defects,340.35908
KS,SFD_ROOFMAINT,Visible defects,321.109041
KS,SFD_ROOFMAINT,Significant signs of distress,368.256523
KS,SFD_ROOFSYS,Built up or single ply,458.682806
KS,SFD_ROOFSYS,Built up with gutters,458.443692
KS,SFD_ROOFSYS,Built up without gutters,475.259277
KS,SFD_ROOFSYS,Built up unknown gutters,539.939176
KS,SFD_ROOFSYS,High wind shingle,539.086107
KS,SFD_ROOFSYS,High wind shingle plus SWR,464.777033
KS,SFD_ROOFSYS,Normal shingle,537.223533
KS,SFD_ROOFSYS,Normal shingle plus SWR,453.217409
KS,SFD_ROOFSYS,Metal concealed fasteners,533.725497
KS,SFD_ROOFSYS,Metal exposed fasteners,452.458419
KS,SFD_ROOFSYS,Metal unknown fasteners,541.0766
KS,SFD_ROOFSYS,Wood shakes,462.508285
KS,SFD_ROOFSYS,Concrete roof,504.26898
KS,SFD_ROOFSYS,Hail class 1,517.229077
KS,SFD_ROOFSYS,Hail class 2,474.443313
KS,SFD_ROOFSYS,Hail class 3,449.264694
KS,SFD_ROOFSYS,Hail class 4,517.150249
KS,SFD_ROOFSYS,Rubber roof,477.6614
KS,SFD_ROOFSYS,Green roof,531.493212
KS,SFD_ROOFSYS,Bermuda style roof,493.449222
KS,SFD_ROOFSYS,Concrete tiles,545.086959
KS,SFD_ROOFSYS,Slate tile,454.349457
KS,SFD_ROOFSYS,Fabric membrane,449.073784
KS,SFD_ROOFSYS,Solar tile,503.70655
KS,SFD_TODMGPROVISION,Cosmetic damage Fully covered,328.679815
KS,SFD_TODMGPROVISION,Cosmetic damage Mostly covered,382.628464
KS,SFD_TODMGPROVISION,Cosmetic damage Default,331.774548
KS,SFD_TODMGPROVISION,Cosmetic damage Rarely covered,363.257273
KS,SFD_TODMGPROVISION,Cosmetic damage Excluded,396.846877
KS,SFD_TOFLASHING,Compliant with ES1,420.916371
KS,SFD_TOFLASHING,Not compliant with ES1,406.804958
KS,SFD_TREEDENSITY,High tree risk high shielding,421.019127
KS,SFD_TREEDENSITY,Some trees some shielding,490.312733
KS,SFD_TREEDENSITY,No trees no shielding,463.456751
KY,COM_Unknown,Unknown,618.074095
KY,COM_ARCHITECT,Attached screen,450.920992
KY,COM_ARCHITECT,Detached screen,446.047645
KY,COM_ARCHITECT,Fences,382.153653
KY,COM_ARCHITECT,None,376.602726
KY,COM_ARCHITECT,Skylights,439.27415
KY,COM_ARCHITECT,Skylights protection,442.735163
KY,COM_CLADRATE,10d high wind nail,363.524117
KY,COM_CLADRATE,6d any nail,400.479337
KY,COM_CLADRATE,8d high wind nail,353.841885
KY,COM_CLADRATE,8d minimum nail,347.470572
KY,COM_CLADRATE,Batten decking,415.930679
KY,COM_CLADRATE,Lumber and groove,350.020679
KY,COM_CLADSYS,Vinyl siding,676.002473
KY,COM_CLADSYS,EIFS,717.493051
KY,COM_CLADSYS,Wood,692.00108
KY,COM_CLADSYS,Metal sheathing,771.92813
KY,COM_CLADSYS,Impact rated glazing,742.680697
KY,COM_CLADSYS,Stucco,686.863185
KY,COM_CLADSYS,Brick veneer,720.5059
KY,COM_CLADSYS,Concrete block,722.732341
KY,COM_CONSTQUALI,Signs of distress,540.589097
KY,COM_CONSTQUALI,WH Roof existing,591.670577
KY,COM_CONSTQUALI,Wind Roof existing,532.614284
KY,COM_CONSTQUALI,Wind Gold existing,577.908817
KY,COM_CONSTQUALI,Wind Silver existing,573.9102
KY,COM_CONSTQUALI,WH Gold existing,527.325935
KY,COM_CONSTQUALI,WH Silver existing,592.356364
KY,COM_EXTORN,Extensive ornamentation,416.209615
KY,COM_EXTORN,Extensive ornamentation and LPS,426.421705
KY,COM_EXTORN,Large signs,430.246061
KY,COM_EXTORN,Large signs and LPS,460.841331
KY,COM_EXTORN,Lightning protection,470.120682
KY,COM_FOUNDSYS,Bolted,640.659229
KY,COM_FOUNDSYS,Engineered,621.568134
KY,COM_FOUNDSYS,Unbolted,592.46173
KY,COM_GARAGING,Attached garage,653.238458
KY,COM_GARAGING,Detached garage,567.544903
KY,COM_GARAGING,No garage,589.291292
KY,COM_MECHGROUND,Generally unprotected,300.122325
KY,COM_MECHGROUND,Generally protected,305.726711
KY,COM_RESISTOPEN,Pressure small missile rated,533.392449
KY,COM_RESISTOPEN,Pressure medium missile rated,602.46027
KY,COM_RESISTOPEN,All openings pressure small missile rated,573.165147
KY,COM_RESISTOPEN,All openings pressure medium missile rated,509.933323
KY,COM_RESISTOPEN,All openings pressure large missile rated,558.487286
KY,COM_ROOFAGE,0 to 5 years,910.906241
KY,COM_ROOFAGE,6 to 10 years,863.655567
KY,COM_ROOFAGE,11 years or more,872.112181
KY,COM_ROOFANCH,Clips,281.748747
KY,COM_ROOFANCH,Double wraps,323.00868
KY,COM_ROOFANCH,Single wraps,278.967
KY,COM_ROOFANCH,Structural,304.75257
KY,COM_ROOFANCH,Toenailing no anchorage,298.539408
KY,COM_ROOFEQUIP,No equipment present,477.219564
KY,COM_ROOFEQUIP,Roof mounted photovoltaic array,419.78056
KY,COM_ROOFEQUIP,Roof mounted impact resistant array,395.891573
KY,COM_ROOFEQUIP,Roof mounted mechanically attached array,457.642849
KY,COM_ROOFGEOM,Complex roof,514.697174
KY,COM_ROOFGEOM,Flat roof no parapets,547.909796
KY,COM_ROOFGEOM,Flat roof parapets,612.112585
KY,COM_ROOFGEOM,Gable roof LE6:12,540.079831
KY,COM_ROOFGEOM,Braced gable LE6:12,520.265895
KY,COM_ROOFGEOM,Gable roof GT6:12,594.736838
KY,COM_ROOFGEOM,Braced gable GT6:12,571.648192
KY,COM_ROOFGEOM,Hip roof LE6:12,559.801334
KY,COM_ROOFGEOM,Hip roof GT6:12,562.034501
KY,COM_ROOFMAINT,Excellent condition,335.239513
KY,COM_ROOFMAINT,No deterioration or defects,292.795263
KY,COM_ROOFMAINT,Visible defects,314.939492
KY,COM_ROOFMAINT,Significant signs of distress,281.785361
KY,COM_ROOFSYS,Built up or single ply,517.06119
KY,COM_ROOFSYS,Built up with gutters,589.318544
KY,COM_ROOFSYS,Built up without gutters,516.872395
KY,COM_ROOFSYS,Built up unknown gutters,527.293614
KY,COM_ROOFSYS,High wind shingle,590.467481
KY,COM_ROOFSYS,High wind shingle plus SWR,551.755482
KY,COM_ROOFSYS,Normal shingle,565.72319
KY,COM_ROOFSYS,Normal shingle plus SWR,603.113143
KY,COM_ROOFSYS,Metal concealed fasteners,585.975466
KY,COM_ROOFSYS,Metal exposed fasteners,588.80206
KY,COM_ROOFSYS,Metal unknown fasteners,571.752055
KY,COM_ROOFSYS,Wood shakes,515.742795
KY,COM_ROOFSYS,Concrete roof,597.026981
KY,COM_ROOFSYS,Hail class 1,587.165827
KY,COM_ROOFSYS,Hail class 2,603.388533
KY,COM_ROOFSYS,Hail class 3,513.848246
KY,COM_ROOFSYS,Hail class 4,597.391257
KY,COM_ROOFSYS,Rubber roof,535.21873
KY,COM_ROOFSYS,Green roof,541.876947
KY,COM_ROOFSYS,Bermuda style roof,603.843782
KY,COM_ROOFSYS,Concrete tiles,525.860145
KY,COM_ROOFSYS,Slate tile,505.780573
KY,COM_ROOFSYS,Fabric membrane,583.477469
KY,COM_ROOFSYS,Solar tile,508.630779
KY,COM_TODMGPROVISION,Cosmetic damage Fully covered,711.363223
KY,COM_TODMGPROVISION,Cosmetic damage Mostly covered,614.340065
KY,COM_TODMGPROVISION,Cosmetic damage Default,619.755872
KY,COM_TODMGPROVISION,Cosmetic damage Rarely covered,697.20367
KY,COM_TODMGPROVISION,Cosmetic damage Excluded,710.015357
KY,COM_TOFLASHING,Compliant with ES1,667.239703
KY,COM_TOFLASHING,Not compliant with ES1,662.500374
KY,COM_TREEDENSITY,High tree risk high shielding,347.751912
KY,COM_TREEDENSITY,Some trees some shielding,382.979729
KY,COM_TREEDENSITY,No trees no shielding,350.359395
KY,SFD_Unknown,Unknown,251.782685
KY,SFD_ARCHITECT,Attached screen,279.627841
KY,SFD_ARCHITECT,Detached screen,292.180867
KY,SFD_ARCHITECT,Fences,277.261284
KY,SFD_ARCHITECT,None,267.907514
KY,SFD_ARCHITECT,Skylights,314.993178
KY,SFD_ARCHITECT,Skylights protection,273.042189
KY,SFD_CLADRATE,10d high wind nail,244.780406
KY,SFD_CLADRATE,6d any nail,273.644357
KY,SFD_CLADRATE,8d high wind nail,261.420708
KY,SFD_CLADRATE,8d minimum nail,257.000292
KY,SFD_CLADRATE,Batten decking,258.029359
KY,SFD_CLADRATE,Lumber and groove,258.99786
KY,SFD_CLADSYS,Vinyl siding,282.462414
KY,SFD_CLADSYS,EIFS,274.388482
KY,SFD_CLADSYS,Wood,253.84773
KY,SFD_CLADSYS,Metal sheathing,270.747417
KY,SFD_CLADSYS,Impact rated glazing,261.184848
KY,SFD_CLADSYS,Stucco,235.702451
KY,SFD_CLADSYS,Brick veneer,268.427176
KY,SFD_CLADSYS,Concrete block,267.18116
KY,SFD_CONSTQUALI,Signs of distress,207.672243
KY,SFD_CONSTQUALI,WH Roof existing,251.198088
KY,SFD_CONSTQUALI,Wind Roof existing,251.947216
KY,SFD_CONSTQUALI,Wind Gold existing,209.979754
KY,SFD_CONSTQUALI,Wind Silver existing,231.147815
KY,SFD_CONSTQUALI,WH Gold existing,251.331391
KY,SFD_CONSTQUALI,WH Silver existing,211.498194
KY,SFD_EXTORN,Extensive ornamentation,290.489397
KY,SFD_EXTORN,Extensive ornamentation and LPS,314.473593
KY,SFD_EXTORN,Large signs,294.686625
KY,SFD_EXTORN,Large signs and LPS,262.774267
KY,SFD_EXTORN,Lightning protection,311.138725
KY,SFD_FOUNDSYS,Bolted,272.188497
KY,SFD_FOUNDSYS,Engineered,268.719235
KY,SFD_FOUNDSYS,Unbolted,227.748534
KY,SFD_GARAGING,Attached garage,253.581925
KY,SFD_GARAGING,Detached garage,224.411756
KY,SFD_GARAGING,No garage,215.34568
KY,SFD_MECHGROUND,Generally unprotected,267.55947
KY,SFD_MECHGROUND,Generally protected,273.502933
KY,SFD_RESISTOPEN,Pressure small missile rated,268.704889
KY,SFD_RESISTOPEN,Pressure medium missile rated,279.641632
KY,SFD_RESISTOPEN,All openings pressure small missile rated,279.488238
KY,SFD_RESISTOPEN,All openings pressure medium missile rated,289.052041
KY,SFD_RESISTOPEN,All openings pressure large missile rated,309.684105
KY,SFD_ROOFAGE,0 to 5 years,146.756293
KY,SFD_ROOFAGE,6 to 10 years,151.354978
KY,SFD_ROOFAGE,11 years or more,168.900184
KY,SFD_ROOFANCH,Clips,152.407986
KY,SFD_ROOFANCH,Double wraps,134.854746
KY,SFD_ROOFANCH,Single wraps,136.534449
KY,SFD_ROOFANCH,Structural,142.535472
KY,SFD_ROOFANCH,Toenailing no anchorage,140.00218
KY,SFD_ROOFEQUIP,No equipment present,388.218816
KY,SFD_ROOFEQUIP,Roof mounted photovoltaic array,343.433614
KY,SFD_ROOFEQUIP,Roof mounted impact resistant array,374.627511
KY,SFD_ROOFEQUIP,Roof mounted mechanically attached array,381.481737
KY,SFD_ROOFGEOM,Complex roof,239.481322
KY,SFD_ROOFGEOM,Flat roof no parapets,220.271228
KY,SFD_ROOFGEOM,Flat roof parapets,208.148809
KY,SFD_ROOFGEOM,Gable roof LE6:12,209.63805
KY,SFD_ROOFGEOM,Braced gable LE6:12,215.391084
KY,SFD_ROOFGEOM,Gable roof GT6:12,246.987222
KY,SFD_ROOFGEOM,Braced gable GT6:12,209.762348
KY,SFD_ROOFGEOM,Hip roof LE6:12,220.166422
KY,SFD_ROOFGEOM,Hip roof GT6:12,248.662313
KY,SFD_ROOFMAINT,Excellent condition,269.18086
KY,SFD_ROOFMAINT,No deterioration or defects,276.912986
KY,SFD_ROOFMAINT,Visible defects,263.341717
KY,SFD_ROOFMAINT,Significant signs of distress,248.696836
KY,SFD_ROOFSYS,Built up or single ply,387.062498
KY,SFD_ROOFSYS,Built up with gutters,357.097747
KY,SFD_ROOFSYS,Built up without gutters,329.915436
KY,SFD_ROOFSYS,Built up unknown gutters,364.815246
KY,SFD_ROOFSYS,High wind shingle,378.75636
KY,SFD_ROOFSYS,High wind shingle plus SWR,329.91367
KY,SFD_ROOFSYS,Normal shingle,362.732568
KY,SFD_ROOFSYS,Normal shingle plus SWR,390.164207
KY,SFD_ROOFSYS,Metal concealed fasteners,336.628644
KY,SFD_ROOFSYS,Metal exposed fasteners,349.916924
KY,SFD_ROOFSYS,Metal unknown fasteners,327.352335
KY,SFD_ROOFSYS,Wood shakes,340.035807
KY,SFD_ROOFSYS,Concrete roof,357.970463
KY,SFD_ROOFSYS,Hail class 1,342.569654
KY,SFD_ROOFSYS,Hail class 2,362.962689
KY,SFD_ROOFSYS,Hail class 3,390.458377
KY,SFD_ROOFSYS,Hail class 4,363.573194
KY,SFD_ROOFSYS,Rubber roof,330.587689
KY,SFD_ROOFSYS,Green roof,370.335822
KY,SFD_ROOFSYS,Bermuda style roof,368.54715
KY,SFD_ROOFSYS,Concrete tiles,343.171976
KY,SFD_ROOFSYS,Slate tile,350.339984
KY,SFD_ROOFSYS,Fabric membrane,341.882591
KY,SFD_ROOFSYS,Solar tile,379.479965
KY,SFD_TODMGPROVISION,Cosmetic damage Fully covered,292.861502
KY,SFD_TODMGPROVISION,Cosmetic damage Mostly covered,264.545109
KY,SFD_TODMGPROVISION,Cosmetic damage Default,256.10417
KY,SFD_TODMGPROVISION,Cosmetic damage Rarely covered,297.354663
KY,SFD_TODMGPROVISION,Cosmetic damage Excluded,248.775994
KY,SFD_TOFLASHING,Compliant with ES1,306.852463
KY,SFD_TOFLASHING,Not compliant with ES1,267.658689
KY,SFD_TREEDENSITY,High tree risk high shielding,310.209288
KY,SFD_TREEDENSITY,Some trees some shielding,325.433677
KY,SFD_TREEDENSITY,No trees no shielding,325.564637
LA,COM_Unknown,Unknown,690.830232
LA,COM_ARCHITECT,Attached screen,506.172091
LA,COM_ARCHITECT,Detached screen,462.955763
LA,COM_ARCHITECT,Fences,474.702981
LA,COM_ARCHITECT,None,454.648913
LA,COM_ARCHITECT,Skylights,509.286019
LA,COM_ARCHITECT,Skylights protection,507.015334
LA,COM_CLADRATE,10d high wind nail,444.457939
LA,COM_CLADRATE,6d any nail,451.503524
LA,COM_CLADRATE,8d high wind nail,453.343086
LA,COM_CLADRATE,8d minimum nail,438.842124
LA,COM_CLADRATE,Batten decking,420.39043
LA,COM_CLADRATE,Lumber and groove,444.505903
LA,COM_CLADSYS,Vinyl siding,789.203818
LA,COM_CLADSYS,EIFS,738.695294
LA,COM_CLADSYS,Wood,818.388944
LA,COM_CLADSYS,Metal sheathing,796.255213
LA,COM_CLADSYS,Impact rated glazing,867.140962
LA,COM_CLADSYS,Stucco,757.911597
LA,COM_CLADSYS,Brick veneer,843.573653
LA,COM_CLADSYS,Concrete block,839.657743
LA,COM_CONSTQUALI,Signs of distress,595.73309
LA,COM_CONSTQUALI,WH Roof existing,601.174359
LA,COM_CONSTQUALI,Wind Roof existing,632.84679
LA,COM_CONSTQUALI,Wind Gold existing,589.084525
LA,COM_CONSTQUALI,Wind Silver existing,646.265843
LA,COM_CONSTQUALI,WH Gold existing,538.851716
LA,COM_CONSTQUALI,WH Silver existing,596.229503
LA,COM_EXTORN,Extensive ornamentation,454.87584
LA,COM_EXTORN,Extensive ornamentation and LPS,506.518351
LA,COM_EXTORN,Large signs,446.212554
LA,COM_EXTORN,Large signs and LPS,482.023686
LA,COM_EXTORN,Lightning protection,464.340899
LA,COM_FOUNDSYS,Bolted,691.345209
LA,COM_FOUNDSYS,Engineered,729.024343
LA,COM_FOUNDSYS,Unbolted,761.497895
LA,COM_GARAGING,Attached garage,628.772069
LA,COM_GARAGING,Detached garage,690.045357
LA,COM_GARAGING,No garage,629.821062
LA,COM_MECHGROUND,Generally unprotected,341.887268
LA,COM_MECHGROUND,Generally protected,336.538406
LA,COM_RESISTOPEN,Pressure small missile rated,618.575923
LA,COM_RESISTOPEN,Pressure medium missile rated,630.329211
LA,COM_RESISTOPEN,All openings pressure small missile rated,568.449047
LA,COM_RESISTOPEN,All openings pressure medium missile rated,557.434361
LA,COM_RESISTOPEN,All openings pressure large missile rated,590.848268
LA,COM_ROOFAGE,0 to 5 years,1028.950155
LA,COM_ROOFAGE,6 to 10 years,1000.865019
LA,COM_ROOFAGE,11 years or more,929.948821
LA,COM_ROOFANCH,Clips,380.052675
LA,COM_ROOFANCH,Double wraps,371.100223
LA,COM_ROOFANCH,Single wraps,370.42787
LA,COM_ROOFANCH,Structural,337.564518
LA,COM_ROOFANCH,Toenailing no anchorage,354.151524
LA,COM_ROOFEQUIP,No equipment present,456.052022
LA,COM_ROOFEQUIP,Roof mounted photovoltaic array,527.029502
LA,COM_ROOFEQUIP,Roof mounted impact resistant array,537.020793
LA,COM_ROOFEQUIP,Roof mounted mechanically attached array,457.276969
LA,COM_ROOFGEOM,Complex roof,602.842435
LA,COM_ROOFGEOM,Flat roof no parapets,642.064924
LA,COM_ROOFGEOM,Flat roof parapets,644.752413
LA,COM_ROOFGEOM,Gable roof LE6:12,640.453527
LA,COM_ROOFGEOM,Braced gable LE6:12,593.231526
LA,COM_ROOFGEOM,Gable roof GT6:12,593.50548
LA,COM_ROOFGEOM,Braced gable GT6:12,614.944933
LA,COM_ROOFGEOM,Hip roof LE6:12,562.098915
LA,COM_ROOFGEOM,Hip roof GT6:12,616.861579
LA,COM_ROOFMAINT,Excellent condition,324.492445
LA,COM_ROOFMAINT,No deterioration or defects,374.523528
LA,COM_ROOFMAINT,Visible defects,319.37661
LA,COM_ROOFMAINT,Significant signs of distress,347.835657
LA,COM_ROOFSYS,Built up or single ply,584.880946
LA,COM_ROOFSYS,Built up with gutters,615.48318
LA,COM_ROOFSYS,Built up without gutters,695.759668
LA,COM_ROOFSYS,Built up unknown gutters,670.347186
LA,COM_ROOFSYS,High wind shingle,613.656869
LA,COM_ROOFSYS,High wind shingle plus SWR,687.946488
LA,COM_ROOFSYS,Normal shingle,659.631408
LA,COM_ROOFSYS,Normal shingle plus SWR,632.053506
LA,COM_ROOFSYS,Metal concealed fasteners,672.164054
LA,COM_ROOFSYS,Metal exposed fasteners,652.259096
LA,COM_ROOFSYS,Metal unknown fasteners,615.035345
LA,COM_ROOFSYS,Wood shakes,629.103786
LA,COM_ROOFSYS,Concrete roof,645.100622
LA,COM_ROOFSYS,Hail class 1,661.276622
LA,COM_ROOFSYS,Hail class 2,614.43481
LA,COM_ROOFSYS,Hail class 3,643.597527
LA,COM_ROOFSYS,Hail class 4,634.756186
LA,COM_ROOFSYS,Rubber roof,644.48783
LA,COM_ROOFSYS,Green roof,681.78348
LA,COM_ROOFSYS,Bermuda style roof,679.108357
LA,COM_ROOFSYS,Concrete tiles,674.562578
LA,COM_ROOFSYS,Slate tile,589.85215
LA,COM_ROOFSYS,Fabric membrane,611.321894
LA,COM_ROOFSYS,Solar tile,686.579371
LA,COM_TODMGPROVISION,Cosmetic damage Fully covered,774.218261
LA,COM_TODMGPROVISION,Cosmetic damage Mostly covered,797.794104
LA,COM_TODMGPROVISION,Cosmetic damage Default,764.458391
LA,COM_TODMGPROVISION,Cosmetic damage Rarely covered,684.214783
LA,COM_TODMGPROVISION,Cosmetic damage Excluded,721.637972
LA,COM_TOFLASHING,Compliant with ES1,744.582099
LA,COM_TOFLASHING,Not compliant with ES1,819.653602
LA,COM_TREEDENSITY,High tree risk high shielding,364.675131
LA,COM_TREEDENSITY,Some trees some shielding,366.189749
LA,COM_TREEDENSITY,No trees no shielding,388.67003
LA,SFD_Unknown,Unknown,623.262103
LA,SFD_ARCHITECT,Attached screen,719.316565
LA,SFD_ARCHITECT,Detached screen,713.736306
LA,SFD_ARCHITECT,Fences,672.906015
LA,SFD_ARCHITECT,None,645.500183
LA,SFD_ARCHITECT,Skylights,649.141382
LA,SFD_ARCHITECT,Skylights protection,716.923839
LA,SFD_CLADRATE,10d high wind nail,616.342364
LA,SFD_CLADRATE,6d any nail,664.180051
LA,SFD_CLADRATE,8d high wind nail,606.043199
LA,SFD_CLADRATE,8d minimum nail,593.481408
LA,SFD_CLADRATE,Batten decking,588.635918
LA,SFD_CLADRATE,Lumber and groove,692.217153
LA,SFD_CLADSYS,Vinyl siding,571.484088
LA,SFD_CLADSYS,EIFS,644.92837
LA,SFD_CLADSYS,Wood,608.48387
LA,SFD_CLADSYS,Metal sheathing,646.297407
LA,SFD_CLADSYS,Impact rated glazing,596.86757
LA,SFD_CLADSYS,Stucco,689.554911
LA,SFD_CLADSYS,Brick veneer,582.984773
LA,SFD_CLADSYS,Concrete block,584.704297
LA,SFD_CONSTQUALI,Signs of distress,524.895354
LA,SFD_CONSTQUALI,WH Roof existing,558.394268
LA,SFD_CONSTQUALI,Wind Roof existing,515.715613
LA,SFD_CONSTQUALI,Wind Gold existing,542.360529
LA,SFD_CONSTQUALI,Wind Silver existing,542.415108
LA,SFD_CONSTQUALI,WH Gold existing,534.632228
LA,SFD_CONSTQUALI,WH Silver existing,600.978219
LA,SFD_EXTORN,Extensive ornamentation,723.821338
LA,SFD_EXTORN,Extensive ornamentation and LPS,619.569677
LA,SFD_EXTORN,Large signs,631.62924
LA,SFD_EXTORN,Large signs and LPS,667.469473
LA,SFD_EXTORN,Lightning protection,705.420964
LA,SFD_FOUNDSYS,Bolted,626.684618
LA,SFD_FOUNDSYS,Engineered,636.610559
LA,SFD_FOUNDSYS,Unbolted,630.658279
LA,SFD_GARAGING,Attached garage,590.344976
LA,SFD_GARAGING,Detached garage,571.156086
LA,SFD_GARAGING,No garage,603.3371
LA,SFD_MECHGROUND,Generally unprotected,612.556126
LA,SFD_MECHGROUND,Generally protected,605.295355
LA,SFD_RESISTOPEN,Pressure small missile rated,674.409286
LA,SFD_RESISTOPEN,Pressure medium missile rated,718.779739
LA,SFD_RESISTOPEN,All openings pressure small missile rated,655.133944
LA,SFD_RESISTOPEN,All openings pressure medium missile rated,710.288855
LA,SFD_RESISTOPEN,All openings pressure large missile rated,644.006247
LA,SFD_ROOFAGE,0 to 5 years,386.452626
LA,SFD_ROOFAGE,6 to 10 years,353.935705
LA,SFD_ROOFAGE,11 years or more,409.066187
LA,SFD_ROOFANCH,Clips,380.740578
LA,SFD_ROOFANCH,Double wraps,382.239469
LA,SFD_ROOFANCH,Single wraps,368.09485
LA,SFD_ROOFANCH,Structural,340.254572
LA,SFD_ROOFANCH,Toenailing no anchorage,385.318301
LA,SFD_ROOFEQUIP,No equipment present,938.756153
LA,SFD_ROOFEQUIP,Roof mounted photovoltaic array,896.251983
LA,SFD_ROOFEQUIP,Roof mounted impact resistant array,877.979052
LA,SFD_ROOFEQUIP,Roof mounted mechanically attached array,947.887126
LA,SFD_ROOFGEOM,Complex roof,524.64546
LA,SFD_ROOFGEOM,Flat roof no parapets,533.212392
LA,SFD_ROOFGEOM,Flat roof parapets,613.942112
LA,SFD_ROOFGEOM,Gable roof LE6:12,564.961194
LA,SFD_ROOFGEOM,Braced gable LE6:12,576.908282
LA,SFD_ROOFGEOM,Gable roof GT6:12,557.550261
LA,SFD_ROOFGEOM,Braced gable GT6:12,590.597345
LA,SFD_ROOFGEOM,Hip roof LE6:12,585.263309
LA,SFD_ROOFGEOM,Hip roof GT6:12,544.308004
LA,SFD_ROOFMAINT,Excellent condition,567.915828
LA,SFD_ROOFMAINT,No deterioration or defects,578.91505
LA,SFD_ROOFMAINT,Visible defects,573.05469
LA,SFD_ROOFMAINT,Significant signs of distress,552.133266
LA,SFD_ROOFSYS,Built up or single ply,844.396933
LA,SFD_ROOFSYS,Built up with gutters,890.631676
LA,SFD_ROOFSYS,Built up without gutters,922.662568
LA,SFD_ROOFSYS,Built up unknown gutters,886.432997
LA,SFD_ROOFSYS,High wind shingle,977.355695
LA,SFD_ROOFSYS,High wind shingle plus SWR,863.318848
LA,SFD_ROOFSYS,Normal shingle,851.500907
LA,SFD_ROOFSYS,Normal shingle plus SWR,912.32064
LA,SFD_ROOFSYS,Metal concealed fasteners,875.804329
LA,SFD_ROOFSYS,Metal exposed fasteners,981.953566
LA,SFD_ROOFSYS,Metal unknown fasteners,926.249336
LA,SFD_ROOFSYS,Wood shakes,891.475434
LA,SFD_ROOFSYS,Concrete roof,864.858811
LA,SFD_ROOFSYS,Hail class 1,819.189873
LA,SFD_ROOFSYS,Hail class 2,911.591309
LA,SFD_ROOFSYS,Hail class 3,870.419841
LA,SFD_ROOFSYS,Hail class 4,899.427671
LA,SFD_ROOFSYS,Rubber roof,958.706935
LA,SFD_ROOFSYS,Green roof,852.07855
LA,SFD_ROOFSYS,Bermuda style roof,828.708343
LA,SFD_ROOFSYS,Concrete tiles,956.509552
LA,SFD_ROOFSYS,Slate tile,844.062432
LA,SFD_ROOFSYS,Fabric membrane,957.262838
LA,SFD_ROOFSYS,Solar tile,819.240264
LA,SFD_TODMGPROVISION,Cosmetic damage Fully covered,709.019613
LA,SFD_TODMGPROVISION,Cosmetic damage Mostly covered,719.140176
LA,SFD_TODMGPROVISION,Cosmetic damage Default,649.418714
LA,SFD_TODMGPROVISION,Cosmetic damage Rarely covered,640.359443
LA,SFD_TODMGPROVISION,Cosmetic damage Excluded,721.986525
LA,SFD_TOFLASHING,Compliant with ES1,724.756625
LA,SFD_TOFLASHING,Not compliant with ES1,681.703971
LA,SFD_TREEDENSITY,High tree risk high shielding,842.595863
LA,SFD_TREEDENSITY,Some trees some shielding,788.522147
LA,SFD_TREEDENSITY,No trees no shielding,783.274162
MA,COM_Unknown,Unknown,401.209832
MA,COM_ARCHITECT,Attached screen,304.843795
MA,COM_ARCHITECT,Detached screen,279.632812
MA,COM_ARCHITECT,Fences,313.957616
MA,COM_ARCHITECT,None,318.494676
MA,COM_ARCHITECT,Skylights,291.156269
MA,COM_ARCHITECT,Skylights protection,264.260085
MA,COM_CLADRATE,10d high wind nail,241.085965
MA,COM_CLADRATE,6d any nail,260.620455
MA,COM_CLADRATE,8d high wind nail,245.082519
MA,COM_CLADRATE,8d minimum nail,243.362243
MA,COM_CLADRATE,Batten decking,226.973189
MA,COM_CLADRATE,Lumber and groove,222.735622
MA,COM_CLADSYS,Vinyl siding,449.592577
MA,COM_CLADSYS,EIFS,417.399832
MA,COM_CLADSYS,Wood,422.035184
MA,COM_CLADSYS,Metal sheathing,491.719172
MA,COM_CLADSYS,Impact rated glazing,482.871426
MA,COM_CLADSYS,Stucco,419.57084
MA,COM_CLADSYS,Brick veneer,482.021043
MA,COM_CLADSYS,Concrete block,416.405376
MA,COM_CONSTQUALI,Signs of distress,323.458973
MA,COM_CONSTQUALI,WH Roof existing,350.713934
MA,COM_CONSTQUALI,Wind Roof existing,346.870658
MA,COM_CONSTQUALI,Wind Gold existing,342.972822
MA,COM_CONSTQUALI,Wind Silver existing,325.840902
MA,COM_CONSTQUALI,WH Gold existing,332.797479
MA,COM_CONSTQUALI,WH Silver existing,327.93969
MA,COM_EXTORN,Extensive ornamentation,288.784014
MA,COM_EXTORN,Extensive ornamentation and LPS,253.900419
MA,COM_EXTORN,Large signs,261.445824
MA,COM_EXTORN,Large signs and LPS,281.965221
MA,COM_EXTORN,Lightning protection,279.51248
MA,COM_FOUNDSYS,Bolted,453.711227
MA,COM_FOUNDSYS,Engineered,480.738363
MA,COM_FOUNDSYS,Unbolted,476.274278
MA,COM_GARAGING,Attached garage,409.150356
MA,COM_GARAGING,Detached garage,413.250836
MA,COM_GARAGING,No garage,430.665808
MA,COM_MECHGROUND,Generally unprotected,207.590546
MA,COM_MECHGROUND,Generally protected,184.43964
MA,COM_RESISTOPEN,Pressure small missile rated,357.21811
MA,COM_RESISTOPEN,Pressure medium missile rated,306.534658
MA,COM_RESISTOPEN,All openings pressure small missile rated,316.579718
MA,COM_RESISTOPEN,All openings pressure medium missile rated,313.215167
MA,COM_RESISTOPEN,All openings pressure large missile rated,360.271184
MA,COM_ROOFAGE,0 to 5 years,569.080304
MA,COM_ROOFAGE,6 to 10 years,583.634161
MA,COM_ROOFAGE,11 years or more,526.70753
MA,COM_ROOFANCH,Clips,192.06738
MA,COM_ROOFANCH,Double wraps,206.640015
MA,COM_ROOFANCH,Single wraps,201.282366
MA,COM_ROOFANCH,Structural,184.297805
MA,COM_ROOFANCH,Toenailing no anchorage,190.368044
MA,COM_ROOFEQUIP,No equipment present,294.204548
MA,COM_ROOFEQUIP,Roof mounted photovoltaic array,297.935862
MA,COM_ROOFEQUIP,Roof mounted impact resistant array,281.719415
MA,COM_ROOFEQUIP,Roof mounted mechanically attached array,284.68226
MA,COM_ROOFGEOM,Complex roof,374.385225
MA,COM_ROOFGEOM,Flat roof no parapets,377.65846
MA,COM_ROOFGEOM,Flat roof parapets,352.587601
MA,COM_ROOFGEOM,Gable roof LE6:12,362.797216
MA,COM_ROOFGEOM,Braced gable LE6:12,381.881084
MA,COM_ROOFGEOM,Gable roof GT6:12,361.053187
MA,COM_ROOFGEOM,Braced gable GT6:12,368.654785
MA,COM_ROOFGEOM,Hip roof LE6:12,347.083237
MA,COM_ROOFGEOM,Hip roof GT6:12,369.65943
MA,COM_ROOFMAINT,Excellent condition,173.732837
MA,COM_ROOFMAINT,No deterioration or defects,187.457589
MA,COM_ROOFMAINT,Visible defects,182.354893
MA,COM_ROOFMAINT,Significant signs of distress,194.922709
MA,COM_ROOFSYS,Built up or single ply,354.394209
MA,COM_ROOFSYS,Built up with gutters,313.370187
MA,COM_ROOFSYS,Built up without gutters,329.670876
MA,COM_ROOFSYS,Built up unknown gutters,331.021652
MA,COM_ROOFSYS,High wind shingle,340.035595
MA,COM_ROOFSYS,High wind shingle plus SWR,339.652551
MA,COM_ROOFSYS,Normal shingle,377.91431
MA,COM_ROOFSYS,Normal shingle plus SWR,351.729693
MA,COM_ROOFSYS,Metal concealed fasteners,331.318023
MA,COM_ROOFSYS,Metal exposed fasteners,368.985729
MA,COM_ROOFSYS,Metal unknown fasteners,332.879615
MA,COM_ROOFSYS,Wood shakes,355.857011
MA,COM_ROOFSYS,Concrete roof,371.538133
MA,COM_ROOFSYS,Hail class 1,367.735216
MA,COM_ROOFSYS,Hail class 2,315.808212
MA,COM_ROOFSYS,Hail class 3,330.240109
MA,COM_ROOFSYS,Hail class 4,346.171734
MA,COM_ROOFSYS,Rubber roof,335.728747
MA,COM_ROOFSYS,Green roof,367.804237
MA,COM_ROOFSYS,Bermuda style roof,368.893196
MA,COM_ROOFSYS,Concrete tiles,356.525488
MA,COM_ROOFSYS,Slate tile,344.080823
MA,COM_ROOFSYS,Fabric membrane,364.755853
MA,COM_ROOFSYS,Solar tile,312.839454
MA,COM_TODMGPROVISION,Cosmetic damage Fully covered,392.29585
MA,COM_TODMGPROVISION,Cosmetic damage Mostly covered,443.854171
MA,COM_TODMGPROVISION,Cosmetic damage Default,446.110701
MA,COM_TODMGPROVISION,Cosmetic damage Rarely covered,445.24502
MA,COM_TODMGPROVISION,Cosmetic damage Excluded,398.312705
MA,COM_TOFLASHING,Compliant with ES1,443.370313
MA,COM_TOFLASHING,Not compliant with ES1,453.520645
MA,COM_TREEDENSITY,High tree risk high shielding,230.99687
MA,COM_TREEDENSITY,Some trees some shielding,228.394285
MA,COM_TREEDENSITY,No trees no shielding,230.758244
MA,SFD_Unknown,Unknown,492.392135
MA,SFD_ARCHITECT,Attached screen,569.89562
MA,SFD_ARCHITECT,Detached screen,542.359009
MA,SFD_ARCHITECT,Fences,562.223168
MA,SFD_ARCHITECT,None,574.696672
MA,SFD_ARCHITECT,Skylights,596.348272
MA,SFD_ARCHITECT,Skylights protection,602.590548
MA,SFD_CLADRATE,10d high wind nail,517.339351
MA,SFD_CLADRATE,6d any nail,471.145399
MA,SFD_CLADRATE,8d high wind nail,461.31219
MA,SFD_CLADRATE,8d minimum nail,510.216646
MA,SFD_CLADRATE,Batten decking,535.507091
MA,SFD_CLADRATE,Lumber and groove,529.737019
MA,SFD_CLADSYS,Vinyl siding,592.088324
MA,SFD_CLADSYS,EIFS,592.780562
MA,SFD_CLADSYS,Wood,520.102855
MA,SFD_CLADSYS,Metal sheathing,503.984525
MA,SFD_CLADSYS,Impact rated glazing,525.565651
MA,SFD_CLADSYS,Stucco,543.566468
MA,SFD_CLADSYS,Brick veneer,572.939851
MA,SFD_CLADSYS,Concrete block,560.797636
MA,SFD_CONSTQUALI,Signs of distress,459.418748
MA,SFD_CONSTQUALI,WH Roof existing,418.236827
MA,SFD_CONSTQUALI,Wind Roof existing,422.953189
MA,SFD_CONSTQUALI,Wind Gold existing,461.492643
MA,SFD_CONSTQUALI,Wind Silver existing,413.856264
MA,SFD_CONSTQUALI,WH Gold existing,420.957605
MA,SFD_CONSTQUALI,WH Silver existing,474.864948
MA,SFD_EXTORN,Extensive ornamentation,518.47112
MA,SFD_EXTORN,Extensive ornamentation and LPS,584.332911
MA,SFD_EXTORN,Large signs,563.047324
MA,SFD_EXTORN,Large signs and LPS,562.999386
MA,SFD_EXTORN,Lightning protection,580.947089
MA,SFD_FOUNDSYS,Bolted,567.463181
MA,SFD_FOUNDSYS,Engineered,515.646099
MA,SFD_FOUNDSYS,Unbolted,591.502988
MA,SFD_GARAGING,Attached garage,411.617456
MA,SFD_GARAGING,Detached garage,476.974662
MA,SFD_GARAGING,No garage,442.405105
MA,SFD_MECHGROUND,Generally unprotected,454.4159
MA,SFD_MECHGROUND,Generally protected,528.770797
MA,SFD_RESISTOPEN,Pressure small missile rated,503.373391
MA,SFD_RESISTOPEN,Pressure medium missile rated,569.023897
MA,SFD_RESISTOPEN,All openings pressure small missile rated,539.710071
MA,SFD_RESISTOPEN,All openings pressure medium missile rated,493.972827
MA,SFD_RESISTOPEN,All openings pressure large missile rated,591.498769
MA,SFD_ROOFAGE,0 to 5 years,297.319512
MA,SFD_ROOFAGE,6 to 10 years,279.452315
MA,SFD_ROOFAGE,11 years or more,321.080919
MA,SFD_ROOFANCH,Clips,292.056159
MA,SFD_ROOFANCH,Double wraps,277.948838
MA,SFD_ROOFANCH,Single wraps,268.190327
MA,SFD_ROOFANCH,Structural,287.817905
MA,SFD_ROOFANCH,Toenailing no anchorage,278.808587
MA,SFD_ROOFEQUIP,No equipment present,685.817774
MA,SFD_ROOFEQUIP,Roof mounted photovoltaic array,644.522362
MA,SFD_ROOFEQUIP,Roof mounted impact resistant array,731.357112
MA,SFD_ROOFEQUIP,Roof mounted mechanically attached array,701.438743
MA,SFD_ROOFGEOM,Complex roof,487.781005
MA,SFD_ROOFGEOM,Flat roof no parapets,477.823364
MA,SFD_ROOFGEOM,Flat roof parapets,459.070086
MA,SFD_ROOFGEOM,Gable roof LE6:12,436.53877
MA,SFD_ROOFGEOM,Braced gable LE6:12,423.177435
MA,SFD_ROOFGEOM,Gable roof GT6:12,435.359196
MA,SFD_ROOFGEOM,Braced gable GT6:12,475.753009
MA,SFD_ROOFGEOM,Hip roof LE6:12,441.324593
MA,SFD_ROOFGEOM,Hip roof GT6:12,425.041379
MA,SFD_ROOFMAINT,Excellent condition,524.035614
MA,SFD_ROOFMAINT,No deterioration or defects,519.773896
MA,SFD_ROOFMAINT,Visible defects,498.617868
MA,SFD_ROOFMAINT,Significant signs of distress,509.738561
MA,SFD_ROOFSYS,Built up or single ply,731.44774
MA,SFD_ROOFSYS,Built up with gutters,708.645284
MA,SFD_ROOFSYS,Built up without gutters,658.946355
MA,SFD_ROOFSYS,Built up unknown gutters,681.023647
MA,SFD_ROOFSYS,High wind shingle,718.988986
MA,SFD_ROOFSYS,High wind shingle plus SWR,670.329004
MA,SFD_ROOFSYS,Normal shingle,692.658434
MA,SFD_ROOFSYS,Normal shingle plus SWR,654.166866
MA,SFD_ROOFSYS,Metal concealed fasteners,633.251178
MA,SFD_ROOFSYS,Metal exposed fasteners,650.760123
MA,SFD_ROOFSYS,Metal unknown fasteners,640.869082
MA,SFD_ROOFSYS,Wood shakes,643.897818
MA,SFD_ROOFSYS,Concrete roof,684.065092
MA,SFD_ROOFSYS,Hail class 1,738.66309
MA,SFD_ROOFSYS,Hail class 2,692.445659
MA,SFD_ROOFSYS,Hail class 3,648.845093
MA,SFD_ROOFSYS,Hail class 4,664.171108
MA,SFD_ROOFSYS,Rubber roof,690.003561
MA,SFD_ROOFSYS,Green roof,634.946355
MA,SFD_ROOFSYS,Bermuda style roof,704.620246
MA,SFD_ROOFSYS,Concrete tiles,615.700141
MA,SFD_ROOFSYS,Slate tile,614.898792
MA,SFD_ROOFSYS,Fabric membrane,703.784257
MA,SFD_ROOFSYS,Solar tile,641.222629
MA,SFD_TODMGPROVISION,Cosmetic damage Fully covered,479.655821
MA,SFD_TODMGPROVISION,Cosmetic damage Mostly covered,536.175677
MA,SFD_TODMGPROVISION,Cosmetic damage Default,526.519607
MA,SFD_TODMGPROVISION,Cosmetic damage Rarely covered,469.522447
MA,SFD_TODMGPROVISION,Cosmetic damage Excluded,505.056795
MA,SFD_TOFLASHING,Compliant with ES1,519.630503
MA,SFD_TOFLASHING,Not compliant with ES1,525.266247
MA,SFD_TREEDENSITY,High tree risk high shielding,576.903794
MA,SFD_TREEDENSITY,Some trees some shielding,610.056014
MA,SFD_TREEDENSITY,No trees no shielding,569.952886
MD,COM_Unknown,Unknown,602.51255
MD,COM_ARCHITECT,Attached screen,428.124761
MD,COM_ARCHITECT,Detached screen,434.24789
MD,COM_ARCHITECT,Fences,372.11815
MD,COM_ARCHITECT,None,379.95578
MD,COM_ARCHITECT,Skylights,420.928021
MD,COM_ARCHITECT,Skylights protection,399.664205
MD,COM_CLADRATE,10d high wind nail,324.343538
MD,COM_CLADRATE,6d any nail,324.378112
MD,COM_CLADRATE,8d high wind nail,359.084644
MD,COM_CLADRATE,8d minimum nail,350.524204
MD,COM_CLADRATE,Batten decking,349.554276
MD,COM_CLADRATE,Lumber and groove,376.509628
MD,COM_CLADSYS,Vinyl siding,735.599941
MD,COM_CLADSYS,EIFS,660.035547
MD,COM_CLADSYS,Wood,651.259767
MD,COM_CLADSYS,Metal sheathing,649.504174
MD,COM_CLADSYS,Impact rated glazing,753.312974
MD,COM_CLADSYS,Stucco,722.875034
MD,COM_CLADSYS,Brick veneer,693.237191
MD,COM_CLADSYS,Concrete block,729.488224
MD,COM_CONSTQUALI,Signs of distress,559.42932
MD,COM_CONSTQUALI,WH Roof existing,588.696375
MD,COM_CONSTQUALI,Wind Roof existing,510.83413
MD,COM_CONSTQUALI,Wind Gold existing,536.415558
MD,COM_CONSTQUALI,Wind Silver existing,493.159112
MD,COM_CONSTQUALI,WH Gold existing,506.244107
MD,COM_CONSTQUALI,WH Silver existing,565.465169
MD,COM_EXTORN,Extensive ornamentation,422.179001
MD,COM_EXTORN,Extensive ornamentation and LPS,415.430869
MD,COM_EXTORN,Large signs,426.851291
MD,COM_EXTORN,Large signs and LPS,387.398897
MD,COM_EXTORN,Lightning protection,458.084404
MD,COM_FOUNDSYS,Bolted,572.53337
MD,COM_FOUNDSYS,Engineered,616.713784
MD,COM_FOUNDSYS,Unbolted,656.584545
MD,COM_GARAGING,Attached garage,565.879789
MD,COM_GARAGING,Detached garage,616.910843
MD,COM_GARAGING,No garage,553.968955
MD,COM_MECHGROUND,Generally unprotected,300.84219
MD,COM_MECHGROUND,Generally protected,287.443866
MD,COM_RESISTOPEN,Pressure small missile rated,523.290821
MD,COM_RESISTOPEN,Pressure medium missile rated,502.47043
MD,COM_RESISTOPEN,All openings pressure small missile rated,474.962482
MD,COM_RESISTOPEN,All openings pressure medium missile rated,478.562798
MD,COM_RESISTOPEN,All openings pressure large missile rated,503.230559
MD,COM_ROOFAGE,0 to 5 years,753.874577
MD,COM_ROOFAGE,6 to 10 years,745.315454
MD,COM_ROOFAGE,11 years or more,890.471989
MD,COM_ROOFANCH,Clips,337.493176
MD,COM_ROOFANCH,Double wraps,319.780705
MD,COM_ROOFANCH,Single wraps,330.809422
MD,COM_ROOFANCH,Structural,304.767419
MD,COM_ROOFANCH,Toenailing no anchorage,335.214558
MD,COM_ROOFEQUIP,No equipment present,409.903191
MD,COM_ROOFEQUIP,Roof mounted photovoltaic array,445.038236
MD,COM_ROOFEQUIP,Roof mounted impact resistant array,465.188871
MD,COM_ROOFEQUIP,Roof mounted mechanically attached array,449.692035
MD,COM_ROOFGEOM,Complex roof,562.061133
MD,COM_ROOFGEOM,Flat roof no parapets,494.45795
MD,COM_ROOFGEOM,Flat roof parapets,486.70867
MD,COM_ROOFGEOM,Gable roof LE6:12,522.299429
MD,COM_ROOFGEOM,Braced gable LE6:12,536.076181
MD,COM_ROOFGEOM,Gable roof GT6:12,584.170346
MD,COM_ROOFGEOM,Braced gable GT6:12,583.963722
MD,COM_ROOFGEOM,Hip roof LE6:12,551.398462
MD,COM_ROOFGEOM,Hip roof GT6:12,516.11737
MD,COM_ROOFMAINT,Excellent condition,318.365471
MD,COM_ROOFMAINT,No deterioration or defects,329.596213
MD,COM_ROOFMAINT,Visible defects,311.127534
MD,COM_ROOFMAINT,Significant signs of distress,282.665469
MD,COM_ROOFSYS,Built up or single ply,557.727041
MD,COM_ROOFSYS,Built up with gutters,511.477638
MD,COM_ROOFSYS,Built up without gutters,490.771782
MD,COM_ROOFSYS,Built up unknown gutters,497.4275
MD,COM_ROOFSYS,High wind shingle,474.298797
MD,COM_ROOFSYS,High wind shingle plus SWR,525.682521
MD,COM_ROOFSYS,Normal shingle,532.172044
MD,COM_ROOFSYS,Normal shingle plus SWR,531.288804
MD,COM_ROOFSYS,Metal concealed fasteners,564.189793
MD,COM_ROOFSYS,Metal exposed fasteners,514.998937
MD,COM_ROOFSYS,Metal unknown fasteners,495.251751
MD,COM_ROOFSYS,Wood shakes,523.995033
MD,COM_ROOFSYS,Concrete roof,477.368224
MD,COM_ROOFSYS,Hail class 1,539.36736
MD,COM_ROOFSYS,Hail class 2,547.210281
MD,COM_ROOFSYS,Hail class 3,493.290405
MD,COM_ROOFSYS,Hail class 4,490.258452
MD,COM_ROOFSYS,Rubber roof,561.654287
MD,COM_ROOFSYS,Green roof,500.926469
MD,COM_ROOFSYS,Bermuda style roof,573.501842
MD,COM_ROOFSYS,Concrete tiles,546.638219
MD,COM_ROOFSYS,Slate tile,567.654701
MD,COM_ROOFSYS,Fabric membrane,549.00222
MD,COM_ROOFSYS,Solar tile,504.365436
MD,COM_TODMGPROVISION,Cosmetic damage Fully covered,614.629135
MD,COM_TODMGPROVISION,Cosmetic damage Mostly covered,731.297023
MD,COM_TODMGPROVISION,Cosmetic damage Default,680.705674
MD,COM_TODMGPROVISION,Cosmetic damage Rarely covered,656.738345
MD,COM_TODMGPROVISION,Cosmetic damage Excluded,719.885617
MD,COM_TOFLASHING,Compliant with ES1,658.294582
MD,COM_TOFLASHING,Not compliant with ES1,627.172015
MD,COM_TREEDENSITY,High tree risk high shielding,391.657566
MD,COM_TREEDENSITY,Some trees some shielding,336.741943
MD,COM_TREEDENSITY,No trees no shielding,387.400709
MD,SFD_Unknown,Unknown,500.771881
MD,SFD_ARCHITECT,Attached screen,573.72664
MD,SFD_ARCHITECT,Detached screen,535.811987
MD,SFD_ARCHITECT,Fences,581.86836
MD,SFD_ARCHITECT,None,586.631338
MD,SFD_ARCHITECT,Skylights,580.137895
MD,SFD_ARCHITECT,Skylights protection,538.938731
MD,SFD_CLADRATE,10d high wind nail,514.632581
MD,SFD_CLADRATE,6d any nail,452.561291
MD,SFD_CLADRATE,8d high wind nail,448.839671
MD,SFD_CLADRATE,8d minimum nail,445.412807
MD,SFD_CLADRATE,Batten decking,507.486288
MD,SFD_CLADRATE,Lumber and groove,511.515742
MD,SFD_CLADSYS,Vinyl siding,550.628765
MD,SFD_CLADSYS,EIFS,550.067641
MD,SFD_CLADSYS,Wood,533.506668
MD,SFD_CLADSYS,Metal sheathing,567.17368
MD,SFD_CLADSYS,Impact rated glazing,482.902193
MD,SFD_CLADSYS,Stucco,474.198272
MD,SFD_CLADSYS,Brick veneer,565.738268
MD,SFD_CLADSYS,Concrete block,555.883789
MD,SFD_CONSTQUALI,Signs of distress,459.365982
MD,SFD_CONSTQUALI,WH Roof existing,511.9548
MD,SFD_CONSTQUALI,Wind Roof existing,430.883875
MD,SFD_CONSTQUALI,Wind Gold existing,488.236861
MD,SFD_CONSTQUALI,Wind Silver existing,473.654704
MD,SFD_CONSTQUALI,WH Gold existing,504.518253
MD,SFD_CONSTQUALI,WH Silver existing,490.454492
MD,SFD_EXTORN,Extensive ornamentation,509.730561
MD,SFD_EXTORN,Extensive ornamentation and LPS,544.627712
MD,SFD_EXTORN,Large signs,540.35344
MD,SFD_EXTORN,Large signs and LPS,509.745591
MD,SFD_EXTORN,Lightning protection,583.92495
MD,SFD_FOUNDSYS,Bolted,544.388567
MD,SFD_FOUNDSYS,Engineered,527.993696
MD,SFD_FOUNDSYS,Unbolted,536.988236
MD,SFD_GARAGING,Attached garage,429.084809
MD,SFD_GARAGING,Detached garage,464.549565
MD,SFD_GARAGING,No garage,434.330255
MD,SFD_MECHGROUND,Generally unprotected,534.709616
MD,SFD_MECHGROUND,Generally protected,524.607528
MD,SFD_RESISTOPEN,Pressure small missile rated,542.605082
MD,SFD_RESISTOPEN,Pressure medium missile rated,509.89994
MD,SFD_RESISTOPEN,All openings pressure small missile rated,542.151893
MD,SFD_RESISTOPEN,All openings pressure medium missile rated,588.25118
MD,SFD_RESISTOPEN,All openings pressure large missile rated,516.913602
MD,SFD_ROOFAGE,0 to 5 years,313.580433
MD,SFD_ROOFAGE,6 to 10 years,318.886528
MD,SFD_ROOFAGE,11 years or more,296.865197
MD,SFD_ROOFANCH,Clips,303.413281
MD,SFD_ROOFANCH,Double wraps,281.540902
MD,SFD_ROOFANCH,Single wraps,288.916295
MD,SFD_ROOFANCH,Structural,297.805034
MD,SFD_ROOFANCH,Toenailing no anchorage,299.47159
MD,SFD_ROOFEQUIP,No equipment present,619.670016
MD,SFD_ROOFEQUIP,Roof mounted photovoltaic array,663.197923
MD,SFD_ROOFEQUIP,Roof mounted impact resistant array,620.799427
MD,SFD_ROOFEQUIP,Roof mounted mechanically attached array,675.011555
MD,SFD_ROOFGEOM,Complex roof,495.872093
MD,SFD_ROOFGEOM,Flat roof no parapets,498.85334
MD,SFD_ROOFGEOM,Flat roof parapets,439.455849
MD,SFD_ROOFGEOM,Gable roof LE6:12,472.049416
MD,SFD_ROOFGEOM,Braced gable LE6:12,477.922548
MD,SFD_ROOFGEOM,Gable roof GT6:12,432.970742
MD,SFD_ROOFGEOM,Braced gable GT6:12,485.806674
MD,SFD_ROOFGEOM,Hip roof LE6:12,502.673473
MD,SFD_ROOFGEOM,Hip roof GT6:12,509.464367
MD,SFD_ROOFMAINT,Excellent condition,412.327771
MD,SFD_ROOFMAINT,No deterioration or defects,482.796056
MD,SFD_ROOFMAINT,Visible defects,443.697449
MD,SFD_ROOFMAINT,Significant signs of distress,449.787383
MD,SFD_ROOFSYS,Built up or single ply,665.644105
MD,SFD_ROOFSYS,Built up with gutters,664.018748
MD,SFD_ROOFSYS,Built up without gutters,682.814557
MD,SFD_ROOFSYS,Built up unknown gutters,732.967033
MD,SFD_ROOFSYS,High wind shingle,709.819464
MD,SFD_ROOFSYS,High wind shingle plus SWR,669.831519
MD,SFD_ROOFSYS,Normal shingle,727.846232
MD,SFD_ROOFSYS,Normal shingle plus SWR,671.899358
MD,SFD_ROOFSYS,Metal concealed fasteners,749.304391
MD,SFD_ROOFSYS,Metal exposed fasteners,725.602253
MD,SFD_ROOFSYS,Metal unknown fasteners,661.398951
MD,SFD_ROOFSYS,Wood shakes,652.536461
MD,SFD_ROOFSYS,Concrete roof,640.693642
MD,SFD_ROOFSYS,Hail class 1,741.614026
MD,SFD_ROOFSYS,Hail class 2,693.718726
MD,SFD_ROOFSYS,Hail class 3,744.136772
MD,SFD_ROOFSYS,Hail class 4,756.836237
MD,SFD_ROOFSYS,Rubber roof,695.788607
MD,SFD_ROOFSYS,Green roof,665.35604
MD,SFD_ROOFSYS,Bermuda style roof,711.409079
MD,SFD_ROOFSYS,Concrete tiles,739.671619
MD,SFD_ROOFSYS,Slate tile,753.97201
MD,SFD_ROOFSYS,Fabric membrane,674.971877
MD,SFD_ROOFSYS,Solar tile,720.449048
MD,SFD_TODMGPROVISION,Cosmetic damage Fully covered,564.559472
MD,SFD_TODMGPROVISION,Cosmetic damage Mostly covered,539.739295
MD,SFD_TODMGPROVISION,Cosmetic damage Default,591.406487
MD,SFD_TODMGPROVISION,Cosmetic damage Rarely covered,559.970787
MD,SFD_TODMGPROVISION,Cosmetic damage Excluded,591.116699
MD,SFD_TOFLASHING,Compliant with ES1,496.48862
MD,SFD_TOFLASHING,Not compliant with ES1,558.418831
MD,SFD_TREEDENSITY,High tree risk high shielding,701.185217
MD,SFD_TREEDENSITY,Some trees some shielding,726.529932
MD,SFD_TREEDENSITY,No trees no shielding,716.3531
ME,COM_Unknown,Unknown,691.384852
ME,COM_ARCHITECT,Attached screen,491.422489
ME,COM_ARCHITECT,Detached screen,514.046257
ME,COM_ARCHITECT,Fences,494.429735
ME,COM_ARCHITECT,None,445.496633
ME,COM_ARCHITECT,Skylights,483.655218
ME,COM_ARCHITECT,Skylights protection,452.690774
ME,COM_CLADRATE,10d high wind nail,370.838691
ME,COM_CLADRATE,6d any nail,426.23381
ME,COM_CLADRATE,8d high wind nail,366.460978
ME,COM_CLADRATE,8d minimum nail,373.389291
ME,COM_CLADRATE,Batten decking,439.66908
ME,COM_CLADRATE,Lumber and groove,445.574845
ME,COM_CLADSYS,Vinyl siding,802.483312
ME,COM_CLADSYS,EIFS,804.289586
ME,COM_CLADSYS,Wood,797.846336
ME,COM_CLADSYS,Metal sheathing,839.833861
ME,COM_CLADSYS,Impact rated glazing,824.254729
ME,COM_CLADSYS,Stucco,749.794368
ME,COM_CLADSYS,Brick veneer,710.720341
ME,COM_CLADSYS,Concrete block,771.945348
ME,COM_CONSTQUALI,Signs of distress,610.576653
ME,COM_CONSTQUALI,WH Roof existing,623.386896
ME,COM_CONSTQUALI,Wind Roof existing,604.921939
ME,COM_CONSTQUALI,Wind Gold existing,589.88628
ME,COM_CONSTQUALI,Wind Silver existing,560.945991
ME,COM_CONSTQUALI,WH Gold existing,588.77204
ME,COM_CONSTQUALI,WH Silver existing,626.103057
ME,COM_EXTORN,Extensive ornamentation,503.025216
ME,COM_EXTORN,Extensive ornamentation and LPS,509.920837
ME,COM_EXTORN,Large signs,472.032287
ME,COM_EXTORN,Large signs and LPS,464.503266
ME,COM_EXTORN,Lightning protection,445.397984
ME,COM_FOUNDSYS,Bolted,718.002912
ME,COM_FOUNDSYS,Engineered,687.973381
ME,COM_FOUNDSYS,Unbolted,743.579558
ME,COM_GARAGING,Attached garage,753.806725
ME,COM_GARAGING,Detached garage,706.950054
ME,COM_GARAGING,No garage,738.815245
ME,COM_MECHGROUND,Generally unprotected,326.129639
ME,COM_MECHGROUND,Generally protected,332.519183
ME,COM_RESISTOPEN,Pressure small missile rated,562.038633
ME,COM_RESISTOPEN,Pressure medium missile rated,581.286846
ME,COM_RESISTOPEN,All openings pressure small missile rated,580.944663
ME,COM_RESISTOPEN,All openings pressure medium missile rated,588.817986
ME,COM_RESISTOPEN,All openings pressure large missile rated,549.654186
ME,COM_ROOFAGE,0 to 5 years,912.861123
ME,COM_ROOFAGE,6 to 10 years,941.279853
ME,COM_ROOFAGE,11 years or more,849.704437
ME,COM_ROOFANCH,Clips,325.818194
ME,COM_ROOFANCH,Double wraps,315.161247
ME,COM_ROOFANCH,Single wraps,378.272582
ME,COM_ROOFANCH,Structural,347.119015
ME,COM_ROOFANCH,Toenailing no anchorage,368.790347
ME,COM_ROOFEQUIP,No equipment present,459.873096
ME,COM_ROOFEQUIP,Roof mounted photovoltaic array,449.962484
ME,COM_ROOFEQUIP,Roof mounted impact resistant array,492.040313
ME,COM_ROOFEQUIP,Roof mounted mechanically attached array,469.575818
ME,COM_ROOFGEOM,Complex roof,592.991153
ME,COM_ROOFGEOM,Flat roof no parapets,596.268244
ME,COM_ROOFGEOM,Flat roof parapets,642.350672
ME,COM_ROOFGEOM,Gable roof LE6:12,541.53468
ME,COM_ROOFGEOM,Braced gable LE6:12,535.132175
ME,COM_ROOFGEOM,Gable roof GT6:12,598.533187
ME,COM_ROOFGEOM,Braced gable GT6:12,544.906251
ME,COM_ROOFGEOM,Hip roof LE6:12,563.654398
ME,COM_ROOFGEOM,Hip roof GT6:12,549.088792
ME,COM_ROOFMAINT,Excellent condition,346.097001
ME,COM_ROOFMAINT,No deterioration or defects,311.207061
ME,COM_ROOFMAINT,Visible defects,350.193219
ME,COM_ROOFMAINT,Significant signs of distress,357.455886
ME,COM_ROOFSYS,Built up or single ply,601.893166
ME,COM_ROOFSYS,Built up with gutters,526.526435
ME,COM_ROOFSYS,Built up without gutters,587.847856
ME,COM_ROOFSYS,Built up unknown gutters,550.892685
ME,COM_ROOFSYS,High wind shingle,541.163067
ME,COM_ROOFSYS,High wind shingle plus SWR,553.59934
ME,COM_ROOFSYS,Normal shingle,590.169748
ME,COM_ROOFSYS,Normal shingle plus SWR,568.881008
ME,COM_ROOFSYS,Metal concealed fasteners,593.898948
ME,COM_ROOFSYS,Metal exposed fasteners,629.93058
ME,COM_ROOFSYS,Metal unknown fasteners,581.150038
ME,COM_ROOFSYS,Wood shakes,549.17082
ME,COM_ROOFSYS,Concrete roof,606.266517
ME,COM_ROOFSYS,Hail class 1,581.677422
ME,COM_ROOFSYS,Hail class 2,536.111407
ME,COM_ROOFSYS,Hail class 3,548.130752
ME,COM_ROOFSYS,Hail class 4,534.021561
ME,COM_ROOFSYS,Rubber roof,532.770632
ME,COM_ROOFSYS,Green roof,595.597542
ME,COM_ROOFSYS,Bermuda style roof,605.636389
ME,COM_ROOFSYS,Concrete tiles,572.057312
ME,COM_ROOFSYS,Slate tile,537.311408
ME,COM_ROOFSYS,Fabric membrane,617.538191
ME,COM_ROOFSYS,Solar tile,635.618538
ME,COM_TODMGPROVISION,Cosmetic damage Fully covered,745.449201
ME,COM_TODMGPROVISION,Cosmetic damage Mostly covered,783.856557
ME,COM_TODMGPROVISION,Cosmetic damage Default,743.547209
ME,COM_TODMGPROVISION,Cosmetic damage Rarely covered,702.489047
ME,COM_TODMGPROVISION,Cosmetic damage Excluded,736.065702
ME,COM_TOFLASHING,Compliant with ES1,833.798191
ME,COM_TOFLASHING,Not compliant with ES1,792.883236
ME,COM_TREEDENSITY,High tree risk high shielding,360.314855
ME,COM_TREEDENSITY,Some trees some shielding,391.230597
ME,COM_TREEDENSITY,No trees no shielding,395.457997
ME,SFD_Unknown,Unknown,365.740574
ME,SFD_ARCHITECT,Attached screen,382.154742
ME,SFD_ARCHITECT,Detached screen,404.142466
ME,SFD_ARCHITECT,Fences,387.642312
ME,SFD_ARCHITECT,None,412.831371
ME,SFD_ARCHITECT,Skylights,442.841431
ME,SFD_ARCHITECT,Skylights protection,412.333493
ME,SFD_CLADRATE,10d high wind nail,348.763599
ME,SFD_CLADRATE,6d any nail,343.615982
ME,SFD_CLADRATE,8d high wind nail,331.158011
ME,SFD_CLADRATE,8d minimum nail,384.445203
ME,SFD_CLADRATE,Batten decking,396.978117
ME,SFD_CLADRATE,Lumber and groove,393.527833
ME,SFD_CLADSYS,Vinyl siding,371.241324
ME,SFD_CLADSYS,EIFS,376.2572
ME,SFD_CLADSYS,Wood,377.855082
ME,SFD_CLADSYS,Metal sheathing,400.271134
ME,SFD_CLADSYS,Impact rated glazing,401.871238
ME,SFD_CLADSYS,Stucco,360.629359
ME,SFD_CLADSYS,Brick veneer,391.150183
ME,SFD_CLADSYS,Concrete block,355.894049
ME,SFD_CONSTQUALI,Signs of distress,375.467797
ME,SFD_CONSTQUALI,WH Roof existing,375.616509
ME,SFD_CONSTQUALI,Wind Roof existing,372.423171
ME,SFD_CONSTQUALI,Wind Gold existing,342.518502
ME,SFD_CONSTQUALI,Wind Silver existing,335.173923
ME,SFD_CONSTQUALI,WH Gold existing,336.567393
ME,SFD_CONSTQUALI,WH Silver existing,374.516774
ME,SFD_EXTORN,Extensive ornamentation,398.138507
ME,SFD_EXTORN,Extensive ornamentation and LPS,403.268767
ME,SFD_EXTORN,Large signs,424.869234
ME,SFD_EXTORN,Large signs and LPS,423.884241
ME,SFD_EXTORN,Lightning protection,402.52858
ME,SFD_FOUNDSYS,Bolted,358.773408
ME,SFD_FOUNDSYS,Engineered,378.477602
ME,SFD_FOUNDSYS,Unbolted,379.900373
ME,SFD_GARAGING,Attached garage,333.178978
ME,SFD_GARAGING,Detached garage,336.224858
ME,SFD_GARAGING,No garage,312.824213
ME,SFD_MECHGROUND,Generally unprotected,376.251487
ME,SFD_MECHGROUND,Generally protected,369.583481
ME,SFD_RESISTOPEN,Pressure small missile rated,381.563962
ME,SFD_RESISTOPEN,Pressure medium missile rated,359.646871
ME,SFD_RESISTOPEN,All openings pressure small missile rated,405.631482
ME,SFD_RESISTOPEN,All openings pressure medium missile rated,414.984654
ME,SFD_RESISTOPEN,All openings pressure large missile rated,397.096003
ME,SFD_ROOFAGE,0 to 5 years,230.700127
ME,SFD_ROOFAGE,6 to 10 years,236.407301
ME,SFD_ROOFAGE,11 years or more,233.800042
ME,SFD_ROOFANCH,Clips,220.872741
ME,SFD_ROOFANCH,Double wraps,195.708098
ME,SFD_ROOFANCH,Single wraps,203.210905
ME,SFD_ROOFANCH,Structural,204.646068
ME,SFD_ROOFANCH,Toenailing no anchorage,191.503944
ME,SFD_ROOFEQUIP,No equipment present,498.311386
ME,SFD_ROOFEQUIP,Roof mounted photovoltaic array,474.763369
ME,SFD_ROOFEQUIP,Roof mounted impact resistant array,548.1791
ME,SFD_ROOFEQUIP,Roof mounted mechanically attached array,518.782379
ME,SFD_ROOFGEOM,Complex roof,338.032563
ME,SFD_ROOFGEOM,Flat roof no parapets,305.663348
ME,SFD_ROOFGEOM,Flat roof parapets,352.85676
ME,SFD_ROOFGEOM,Gable roof LE6:12,348.491658
ME,SFD_ROOFGEOM,Braced gable LE6:12,310.845293
ME,SFD_ROOFGEOM,Gable roof GT6:12,343.288665
ME,SFD_ROOFGEOM,Braced gable GT6:12,345.890243
ME,SFD_ROOFGEOM,Hip roof LE6:12,325.381704
ME,SFD_ROOFGEOM,Hip roof GT6:12,348.523957
ME,SFD_ROOFMAINT,Excellent condition,346.9234
ME,SFD_ROOFMAINT,No deterioration or defects,393.249624
ME,SFD_ROOFMAINT,Visible defects,330.170515
ME,SFD_ROOFMAINT,Significant signs of distress,392.414453
ME,SFD_ROOFSYS,Built up or single ply,511.78215
ME,SFD_ROOFSYS,Built up with gutters,521.699386
ME,SFD_ROOFSYS,Built up without gutters,530.895796
ME,SFD_ROOFSYS,Built up unknown gutters,535.970535
ME,SFD_ROOFSYS,High wind shingle,485.140319
ME,SFD_ROOFSYS,High wind shingle plus SWR,511.266515
ME,SFD_ROOFSYS,Normal shingle,502.159257
ME,SFD_ROOFSYS,Normal shingle plus SWR,487.754489
ME,SFD_ROOFSYS,Metal concealed fasteners,581.122151
ME,SFD_ROOFSYS,Metal exposed fasteners,513.709353
ME,SFD_ROOFSYS,Metal unknown fasteners,576.373985
ME,SFD_ROOFSYS,Wood shakes,563.34345
ME,SFD_ROOFSYS,Concrete roof,520.825933
ME,SFD_ROOFSYS,Hail class 1,562.010249
ME,SFD_ROOFSYS,Hail class 2,503.319904
ME,SFD_ROOFSYS,Hail class 3,559.98082
ME,SFD_ROOFSYS,Hail class 4,486.510022
ME,SFD_ROOFSYS,Rubber roof,499.888321
ME,SFD_ROOFSYS,Green roof,581.711943
ME,SFD_ROOFSYS,Bermuda style roof,482.190401
ME,SFD_ROOFSYS,Concrete tiles,535.285341
ME,SFD_ROOFSYS,Slate tile,548.880283
ME,SFD_ROOFSYS,Fabric membrane,506.709498
ME,SFD_ROOFSYS,Solar tile,529.697137
ME,SFD_TODMGPROVISION,Cosmetic damage Fully covered,413.698064
ME,SFD_TODMGPROVISION,Cosmetic damage Mostly covered,384.731187
ME,SFD_TODMGPROVISION,Cosmetic damage Default,399.786688
ME,SFD_TODMGPROVISION,Cosmetic damage Rarely covered,437.057479
ME,SFD_TODMGPROVISION,Cosmetic damage Excluded,377.213854
ME,SFD_TOFLASHING,Compliant with ES1,388.329166
ME,SFD_TOFLASHING,Not compliant with ES1,368.38778
ME,SFD_TREEDENSITY,High tree risk high shielding,490.650381
ME,SFD_TREEDENSITY,Some trees some shielding,427.807981
ME,SFD_TREEDENSITY,No trees no shielding,473.721857
MI,COM_Unknown,Unknown,361.883447
MI,COM_ARCHITECT,Attached screen,279.286422
MI,COM_ARCHITECT,Detached screen,265.430565
MI,COM_ARCHITECT,Fences,262.103546
MI,COM_ARCHITECT,None,241.184418
MI,COM_ARCHITECT,Skylights,233.361423
MI,COM_ARCHITECT,Skylights protection,244.039629
MI,COM_CLADRATE,10d high wind nail,237.249608
MI,COM_CLADRATE,6d any nail,214.389875
MI,COM_CLADRATE,8d high wind nail,216.426491
MI,COM_CLADRATE,8d minimum nail,244.752891
MI,COM_CLADRATE,Batten decking,224.202821
MI,COM_CLADRATE,Lumber and groove,245.889772
MI,COM_CLADSYS,Vinyl siding,446.077141
MI,COM_CLADSYS,EIFS,375.605639
MI,COM_CLADSYS,Wood,391.88614
MI,COM_CLADSYS,Metal sheathing,443.228405
MI,COM_CLADSYS,Impact rated glazing,418.551707
MI,COM_CLADSYS,Stucco,446.056874
MI,COM_CLADSYS,Brick veneer,445.453656
MI,COM_CLADSYS,Concrete block,425.797349
MI,COM_CONSTQUALI,Signs of distress,333.856696
MI,COM_CONSTQUALI,WH Roof existing,307.590866
MI,COM_CONSTQUALI,Wind Roof existing,310.989663
MI,COM_CONSTQUALI,Wind Gold existing,345.30069
MI,COM_CONSTQUALI,Wind Silver existing,335.460898
MI,COM_CONSTQUALI,WH Gold existing,341.064054
MI,COM_CONSTQUALI,WH Silver existing,310.863036
MI,COM_EXTORN,Extensive ornamentation,246.774874
MI,COM_EXTORN,Extensive ornamentation and LPS,228.105922
MI,COM_EXTORN,Large signs,229.052052
MI,COM_EXTORN,Large signs and LPS,259.53333
MI,COM_EXTORN,Lightning protection,255.045668
MI,COM_FOUNDSYS,Bolted,381.311274
MI,COM_FOUNDSYS,Engineered,391.642144
MI,COM_FOUNDSYS,Unbolted,391.304755
MI,COM_GARAGING,Attached garage,417.214744
MI,COM_GARAGING,Detached garage,412.169717
MI,COM_GARAGING,No garage,362.568462
MI,COM_MECHGROUND,Generally unprotected,184.82494
MI,COM_MECHGROUND,Generally protected,171.179218
MI,COM_RESISTOPEN,Pressure small missile rated,324.008436
MI,COM_RESISTOPEN,Pressure medium missile rated,291.252745
MI,COM_RESISTOPEN,All openings pressure small missile rated,285.723852
MI,COM_RESISTOPEN,All openings pressure medium missile rated,321.691998
MI,COM_RESISTOPEN,All openings pressure large missile rated,331.580247
MI,COM_ROOFAGE,0 to 5 years,450.27664
MI,COM_ROOFAGE,6 to 10 years,503.890006
MI,COM_ROOFAGE,11 years or more,525.610656
MI,COM_ROOFANCH,Clips,176.976593
MI,COM_ROOFANCH,Double wraps,171.676134
MI,COM_ROOFANCH,Single wraps,188.256094
MI,COM_ROOFANCH,Structural,176.20773
MI,COM_ROOFANCH,Toenailing no anchorage,167.304373
MI,COM_ROOFEQUIP,No equipment present,270.457511
MI,COM_ROOFEQUIP,Roof mounted photovoltaic array,229.954519
MI,COM_ROOFEQUIP,Roof mounted impact resistant array,249.266583
MI,COM_ROOFEQUIP,Roof mounted mechanically attached array,258.925892
MI,COM_ROOFGEOM,Complex roof,318.107951
MI,COM_ROOFGEOM,Flat roof no parapets,307.381246
MI,COM_ROOFGEOM,Flat roof parapets,310.239047
MI,COM_ROOFGEOM,Gable roof LE6:12,327.84712
MI,COM_ROOFGEOM,Braced gable LE6:12,295.393498
MI,COM_ROOFGEOM,Gable roof GT6:12,278.418026
MI,COM_ROOFGEOM,Braced gable GT6:12,326.297509
MI,COM_ROOFGEOM,Hip roof LE6:12,324.000825
MI,COM_ROOFGEOM,Hip roof GT6:12,328.960522
MI,COM_ROOFMAINT,Excellent condition,155.621016
MI,COM_ROOFMAINT,No deterioration or defects,175.738883
MI,COM_ROOFMAINT,Visible defects,185.331766
MI,COM_ROOFMAINT,Significant signs of distress,170.720795
MI,COM_ROOFSYS,Built up or single ply,320.964742
MI,COM_ROOFSYS,Built up with gutters,318.018423
MI,COM_ROOFSYS,Built up without gutters,325.298114
MI,COM_ROOFSYS,Built up unknown gutters,302.883742
MI,COM_ROOFSYS,High wind shingle,325.485807
MI,COM_ROOFSYS,High wind shingle plus SWR,311.42279
MI,COM_ROOFSYS,Normal shingle,326.170623
MI,COM_ROOFSYS,Normal shingle plus SWR,353.371152
MI,COM_ROOFSYS,Metal concealed fasteners,326.893856
MI,COM_ROOFSYS,Metal exposed fasteners,340.131036
MI,COM_ROOFSYS,Metal unknown fasteners,297.931129
MI,COM_ROOFSYS,Wood shakes,339.203111
MI,COM_ROOFSYS,Concrete roof,346.359636
MI,COM_ROOFSYS,Hail class 1,295.378271
MI,COM_ROOFSYS,Hail class 2,296.552209
MI,COM_ROOFSYS,Hail class 3,331.915571
MI,COM_ROOFSYS,Hail class 4,345.78707
MI,COM_ROOFSYS,Rubber roof,342.206674
MI,COM_ROOFSYS,Green roof,311.698962
MI,COM_ROOFSYS,Bermuda style roof,346.789164
MI,COM_ROOFSYS,Concrete tiles,321.921846
MI,COM_ROOFSYS,Slate tile,304.94521
MI,COM_ROOFSYS,Fabric membrane,333.62981
MI,COM_ROOFSYS,Solar tile,348.122228
MI,COM_TODMGPROVISION,Cosmetic damage Fully covered,360.233116
MI,COM_TODMGPROVISION,Cosmetic damage Mostly covered,359.390338
MI,COM_TODMGPROVISION,Cosmetic damage Default,429.228002
MI,COM_TODMGPROVISION,Cosmetic damage Rarely covered,360.926291
MI,COM_TODMGPROVISION,Cosmetic damage Excluded,370.515663
MI,COM_TOFLASHING,Compliant with ES1,416.285441
MI,COM_TOFLASHING,Not compliant with ES1,422.085537
MI,COM_TREEDENSITY,High tree risk high shielding,220.201479
MI,COM_TREEDENSITY,Some trees some shielding,209.19663
MI,COM_TREEDENSITY,No trees no shielding,242.439115
MI,SFD_Unknown,Unknown,402.380661
MI,SFD_ARCHITECT,Attached screen,470.806974
MI,SFD_ARCHITECT,Detached screen,468.987204
MI,SFD_ARCHITECT,Fences,497.113876
MI,SFD_ARCHITECT,None,508.850664
MI,SFD_ARCHITECT,Skylights,477.666945
MI,SFD_ARCHITECT,Skylights protection,499.935216
MI,SFD_CLADRATE,10d high wind nail,410.161166
MI,SFD_CLADRATE,6d any nail,429.63961
MI,SFD_CLADRATE,8d high wind nail,411.332611
MI,SFD_CLADRATE,8d minimum nail,460.432337
MI,SFD_CLADRATE,Batten decking,447.200295
MI,SFD_CLADRATE,Lumber and groove,417.090294
MI,SFD_CLADSYS,Vinyl siding,443.962424
MI,SFD_CLADSYS,EIFS,404.395554
MI,SFD_CLADSYS,Wood,439.395073
MI,SFD_CLADSYS,Metal sheathing,413.484219
MI,SFD_CLADSYS,Impact rated glazing,452.466318
MI,SFD_CLADSYS,Stucco,411.868814
MI,SFD_CLADSYS,Brick veneer,406.939901
MI,SFD_CLADSYS,Concrete block,390.080718
MI,SFD_CONSTQUALI,Signs of distress,350.216727
MI,SFD_CONSTQUALI,WH Roof existing,371.733619
MI,SFD_CONSTQUALI,Wind Roof existing,371.670292
MI,SFD_CONSTQUALI,Wind Gold existing,413.512927
MI,SFD_CONSTQUALI,Wind Silver existing,359.015625
MI,SFD_CONSTQUALI,WH Gold existing,370.276738
MI,SFD_CONSTQUALI,WH Silver existing,384.04448
MI,SFD_EXTORN,Extensive ornamentation,449.731448
MI,SFD_EXTORN,Extensive ornamentation and LPS,493.393652
MI,SFD_EXTORN,Large signs,432.359184
MI,SFD_EXTORN,Large signs and LPS,466.245875
MI,SFD_EXTORN,Lightning protection,469.109807
MI,SFD_FOUNDSYS,Bolted,418.263581
MI,SFD_FOUNDSYS,Engineered,427.263407
MI,SFD_FOUNDSYS,Unbolted,425.008016
MI,SFD_GARAGING,Attached garage,348.717191
MI,SFD_GARAGING,Detached garage,398.531056
MI,SFD_GARAGING,No garage,395.631597
MI,SFD_MECHGROUND,Generally unprotected,419.998799
MI,SFD_MECHGROUND,Generally protected,401.134503
MI,SFD_RESISTOPEN,Pressure small missile rated,387.788275
MI,SFD_RESISTOPEN,Pressure medium missile rated,400.373533
MI,SFD_RESISTOPEN,All openings pressure small missile rated,382.805879
MI,SFD_RESISTOPEN,All openings pressure medium missile rated,418.446975
MI,SFD_RESISTOPEN,All openings pressure large missile rated,406.194052
MI,SFD_ROOFAGE,0 to 5 years,258.785574
MI,SFD_ROOFAGE,6 to 10 years,233.720301
MI,SFD_ROOFAGE,11 years or more,241.685067
MI,SFD_ROOFANCH,Clips,212.339653
MI,SFD_ROOFANCH,Double wraps,213.275435
MI,SFD_ROOFANCH,Single wraps,252.376644
MI,SFD_ROOFANCH,Structural,252.022131
MI,SFD_ROOFANCH,Toenailing no anchorage,241.985491
MI,SFD_ROOFEQUIP,No equipment present,602.604278
MI,SFD_ROOFEQUIP,Roof mounted photovoltaic array,579.053703
MI,SFD_ROOFEQUIP,Roof mounted impact resistant array,593.052839
MI,SFD_ROOFEQUIP,Roof mounted mechanically attached array,519.795419
MI,SFD_ROOFGEOM,Complex roof,362.781701
MI,SFD_ROOFGEOM,Flat roof no parapets,343.811983
MI,SFD_ROOFGEOM,Flat roof parapets,373.416298
MI,SFD_ROOFGEOM,Gable roof LE6:12,324.962684
MI,SFD_ROOFGEOM,Braced gable LE6:12,382.910492
MI,SFD_ROOFGEOM,Gable roof GT6:12,374.376966
MI,SFD_ROOFGEOM,Braced gable GT6:12,382.347168
MI,SFD_ROOFGEOM,Hip roof LE6:12,386.969779
MI,SFD_ROOFGEOM,Hip roof GT6:12,342.661714
MI,SFD_ROOFMAINT,Excellent condition,373.315793
MI,SFD_ROOFMAINT,No deterioration or defects,370.489213
MI,SFD_ROOFMAINT,Visible defects,399.121844
MI,SFD_ROOFMAINT,Significant signs of distress,426.420258
MI,SFD_ROOFSYS,Built up or single ply,537.839231
MI,SFD_ROOFSYS,Built up with gutters,616.459349
MI,SFD_ROOFSYS,Built up without gutters,644.821922
MI,SFD_ROOFSYS,Built up unknown gutters,566.873632
MI,SFD_ROOFSYS,High wind shingle,614.624627
MI,SFD_ROOFSYS,High wind shingle plus SWR,600.34613
MI,SFD_ROOFSYS,Normal shingle,535.303987
MI,SFD_ROOFSYS,Normal shingle plus SWR,583.135908
MI,SFD_ROOFSYS,Metal concealed fasteners,605.468365
MI,SFD_ROOFSYS,Metal exposed fasteners,624.556173
MI,SFD_ROOFSYS,Metal unknown fasteners,594.063939
MI,SFD_ROOFSYS,Wood shakes,634.117095
MI,SFD_ROOFSYS,Concrete roof,531.015534
MI,SFD_ROOFSYS,Hail class 1,582.863487
MI,SFD_ROOFSYS,Hail class 2,587.161904
MI,SFD_ROOFSYS,Hail class 3,623.683669
MI,SFD_ROOFSYS,Hail class 4,563.03217
MI,SFD_ROOFSYS,Rubber roof,599.798056
MI,SFD_ROOFSYS,Green roof,552.303569
MI,SFD_ROOFSYS,Bermuda style roof,625.334607
MI,SFD_ROOFSYS,Concrete tiles,600.244275
MI,SFD_ROOFSYS,Slate tile,562.304693
MI,SFD_ROOFSYS,Fabric membrane,624.781192
MI,SFD_ROOFSYS,Solar tile,601.489604
MI,SFD_TODMGPROVISION,Cosmetic damage Fully covered,396.260412
MI,SFD_TODMGPROVISION,Cosmetic damage Mostly covered,381.491817
MI,SFD_TODMGPROVISION,Cosmetic damage Default,412.619633
MI,SFD_TODMGPROVISION,Cosmetic damage Rarely covered,446.471274
MI,SFD_TODMGPROVISION,Cosmetic damage Excluded,429.674637
MI,SFD_TOFLASHING,Compliant with ES1,378.710486
MI,SFD_TOFLASHING,Not compliant with ES1,443.63872
MI,SFD_TREEDENSITY,High tree risk high shielding,543.259151
MI,SFD_TREEDENSITY,Some trees some shielding,523.260784
MI,SFD_TREEDENSITY,No trees no shielding,573.989817
MN,COM_Unknown,Unknown,281.081013
MN,COM_ARCHITECT,Attached screen,192.831295
MN,COM_ARCHITECT,Detached screen,199.471737
MN,COM_ARCHITECT,Fences,191.60504
MN,COM_ARCHITECT,None,196.646388
MN,COM_ARCHITECT,Skylights,191.38289
MN,COM_ARCHITECT,Skylights protection,205.740018
MN,COM_CLADRATE,10d high wind nail,162.814987
MN,COM_CLADRATE,6d any nail,175.785045
MN,COM_CLADRATE,8d high wind nail,178.242061
MN,COM_CLADRATE,8d minimum nail,167.137074
MN,COM_CLADRATE,Batten decking,160.147574
MN,COM_CLADRATE,Lumber and groove,168.44374
MN,COM_CLADSYS,Vinyl siding,293.499128
MN,COM_CLADSYS,EIFS,315.652751
MN,COM_CLADSYS,Wood,285.811342
MN,COM_CLADSYS,Metal sheathing,292.489971
MN,COM_CLADSYS,Impact rated glazing,294.345367
MN,COM_CLADSYS,Stucco,303.925734
MN,COM_CLADSYS,Brick veneer,305.789571
MN,COM_CLADSYS,Concrete block,338.105598
MN,COM_CONSTQUALI,Signs of distress,261.371815
MN,COM_CONSTQUALI,WH Roof existing,238.916319
MN,COM_CONSTQUALI,Wind Roof existing,257.377416
MN,COM_CONSTQUALI,Wind Gold existing,231.013907
MN,COM_CONSTQUALI,Wind Silver existing,231.869553
MN,COM_CONSTQUALI,WH Gold existing,223.522828
MN,COM_CONSTQUALI,WH Silver existing,245.75027
MN,COM_EXTORN,Extensive ornamentation,202.07621
MN,COM_EXTORN,Extensive ornamentation and LPS,188.319394
MN,COM_EXTORN,Large signs,184.623693
MN,COM_EXTORN,Large signs and LPS,193.696628
MN,COM_EXTORN,Lightning protection,204.576079
MN,COM_FOUNDSYS,Bolted,267.578807
MN,COM_FOUNDSYS,Engineered,279.529945
MN,COM_FOUNDSYS,Unbolted,264.140516
MN,COM_GARAGING,Attached garage,308.834378
MN,COM_GARAGING,Detached garage,292.160743
MN,COM_GARAGING,No garage,277.960187
MN,COM_MECHGROUND,Generally unprotected,134.277976
MN,COM_MECHGROUND,Generally protected,126.867396
MN,COM_RESISTOPEN,Pressure small missile rated,268.652999
MN,COM_RESISTOPEN,Pressure medium missile rated,246.725965
MN,COM_RESISTOPEN,All openings pressure small missile rated,246.737082
MN,COM_RESISTOPEN,All openings pressure medium missile rated,254.903278
MN,COM_RESISTOPEN,All openings pressure large missile rated,259.782346
MN,COM_ROOFAGE,0 to 5 years,440.133298
MN,COM_ROOFAGE,6 to 10 years,379.727147
MN,COM_ROOFAGE,11 years or more,389.88202
MN,COM_ROOFANCH,Clips,137.287828
MN,COM_ROOFANCH,Double wraps,153.646347
MN,COM_ROOFANCH,Single wraps,136.530224
MN,COM_ROOFANCH,Structural,145.532095
MN,COM_ROOFANCH,Toenailing no anchorage,142.023481
MN,COM_ROOFEQUIP,No equipment present,192.051524
MN,COM_ROOFEQUIP,Roof mounted photovoltaic array,193.281395
MN,COM_ROOFEQUIP,Roof mounted impact resistant array,187.607323
MN,COM_ROOFEQUIP,Roof mounted mechanically attached array,196.001364
MN,COM_ROOFGEOM,Complex roof,254.171205
MN,COM_ROOFGEOM,Flat roof no parapets,255.127138
MN,COM_ROOFGEOM,Flat roof parapets,249.613728
MN,COM_ROOFGEOM,Gable roof LE6:12,237.454909
MN,COM_ROOFGEOM,Braced gable LE6:12,258.946176
MN,COM_ROOFGEOM,Gable roof GT6:12,264.065586
MN,COM_ROOFGEOM,Braced gable GT6:12,240.433389
MN,COM_ROOFGEOM,Hip roof LE6:12,244.024727
MN,COM_ROOFGEOM,Hip roof GT6:12,265.229797
MN,COM_ROOFMAINT,Excellent condition,139.561545
MN,COM_ROOFMAINT,No deterioration or defects,140.086244
MN,COM_ROOFMAINT,Visible defects,127.091921
MN,COM_ROOFMAINT,Significant signs of distress,137.05065
MN,COM_ROOFSYS,Built up or single ply,256.450979
MN,COM_ROOFSYS,Built up with gutters,262.315446
MN,COM_ROOFSYS,Built up without gutters,262.807838
MN,COM_ROOFSYS,Built up unknown gutters,273.375273
MN,COM_ROOFSYS,High wind shingle,261.984152
MN,COM_ROOFSYS,High wind shingle plus SWR,254.781358
MN,COM_ROOFSYS,Normal shingle,243.980655
MN,COM_ROOFSYS,Normal shingle plus SWR,229.5355
MN,COM_ROOFSYS,Metal concealed fasteners,234.802322
MN,COM_ROOFSYS,Metal exposed fasteners,253.661701
MN,COM_ROOFSYS,Metal unknown fasteners,254.117927
MN,COM_ROOFSYS,Wood shakes,234.050821
MN,COM_ROOFSYS,Concrete roof,241.196813
MN,COM_ROOFSYS,Hail class 1,236.550114
MN,COM_ROOFSYS,Hail class 2,242.37652
MN,COM_ROOFSYS,Hail class 3,235.942963
MN,COM_ROOFSYS,Hail class 4,249.958675
MN,COM_ROOFSYS,Rubber roof,238.962692
MN,COM_ROOFSYS,Green roof,232.162929
MN,COM_ROOFSYS,Bermuda style roof,272.442181
MN,COM_ROOFSYS,Concrete tiles,239.069091
MN,COM_ROOFSYS,Slate tile,238.494006
MN,COM_ROOFSYS,Fabric membrane,244.260883
MN,COM_ROOFSYS,Solar tile,244.958394
MN,COM_TODMGPROVISION,Cosmetic damage Fully covered,319.553823
MN,COM_TODMGPROVISION,Cosmetic damage Mostly covered,293.668371
MN,COM_TODMGPROVISION,Cosmetic damage Default,334.690881
MN,COM_TODMGPROVISION,Cosmetic damage Rarely covered,341.531566
MN,COM_TODMGPROVISION,Cosmetic damage Excluded,299.360317
MN,COM_TOFLASHING,Compliant with ES1,279.01395
MN,COM_TOFLASHING,Not compliant with ES1,316.077003
MN,COM_TREEDENSITY,High tree risk high shielding,183.347475
MN,COM_TREEDENSITY,Some trees some shielding,160.859766
MN,COM_TREEDENSITY,No trees no shielding,186.064394
MN,SFD_Unknown,Unknown,634.250413
MN,SFD_ARCHITECT,Attached screen,617.56051
MN,SFD_ARCHITECT,Detached screen,620.757335
MN,SFD_ARCHITECT,Fences,656.450842
MN,SFD_ARCHITECT,None,660.258339
MN,SFD_ARCHITECT,Skylights,625.797683
MN,SFD_ARCHITECT,Skylights protection,712.43012
MN,SFD_CLADRATE,10d high wind nail,673.225073
MN,SFD_CLADRATE,6d any nail,633.693267
MN,SFD_CLADRATE,8d high wind nail,665.972837
MN,SFD_CLADRATE,8d minimum nail,687.633246
MN,SFD_CLADRATE,Batten decking,637.553722
MN,SFD_CLADRATE,Lumber and groove,689.015753
MN,SFD_CLADSYS,Vinyl siding,607.907211
MN,SFD_CLADSYS,EIFS,694.466539
MN,SFD_CLADSYS,Wood,602.334799
MN,SFD_CLADSYS,Metal sheathing,673.049043
MN,SFD_CLADSYS,Impact rated glazing,608.976113
MN,SFD_CLADSYS,Stucco,659.974856
MN,SFD_CLADSYS,Brick veneer,668.153003
MN,SFD_CLADSYS,Concrete block,606.248209
MN,SFD_CONSTQUALI,Signs of distress,549.261204
MN,SFD_CONSTQUALI,WH Roof existing,568.869607
MN,SFD_CONSTQUALI,Wind Roof existing,551.500545
MN,SFD_CONSTQUALI,Wind Gold existing,540.383063
MN,SFD_CONSTQUALI,Wind Silver existing,559.811721
MN,SFD_CONSTQUALI,WH Gold existing,527.65241
MN,SFD_CONSTQUALI,WH Silver existing,534.455338
MN,SFD_EXTORN,Extensive ornamentation,711.953818
MN,SFD_EXTORN,Extensive ornamentation and LPS,696.392889
MN,SFD_EXTORN,Large signs,775.162928
MN,SFD_EXTORN,Large signs and LPS,644.161935
MN,SFD_EXTORN,Lightning protection,727.547515
MN,SFD_FOUNDSYS,Bolted,599.219347
MN,SFD_FOUNDSYS,Engineered,623.258
MN,SFD_FOUNDSYS,Unbolted,682.961841
MN,SFD_GARAGING,Attached garage,628.32389
MN,SFD_GARAGING,Detached garage,603.37623
MN,SFD_GARAGING,No garage,584.283676
MN,SFD_MECHGROUND,Generally unprotected,648.882174
MN,SFD_MECHGROUND,Generally protected,616.540924
MN,SFD_RESISTOPEN,Pressure small missile rated,643.615751
MN,SFD_RESISTOPEN,Pressure medium missile rated,734.678002
MN,SFD_RESISTOPEN,All openings pressure small missile rated,641.174543
MN,SFD_RESISTOPEN,All openings pressure medium missile rated,706.404412
MN,SFD_RESISTOPEN,All openings pressure large missile rated,616.27131
MN,SFD_ROOFAGE,0 to 5 years,352.624467
MN,SFD_ROOFAGE,6 to 10 years,402.067858
MN,SFD_ROOFAGE,11 years or more,368.008142
MN,SFD_ROOFANCH,Clips,378.017583
MN,SFD_ROOFANCH,Double wraps,358.302238
MN,SFD_ROOFANCH,Single wraps,394.678125
MN,SFD_ROOFANCH,Structural,405.471658
MN,SFD_ROOFANCH,Toenailing no anchorage,415.65988
MN,SFD_ROOFEQUIP,No equipment present,889.15614
MN,SFD_ROOFEQUIP,Roof mounted photovoltaic array,894.594013
MN,SFD_ROOFEQUIP,Roof mounted impact resistant array,941.027625
MN,SFD_ROOFEQUIP,Roof mounted mechanically attached array,951.815112
MN,SFD_ROOFGEOM,Complex roof,532.484996
MN,SFD_ROOFGEOM,Flat roof no parapets,601.47979
MN,SFD_ROOFGEOM,Flat roof parapets,541.650577
MN,SFD_ROOFGEOM,Gable roof LE6:12,580.578383
MN,SFD_ROOFGEOM,Braced gable LE6:12,593.518715
MN,SFD_ROOFGEOM,Gable roof GT6:12,513.128239
MN,SFD_ROOFGEOM,Braced gable GT6:12,594.027014
MN,SFD_ROOFGEOM,Hip roof LE6:12,573.095416
MN,SFD_ROOFGEOM,Hip roof GT6:12,501.190335
MN,SFD_ROOFMAINT,Excellent condition,625.93905
MN,SFD_ROOFMAINT,No deterioration or defects,676.89059
MN,SFD_ROOFMAINT,Visible defects,614.264245
MN,SFD_ROOFMAINT,Significant signs of distress,609.108872
MN,SFD_ROOFSYS,Built up or single ply,863.963526
MN,SFD_ROOFSYS,Built up with gutters,892.308793
MN,SFD_ROOFSYS,Built up without gutters,836.094652
MN,SFD_ROOFSYS,Built up unknown gutters,815.998198
MN,SFD_ROOFSYS,High wind shingle,827.054491
MN,SFD_ROOFSYS,High wind shingle plus SWR,885.698869
MN,SFD_ROOFSYS,Normal shingle,960.624326
MN,SFD_ROOFSYS,Normal shingle plus SWR,866.304451
MN,SFD_ROOFSYS,Metal concealed fasteners,940.149502
MN,SFD_ROOFSYS,Metal exposed fasteners,806.390078
MN,SFD_ROOFSYS,Metal unknown fasteners,924.456656
MN,SFD_ROOFSYS,Wood shakes,839.206238
MN,SFD_ROOFSYS,Concrete roof,885.563175
MN,SFD_ROOFSYS,Hail class 1,800.292898
MN,SFD_ROOFSYS,Hail class 2,927.803291
MN,SFD_ROOFSYS,Hail class 3,952.681734
MN,SFD_ROOFSYS,Hail class 4,923.698202
MN,SFD_ROOFSYS,Rubber roof,809.508988
MN,SFD_ROOFSYS,Green roof,958.855558
MN,SFD_ROOFSYS,Bermuda style roof,823.791838
MN,SFD_ROOFSYS,Concrete tiles,933.63368
MN,SFD_ROOFSYS,Slate tile,910.553151
MN,SFD_ROOFSYS,Fabric membrane,866.014506
MN,SFD_ROOFSYS,Solar tile,925.033868
MN,SFD_TODMGPROVISION,Cosmetic damage Fully covered,696.658893
MN,SFD_TODMGPROVISION,Cosmetic damage Mostly covered,659.164106
MN,SFD_TODMGPROVISION,Cosmetic damage Default,703.831902
MN,SFD_TODMGPROVISION,Cosmetic damage Rarely covered,664.382899
MN,SFD_TODMGPROVISION,Cosmetic damage Excluded,734.652734
MN,SFD_TOFLASHING,Compliant with ES1,678.450119
MN,SFD_TOFLASHING,Not compliant with ES1,737.79364
MN,SFD_TREEDENSITY,High tree risk high shielding,778.336692
MN,SFD_TREEDENSITY,Some trees some shielding,889.757924
MN,SFD_TREEDENSITY,No trees no shielding,818.279325
MO,COM_Unknown,Unknown,451.214736
MO,COM_ARCHITECT,Attached screen,329.108096
MO,COM_ARCHITECT,Detached screen,292.881954
MO,COM_ARCHITECT,Fences,299.696652
MO,COM_ARCHITECT,None,346.851282
MO,COM_ARCHITECT,Skylights,322.702542
MO,COM_ARCHITECT,Skylights protection,312.481601
MO,COM_CLADRATE,10d high wind nail,262.571447
MO,COM_CLADRATE,6d any nail,283.315936
MO,COM_CLADRATE,8d high wind nail,265.648677
MO,COM_CLADRATE,8d minimum nail,268.72092
MO,COM_CLADRATE,Batten decking,300.919052
MO,COM_CLADRATE,Lumber and groove,293.552801
MO,COM_CLADSYS,Vinyl siding,465.972789
MO,COM_CLADSYS,EIFS,497.326881
MO,COM_CLADSYS,Wood,501.246648
MO,COM_CLADSYS,Metal sheathing,506.575688
MO,COM_CLADSYS,Impact rated glazing,497.907732
MO,COM_CLADSYS,Stucco,469.286518
MO,COM_CLADSYS,Brick veneer,523.877053
MO,COM_CLADSYS,Concrete block,543.082869
MO,COM_CONSTQUALI,Signs of distress,432.568819
MO,COM_CONSTQUALI,WH Roof existing,446.084734
MO,COM_CONSTQUALI,Wind Roof existing,370.528345
MO,COM_CONSTQUALI,Wind Gold existing,410.83188
MO,COM_CONSTQUALI,Wind Silver existing,391.024042
MO,COM_CONSTQUALI,WH Gold existing,407.681574
MO,COM_CONSTQUALI,WH Silver existing,403.188312
MO,COM_EXTORN,Extensive ornamentation,303.896024
MO,COM_EXTORN,Extensive ornamentation and LPS,352.139787
MO,COM_EXTORN,Large signs,320.845082
MO,COM_EXTORN,Large signs and LPS,335.775882
MO,COM_EXTORN,Lightning protection,303.543086
MO,COM_FOUNDSYS,Bolted,505.891812
MO,COM_FOUNDSYS,Engineered,493.262508
MO,COM_FOUNDSYS,Unbolted,505.017183
MO,COM_GARAGING,Attached garage,481.676091
MO,COM_GARAGING,Detached garage,496.030497
MO,COM_GARAGING,No garage,469.855579
MO,COM_MECHGROUND,Generally unprotected,241.973457
MO,COM_MECHGROUND,Generally protected,229.746279
MO,COM_RESISTOPEN,Pressure small missile rated,384.08295
MO,COM_RESISTOPEN,Pressure medium missile rated,357.847469
MO,COM_RESISTOPEN,All openings pressure small missile rated,392.370501
MO,COM_RESISTOPEN,All openings pressure medium missile rated,397.041642
MO,COM_RESISTOPEN,All openings pressure large missile rated,361.380407
MO,COM_ROOFAGE,0 to 5 years,612.53151
MO,COM_ROOFAGE,6 to 10 years,637.673172
MO,COM_ROOFAGE,11 years or more,642.488535
MO,COM_ROOFANCH,Clips,232.440185
MO,COM_ROOFANCH,Double wraps,242.668155
MO,COM_ROOFANCH,Single wraps,222.292554
MO,COM_ROOFANCH,Structural,235.489521
MO,COM_ROOFANCH,Toenailing no anchorage,212.537613
MO,COM_ROOFEQUIP,No equipment present,354.295829
MO,COM_ROOFEQUIP,Roof mounted photovoltaic array,314.327828
MO,COM_ROOFEQUIP,Roof mounted impact resistant array,315.310868
MO,COM_ROOFEQUIP,Roof mounted mechanically attached array,323.456619
MO,COM_ROOFGEOM,Complex roof,428.24445
MO,COM_ROOFGEOM,Flat roof no parapets,408.178792
MO,COM_ROOFGEOM,Flat roof parapets,440.883674
MO,COM_ROOFGEOM,Gable roof LE6:12,391.994226
MO,COM_ROOFGEOM,Braced gable LE6:12,403.696687
MO,COM_ROOFGEOM,Gable roof GT6:12,381.930784
MO,COM_ROOFGEOM,Braced gable GT6:12,391.268782
MO,COM_ROOFGEOM,Hip roof LE6:12,428.826953
MO,COM_ROOFGEOM,Hip roof GT6:12,454.103538
MO,COM_ROOFMAINT,Excellent condition,242.140531
MO,COM_ROOFMAINT,No deterioration or defects,234.075801
MO,COM_ROOFMAINT,Visible defects,218.156333
MO,COM_ROOFMAINT,Significant signs of distress,255.378534
MO,COM_ROOFSYS,Built up or single ply,418.956036
MO,COM_ROOFSYS,Built up with gutters,384.962201
MO,COM_ROOFSYS,Built up without gutters,401.778161
MO,COM_ROOFSYS,Built up unknown gutters,405.742493
MO,COM_ROOFSYS,High wind shingle,383.187265
MO,COM_ROOFSYS,High wind shingle plus SWR,384.660413
MO,COM_ROOFSYS,Normal shingle,398.762096
MO,COM_ROOFSYS,Normal shingle plus SWR,381.293057
MO,COM_ROOFSYS,Metal concealed fasteners,367.30233
MO,COM_ROOFSYS,Metal exposed fasteners,385.843714
MO,COM_ROOFSYS,Metal unknown fasteners,389.915567
MO,COM_ROOFSYS,Wood shakes,395.345348
MO,COM_ROOFSYS,Concrete roof,418.030404
MO,COM_ROOFSYS,Hail class 1,365.525498
MO,COM_ROOFSYS,Hail class 2,365.053598
MO,COM_ROOFSYS,Hail class 3,364.392694
MO,COM_ROOFSYS,Hail class 4,378.100654
MO,COM_ROOFSYS,Rubber roof,377.4621
MO,COM_ROOFSYS,Green roof,374.755167
MO,COM_ROOFSYS,Bermuda style roof,388.288304
MO,COM_ROOFSYS,Concrete tiles,373.349882
MO,COM_ROOFSYS,Slate tile,373.537686
MO,COM_ROOFSYS,Fabric membrane,368.259088
MO,COM_ROOFSYS,Solar tile,392.606797
MO,COM_TODMGPROVISION,Cosmetic damage Fully covered,470.58711
MO,COM_TODMGPROVISION,Cosmetic damage Mostly covered,465.179223
MO,COM_TODMGPROVISION,Cosmetic damage Default,464.590436
MO,COM_TODMGPROVISION,Cosmetic damage Rarely covered,526.906748
MO,COM_TODMGPROVISION,Cosmetic damage Excluded,555.405982
MO,COM_TOFLASHING,Compliant with ES1,492.955264
MO,COM_TOFLASHING,Not compliant with ES1,496.350002
MO,COM_TREEDENSITY,High tree risk high shielding,286.433668
MO,COM_TREEDENSITY,Some trees some shielding,272.273624
MO,COM_TREEDENSITY,No trees no shielding,257.491993
MO,SFD_Unknown,Unknown,640.637084
MO,SFD_ARCHITECT,Attached screen,699.518703
MO,SFD_ARCHITECT,Detached screen,732.567784
MO,SFD_ARCHITECT,Fences,722.20643
MO,SFD_ARCHITECT,None,767.43558
MO,SFD_ARCHITECT,Skylights,696.516979
MO,SFD_ARCHITECT,Skylights protection,696.642065
MO,SFD_CLADRATE,10d high wind nail,591.917768
MO,SFD_CLADRATE,6d any nail,672.951096
MO,SFD_CLADRATE,8d high wind nail,693.974079
MO,SFD_CLADRATE,8d minimum nail,651.034443
MO,SFD_CLADRATE,Batten decking,596.353422
MO,SFD_CLADRATE,Lumber and groove,695.745616
MO,SFD_CLADSYS,Vinyl siding,646.157278
MO,SFD_CLADSYS,EIFS,753.527622
MO,SFD_CLADSYS,Wood,690.252223
MO,SFD_CLADSYS,Metal sheathing,688.478531
MO,SFD_CLADSYS,Impact rated glazing,686.211344
MO,SFD_CLADSYS,Stucco,671.827687
MO,SFD_CLADSYS,Brick veneer,647.693434
MO,SFD_CLADSYS,Concrete block,738.297995
MO,SFD_CONSTQUALI,Signs of distress,535.19211
MO,SFD_CONSTQUALI,WH Roof existing,565.329322
MO,SFD_CONSTQUALI,Wind Roof existing,542.013123
MO,SFD_CONSTQUALI,Wind Gold existing,522.644259
MO,SFD_CONSTQUALI,Wind Silver existing,600.889532
MO,SFD_CONSTQUALI,WH Gold existing,544.761104
MO,SFD_CONSTQUALI,WH Silver existing,570.785307
MO,SFD_EXTORN,Extensive ornamentation,694.456775
MO,SFD_EXTORN,Extensive ornamentation and LPS,746.553683
MO,SFD_EXTORN,Large signs,629.832771
MO,SFD_EXTORN,Large signs and LPS,766.629473
MO,SFD_EXTORN,Lightning protection,737.957327
MO,SFD_FOUNDSYS,Bolted,710.561773
MO,SFD_FOUNDSYS,Engineered,672.967356
MO,SFD_FOUNDSYS,Unbolted,614.961816
MO,SFD_GARAGING,Attached garage,559.321833
MO,SFD_GARAGING,Detached garage,627.390926
MO,SFD_GARAGING,No garage,564.152494
MO,SFD_MECHGROUND,Generally unprotected,589.978092
MO,SFD_MECHGROUND,Generally protected,626.246593
MO,SFD_RESISTOPEN,Pressure small missile rated,640.680944
MO,SFD_RESISTOPEN,Pressure medium missile rated,687.542333
MO,SFD_RESISTOPEN,All openings pressure small missile rated,681.699979
MO,SFD_RESISTOPEN,All openings pressure medium missile rated,662.452474
MO,SFD_RESISTOPEN,All openings pressure large missile rated,679.109748
MO,SFD_ROOFAGE,0 to 5 years,351.458323
MO,SFD_ROOFAGE,6 to 10 years,337.695484
MO,SFD_ROOFAGE,11 years or more,405.960669
MO,SFD_ROOFANCH,Clips,376.012489
MO,SFD_ROOFANCH,Double wraps,400.858075
MO,SFD_ROOFANCH,Single wraps,404.774646
MO,SFD_ROOFANCH,Structural,375.274991
MO,SFD_ROOFANCH,Toenailing no anchorage,390.273759
MO,SFD_ROOFEQUIP,No equipment present,834.540218
MO,SFD_ROOFEQUIP,Roof mounted photovoltaic array,839.52925
MO,SFD_ROOFEQUIP,Roof mounted impact resistant array,856.786321
MO,SFD_ROOFEQUIP,Roof mounted mechanically attached array,876.662865
MO,SFD_ROOFGEOM,Complex roof,545.820362
MO,SFD_ROOFGEOM,Flat roof no parapets,555.731908
MO,SFD_ROOFGEOM,Flat roof parapets,532.396322
MO,SFD_ROOFGEOM,Gable roof LE6:12,597.196554
MO,SFD_ROOFGEOM,Braced gable LE6:12,622.646834
MO,SFD_ROOFGEOM,Gable roof GT6:12,612.264813
MO,SFD_ROOFGEOM,Braced gable GT6:12,593.230523
MO,SFD_ROOFGEOM,Hip roof LE6:12,600.070476
MO,SFD_ROOFGEOM,Hip roof GT6:12,609.803487
MO,SFD_ROOFMAINT,Excellent condition,553.313049
MO,SFD_ROOFMAINT,No deterioration or defects,559.508829
MO,SFD_ROOFMAINT,Visible defects,579.943609
MO,SFD_ROOFMAINT,Significant signs of distress,540.549469
MO,SFD_ROOFSYS,Built up or single ply,892.752764
MO,SFD_ROOFSYS,Built up with gutters,876.109737
MO,SFD_ROOFSYS,Built up without gutters,925.520008
MO,SFD_ROOFSYS,Built up unknown gutters,897.639488
MO,SFD_ROOFSYS,High wind shingle,864.029986
MO,SFD_ROOFSYS,High wind shingle plus SWR,931.902299
MO,SFD_ROOFSYS,Normal shingle,917.283152
MO,SFD_ROOFSYS,Normal shingle plus SWR,849.088702
MO,SFD_ROOFSYS,Metal concealed fasteners,954.253613
MO,SFD_ROOFSYS,Metal exposed fasteners,819.747254
MO,SFD_ROOFSYS,Metal unknown fasteners,951.886414
MO,SFD_ROOFSYS,Wood shakes,861.015628
MO,SFD_ROOFSYS,Concrete roof,836.566647
MO,SFD_ROOFSYS,Hail class 1,932.022947
MO,SFD_ROOFSYS,Hail class 2,905.674821
MO,SFD_ROOFSYS,Hail class 3,879.458823
MO,SFD_ROOFSYS,Hail class 4,824.556485
MO,SFD_ROOFSYS,Rubber roof,873.794744
MO,SFD_ROOFSYS,Green roof,913.871667
MO,SFD_ROOFSYS,Bermuda style roof,869.526187
MO,SFD_ROOFSYS,Concrete tiles,865.504676
MO,SFD_ROOFSYS,Slate tile,870.171683
MO,SFD_ROOFSYS,Fabric membrane,888.566198
MO,SFD_ROOFSYS,Solar tile,868.427237
MO,SFD_TODMGPROVISION,Cosmetic damage Fully covered,686.863966
MO,SFD_TODMGPROVISION,Cosmetic damage Mostly covered,738.096822
MO,SFD_TODMGPROVISION,Cosmetic damage Default,627.098581
MO,SFD_TODMGPROVISION,Cosmetic damage Rarely covered,680.606281
MO,SFD_TODMGPROVISION,Cosmetic damage Excluded,735.345812
MO,SFD_TOFLASHING,Compliant with ES1,712.009626
MO,SFD_TOFLASHING,Not compliant with ES1,694.449394
MO,SFD_TREEDENSITY,High tree risk high shielding,844.183769
MO,SFD_TREEDENSITY,Some trees some shielding,917.728664
MO,SFD_TREEDENSITY,No trees no shielding,914.451455
MS,COM_Unknown,Unknown,310.004614
MS,COM_ARCHITECT,Attached screen,196.606565
MS,COM_ARCHITECT,Detached screen,227.204452
MS,COM_ARCHITECT,Fences,202.996791
MS,COM_ARCHITECT,None,195.216311
MS,COM_ARCHITECT,Skylights,200.53455
MS,COM_ARCHITECT,Skylights protection,209.67869
MS,COM_CLADRATE,10d high wind nail,171.388787
MS,COM_CLADRATE,6d any nail,183.358768
MS,COM_CLADRATE,8d high wind nail,180.361308
MS,COM_CLADRATE,8d minimum nail,171.499802
MS,COM_CLADRATE,Batten decking,199.754894
MS,COM_CLADRATE,Lumber and groove,200.25139
MS,COM_CLADSYS,Vinyl siding,330.440696
MS,COM_CLADSYS,EIFS,374.602625
MS,COM_CLADSYS,Wood,382.107598
MS,COM_CLADSYS,Metal sheathing,349.99076
MS,COM_CLADSYS,Impact rated glazing,356.064181
MS,COM_CLADSYS,Stucco,329.100869
MS,COM_CLADSYS,Brick veneer,362.471402
MS,COM_CLADSYS,Concrete block,337.018837
MS,COM_CONSTQUALI,Signs of distress,272.765239
MS,COM_CONSTQUALI,WH Roof existing,302.064874
MS,COM_CONSTQUALI,Wind Roof existing,290.756407
MS,COM_CONSTQUALI,Wind Gold existing,274.20156
MS,COM_CONSTQUALI,Wind Silver existing,294.419075
MS,COM_CONSTQUALI,WH Gold existing,270.386523
MS,COM_CONSTQUALI,WH Silver existing,271.202538
MS,COM_EXTORN,Extensive ornamentation,223.04165
MS,COM_EXTORN,Extensive ornamentation and LPS,235.360776
MS,COM_EXTORN,Large signs,222.840621
MS,COM_EXTORN,Large signs and LPS,233.228083
MS,COM_EXTORN,Lightning protection,226.802571
MS,COM_FOUNDSYS,Bolted,348.95594
MS,COM_FOUNDSYS,Engineered,350.446575
MS,COM_FOUNDSYS,Unbolted,303.768345
MS,COM_GARAGING,Attached garage,322.402205
MS,COM_GARAGING,Detached garage,305.407062
MS,COM_GARAGING,No garage,329.775629
MS,COM_MECHGROUND,Generally unprotected,137.729825
MS,COM_MECHGROUND,Generally protected,154.711868
MS,COM_RESISTOPEN,Pressure small missile rated,261.84043
MS,COM_RESISTOPEN,Pressure medium missile rated,280.079892
MS,COM_RESISTOPEN,All openings pressure small missile rated,253.600807
MS,COM_RESISTOPEN,All openings pressure medium missile rated,284.820529
MS,COM_RESISTOPEN,All openings pressure large missile rated,282.335846
MS,COM_ROOFAGE,0 to 5 years,425.281922
MS,COM_ROOFAGE,6 to 10 years,436.312227
MS,COM_ROOFAGE,11 years or more,444.36702
MS,COM_ROOFANCH,Clips,134.171271
MS,COM_ROOFANCH,Double wraps,138.60558
MS,COM_ROOFANCH,Single wraps,154.151092
MS,COM_ROOFANCH,Structural,134.51772
MS,COM_ROOFANCH,Toenailing no anchorage,161.863595
MS,COM_ROOFEQUIP,No equipment present,218.821337
MS,COM_ROOFEQUIP,Roof mounted photovoltaic array,234.372812
MS,COM_ROOFEQUIP,Roof mounted impact resistant array,209.752649
MS,COM_ROOFEQUIP,Roof mounted mechanically attached array,223.650799
MS,COM_ROOFGEOM,Complex roof,261.432917
MS,COM_ROOFGEOM,Flat roof no parapets,287.557842
MS,COM_ROOFGEOM,Flat roof parapets,258.073168
MS,COM_ROOFGEOM,Gable roof LE6:12,255.984282
MS,COM_ROOFGEOM,Braced gable LE6:12,287.61485
MS,COM_ROOFGEOM,Gable roof GT6:12,242.644387
MS,COM_ROOFGEOM,Braced gable GT6:12,284.523658
MS,COM_ROOFGEOM,Hip roof LE6:12,253.520799
MS,COM_ROOFGEOM,Hip roof GT6:12,246.091568
MS,COM_ROOFMAINT,Excellent condition,145.065597
MS,COM_ROOFMAINT,No deterioration or defects,149.806378
MS,COM_ROOFMAINT,Visible defects,169.727882
MS,COM_ROOFMAINT,Significant signs of distress,155.547941
MS,COM_ROOFSYS,Built up or single ply,308.325501
MS,COM_ROOFSYS,Built up with gutters,272.824257
MS,COM_ROOFSYS,Built up without gutters,297.460489
MS,COM_ROOFSYS,Built up unknown gutters,292.666054
MS,COM_ROOFSYS,High wind shingle,272.81227
MS,COM_ROOFSYS,High wind shingle plus SWR,256.745724
MS,COM_ROOFSYS,Normal shingle,277.222816
MS,COM_ROOFSYS,Normal shingle plus SWR,269.888453
MS,COM_ROOFSYS,Metal concealed fasteners,285.771441
MS,COM_ROOFSYS,Metal exposed fasteners,293.467104
MS,COM_ROOFSYS,Metal unknown fasteners,272.103111
MS,COM_ROOFSYS,Wood shakes,282.264773
MS,COM_ROOFSYS,Concrete roof,277.076925
MS,COM_ROOFSYS,Hail class 1,261.198441
MS,COM_ROOFSYS,Hail class 2,265.642269
MS,COM_ROOFSYS,Hail class 3,303.505719
MS,COM_ROOFSYS,Hail class 4,282.36179
MS,COM_ROOFSYS,Rubber roof,305.356094
MS,COM_ROOFSYS,Green roof,303.322695
MS,COM_ROOFSYS,Bermuda style roof,265.380936
MS,COM_ROOFSYS,Concrete tiles,296.66817
MS,COM_ROOFSYS,Slate tile,279.73755
MS,COM_ROOFSYS,Fabric membrane,288.753271
MS,COM_ROOFSYS,Solar tile,299.104014
MS,COM_TODMGPROVISION,Cosmetic damage Fully covered,368.338041
MS,COM_TODMGPROVISION,Cosmetic damage Mostly covered,377.765404
MS,COM_TODMGPROVISION,Cosmetic damage Default,333.098954
MS,COM_TODMGPROVISION,Cosmetic damage Rarely covered,312.492109
MS,COM_TODMGPROVISION,Cosmetic damage Excluded,325.555716
MS,COM_TOFLASHING,Compliant with ES1,326.493652
MS,COM_TOFLASHING,Not compliant with ES1,318.269641
MS,COM_TREEDENSITY,High tree risk high shielding,174.431903
MS,COM_TREEDENSITY,Some trees some shielding,178.637733
MS,COM_TREEDENSITY,No trees no shielding,210.115889
MS,SFD_Unknown,Unknown,485.049749
MS,SFD_ARCHITECT,Attached screen,493.161106
MS,SFD_ARCHITECT,Detached screen,517.68507
MS,SFD_ARCHITECT,Fences,500.83486
MS,SFD_ARCHITECT,None,566.797209
MS,SFD_ARCHITECT,Skylights,532.300869
MS,SFD_ARCHITECT,Skylights protection,584.502477
MS,SFD_CLADRATE,10d high wind nail,487.967587
MS,SFD_CLADRATE,6d any nail,449.540723
MS,SFD_CLADRATE,8d high wind nail,490.130745
MS,SFD_CLADRATE,8d minimum nail,514.40597
MS,SFD_CLADRATE,Batten decking,525.661591
MS,SFD_CLADRATE,Lumber and groove,460.810427
MS,SFD_CLADSYS,Vinyl siding,501.776975
MS,SFD_CLADSYS,EIFS,531.40079
MS,SFD_CLADSYS,Wood,500.239894
MS,SFD_CLADSYS,Metal sheathing,503.029203
MS,SFD_CLADSYS,Impact rated glazing,534.276507
MS,SFD_CLADSYS,Stucco,482.386325
MS,SFD_CLADSYS,Brick veneer,505.485633
MS,SFD_CLADSYS,Concrete block,480.504852
MS,SFD_CONSTQUALI,Signs of distress,493.102147
MS,SFD_CONSTQUALI,WH Roof existing,497.440484
MS,SFD_CONSTQUALI,Wind Roof existing,464.135695
MS,SFD_CONSTQUALI,Wind Gold existing,469.516252
MS,SFD_CONSTQUALI,Wind Silver existing,496.729073
MS,SFD_CONSTQUALI,WH Gold existing,477.594359
MS,SFD_CONSTQUALI,WH Silver existing,497.37178
MS,SFD_EXTORN,Extensive ornamentation,514.384035
MS,SFD_EXTORN,Extensive ornamentation and LPS,563.872936
MS,SFD_EXTORN,Large signs,539.417591
MS,SFD_EXTORN,Large signs and LPS,584.732676
MS,SFD_EXTORN,Lightning protection,587.453193
MS,SFD_FOUNDSYS,Bolted,525.478854
MS,SFD_FOUNDSYS,Engineered,542.056623
MS,SFD_FOUNDSYS,Unbolted,553.820287
MS,SFD_GARAGING,Attached garage,469.389406
MS,SFD_GARAGING,Detached garage,453.529299
MS,SFD_GARAGING,No garage,503.476551
MS,SFD_MECHGROUND,Generally unprotected,520.98366
MS,SFD_MECHGROUND,Generally protected,486.127714
MS,SFD_RESISTOPEN,Pressure small missile rated,570.570611
MS,SFD_RESISTOPEN,Pressure medium missile rated,523.819718
MS,SFD_RESISTOPEN,All openings pressure small missile rated,496.979502
MS,SFD_RESISTOPEN,All openings pressure medium missile rated,513.470997
MS,SFD_RESISTOPEN,All openings pressure large missile rated,492.283222
MS,SFD_ROOFAGE,0 to 5 years,303.780405
MS,SFD_ROOFAGE,6 to 10 years,256.770974
MS,SFD_ROOFAGE,11 years or more,302.799086
MS,SFD_ROOFANCH,Clips,308.582849
MS,SFD_ROOFANCH,Double wraps,305.853631
MS,SFD_ROOFANCH,Single wraps,302.553809
MS,SFD_ROOFANCH,Structural,303.121321
MS,SFD_ROOFANCH,Toenailing no anchorage,301.837637
MS,SFD_ROOFEQUIP,No equipment present,719.10957
MS,SFD_ROOFEQUIP,Roof mounted photovoltaic array,700.414621
MS,SFD_ROOFEQUIP,Roof mounted impact resistant array,600.476777
MS,SFD_ROOFEQUIP,Roof mounted mechanically attached array,659.817524
MS,SFD_ROOFGEOM,Complex roof,456.491913
MS,SFD_ROOFGEOM,Flat roof no parapets,425.828508
MS,SFD_ROOFGEOM,Flat roof parapets,426.304232
MS,SFD_ROOFGEOM,Gable roof LE6:12,493.51406
MS,SFD_ROOFGEOM,Braced gable LE6:12,504.840289
MS,SFD_ROOFGEOM,Gable roof GT6:12,453.83395
MS,SFD_ROOFGEOM,Braced gable GT6:12,450.656187
MS,SFD_ROOFGEOM,Hip roof LE6:12,458.027064
MS,SFD_ROOFGEOM,Hip roof GT6:12,456.682345
MS,SFD_ROOFMAINT,Excellent condition,492.613429
MS,SFD_ROOFMAINT,No deterioration or defects,449.375262
MS,SFD_ROOFMAINT,Visible defects,469.085101
MS,SFD_ROOFMAINT,Significant signs of distress,514.899412
MS,SFD_ROOFSYS,Built up or single ply,606.608412
MS,SFD_ROOFSYS,Built up with gutters,603.952324
MS,SFD_ROOFSYS,Built up without gutters,716.140323
MS,SFD_ROOFSYS,Built up unknown gutters,705.274241
MS,SFD_ROOFSYS,High wind shingle,679.113106
MS,SFD_ROOFSYS,High wind shingle plus SWR,624.430898
MS,SFD_ROOFSYS,Normal shingle,642.299173
MS,SFD_ROOFSYS,Normal shingle plus SWR,614.823597
MS,SFD_ROOFSYS,Metal concealed fasteners,653.241389
MS,SFD_ROOFSYS,Metal exposed fasteners,698.544383
MS,SFD_ROOFSYS,Metal unknown fasteners,716.602613
MS,SFD_ROOFSYS,Wood shakes,705.613989
MS,SFD_ROOFSYS,Concrete roof,722.706749
MS,SFD_ROOFSYS,Hail class 1,645.967943
MS,SFD_ROOFSYS,Hail class 2,602.273525
MS,SFD_ROOFSYS,Hail class 3,634.454932
MS,SFD_ROOFSYS,Hail class 4,728.521585
MS,SFD_ROOFSYS,Rubber roof,655.541205
MS,SFD_ROOFSYS,Green roof,727.904602
MS,SFD_ROOFSYS,Bermuda style roof,689.810047
MS,SFD_ROOFSYS,Concrete tiles,635.794285
MS,SFD_ROOFSYS,Slate tile,716.420006
MS,SFD_ROOFSYS,Fabric membrane,658.929909
MS,SFD_ROOFSYS,Solar tile,704.098146
MS,SFD_TODMGPROVISION,Cosmetic damage Fully covered,578.617038
MS,SFD_TODMGPROVISION,Cosmetic damage Mostly covered,526.126283
MS,SFD_TODMGPROVISION,Cosmetic damage Default,490.840529
MS,SFD_TODMGPROVISION,Cosmetic damage Rarely covered,558.70933
MS,SFD_TODMGPROVISION,Cosmetic damage Excluded,492.10853
MS,SFD_TOFLASHING,Compliant with ES1,532.142519
MS,SFD_TOFLASHING,Not compliant with ES1,523.746924
MS,SFD_TREEDENSITY,High tree risk high shielding,669.63845
MS,SFD_TREEDENSITY,Some trees some shielding,582.851272
MS,SFD_TREEDENSITY,No trees no shielding,556.605316
MT,COM_Unknown,Unknown,390.200452
MT,COM_ARCHITECT,Attached screen,281.996254
MT,COM_ARCHITECT,Detached screen,264.084265
MT,COM_ARCHITECT,Fences,242.024907
MT,COM_ARCHITECT,None,246.297477
MT,COM_ARCHITECT,Skylights,239.394047
MT,COM_ARCHITECT,Skylights protection,279.657164
MT,COM_CLADRATE,10d high wind nail,232.800914
MT,COM_CLADRATE,6d any nail,241.105191
MT,COM_CLADRATE,8d high wind nail,233.086316
MT,COM_CLADRATE,8d minimum nail,259.27704
MT,COM_CLADRATE,Batten decking,259.553148
MT,COM_CLADRATE,Lumber and groove,260.437033
MT,COM_CLADSYS,Vinyl siding,495.815137
MT,COM_CLADSYS,EIFS,453.478521
MT,COM_CLADSYS,Wood,449.543484
MT,COM_CLADSYS,Metal sheathing,447.171155
MT,COM_CLADSYS,Impact rated glazing,461.606516
MT,COM_CLADSYS,Stucco,419.838838
MT,COM_CLADSYS,Brick veneer,478.867272
MT,COM_CLADSYS,Concrete block,435.35423
MT,COM_CONSTQUALI,Signs of distress,394.238444
MT,COM_CONSTQUALI,WH Roof existing,330.367072
MT,COM_CONSTQUALI,Wind Roof existing,357.633338
MT,COM_CONSTQUALI,Wind Gold existing,371.882456
MT,COM_CONSTQUALI,Wind Silver existing,381.625681
MT,COM_CONSTQUALI,WH Gold existing,377.75595
MT,COM_CONSTQUALI,WH Silver existing,353.452513
MT,COM_EXTORN,Extensive ornamentation,277.883299
MT,COM_EXTORN,Extensive ornamentation and LPS,257.067605
MT,COM_EXTORN,Large signs,264.595727
MT,COM_EXTORN,Large signs and LPS,290.451073
MT,COM_EXTORN,Lightning protection,287.69837
MT,COM_FOUNDSYS,Bolted,409.099378
MT,COM_FOUNDSYS,Engineered,412.454518
MT,COM_FOUNDSYS,Unbolted,386.67207
MT,COM_GARAGING,Attached garage,410.481068
MT,COM_GARAGING,Detached garage,399.605735
MT,COM_GARAGING,No garage,378.857625
MT,COM_MECHGROUND,Generally unprotected,212.861681
MT,COM_MECHGROUND,Generally protected,190.833746
MT,COM_RESISTOPEN,Pressure small missile rated,331.375257
MT,COM_RESISTOPEN,Pressure medium missile rated,358.166432
MT,COM_RESISTOPEN,All openings pressure small missile rated,330.100722
MT,COM_RESISTOPEN,All openings pressure medium missile rated,339.022275
MT,COM_RESISTOPEN,All openings pressure large missile rated,312.493699
MT,COM_ROOFAGE,0 to 5 years,578.844859
MT,COM_ROOFAGE,6 to 10 years,565.156452
MT,COM_ROOFAGE,11 years or more,568.320914
MT,COM_ROOFANCH,Clips,170.619626
MT,COM_ROOFANCH,Double wraps,202.62477
MT,COM_ROOFANCH,Single wraps,183.901718
MT,COM_ROOFANCH,Structural,187.923368
MT,COM_ROOFANCH,Toenailing no anchorage,173.534035
MT,COM_ROOFEQUIP,No equipment present,250.963935
MT,COM_ROOFEQUIP,Roof mounted photovoltaic array,256.635722
MT,COM_ROOFEQUIP,Roof mounted impact resistant array,270.706671
MT,COM_ROOFEQUIP,Roof mounted mechanically attached array,242.409442
MT,COM_ROOFGEOM,Complex roof,319.75422
MT,COM_ROOFGEOM,Flat roof no parapets,334.187015
MT,COM_ROOFGEOM,Flat roof parapets,355.798432
MT,COM_ROOFGEOM,Gable roof LE6:12,342.07662
MT,COM_ROOFGEOM,Braced gable LE6:12,371.228105
MT,COM_ROOFGEOM,Gable roof GT6:12,386.39141
MT,COM_ROOFGEOM,Braced gable GT6:12,334.522091
MT,COM_ROOFGEOM,Hip roof LE6:12,387.901851
MT,COM_ROOFGEOM,Hip roof GT6:12,325.226196
MT,COM_ROOFMAINT,Excellent condition,191.088944
MT,COM_ROOFMAINT,No deterioration or defects,191.204374
MT,COM_ROOFMAINT,Visible defects,182.559669
MT,COM_ROOFMAINT,Significant signs of distress,189.266261
MT,COM_ROOFSYS,Built up or single ply,333.38832
MT,COM_ROOFSYS,Built up with gutters,359.028586
MT,COM_ROOFSYS,Built up without gutters,323.652716
MT,COM_ROOFSYS,Built up unknown gutters,313.481498
MT,COM_ROOFSYS,High wind shingle,359.695174
MT,COM_ROOFSYS,High wind shingle plus SWR,327.999557
MT,COM_ROOFSYS,Normal shingle,332.402452
MT,COM_ROOFSYS,Normal shingle plus SWR,368.340408
MT,COM_ROOFSYS,Metal concealed fasteners,310.058604
MT,COM_ROOFSYS,Metal exposed fasteners,339.490343
MT,COM_ROOFSYS,Metal unknown fasteners,317.820818
MT,COM_ROOFSYS,Wood shakes,344.343827
MT,COM_ROOFSYS,Concrete roof,376.829204
MT,COM_ROOFSYS,Hail class 1,355.213562
MT,COM_ROOFSYS,Hail class 2,370.518175
MT,COM_ROOFSYS,Hail class 3,360.228042
MT,COM_ROOFSYS,Hail class 4,344.445644
MT,COM_ROOFSYS,Rubber roof,370.655264
MT,COM_ROOFSYS,Green roof,343.766655
MT,COM_ROOFSYS,Bermuda style roof,363.35879
MT,COM_ROOFSYS,Concrete tiles,344.548142
MT,COM_ROOFSYS,Slate tile,315.466508
MT,COM_ROOFSYS,Fabric membrane,347.365532
MT,COM_ROOFSYS,Solar tile,334.346183
MT,COM_TODMGPROVISION,Cosmetic damage Fully covered,419.005043
MT,COM_TODMGPROVISION,Cosmetic damage Mostly covered,388.586098
MT,COM_TODMGPROVISION,Cosmetic damage Default,405.726464
MT,COM_TODMGPROVISION,Cosmetic damage Rarely covered,376.71392
MT,COM_TODMGPROVISION,Cosmetic damage Excluded,369.553355
MT,COM_TOFLASHING,Compliant with ES1,410.506006
MT,COM_TOFLASHING,Not compliant with ES1,403.578222
MT,COM_TREEDENSITY,High tree risk high shielding,220.271764
MT,COM_TREEDENSITY,Some trees some shielding,226.877074
MT,COM_TREEDENSITY,No trees no shielding,227.90399
MT,SFD_Unknown,Unknown,596.735346
MT,SFD_ARCHITECT,Attached screen,720.286595
MT,SFD_ARCHITECT,Detached screen,746.774491
MT,SFD_ARCHITECT,Fences,699.249729
MT,SFD_ARCHITECT,None,726.824568
MT,SFD_ARCHITECT,Skylights,743.470179
MT,SFD_ARCHITECT,Skylights protection,735.767798
MT,SFD_CLADRATE,10d high wind nail,588.004824
MT,SFD_CLADRATE,6d any nail,561.4696
MT,SFD_CLADRATE,8d high wind nail,605.768233
MT,SFD_CLADRATE,8d minimum nail,591.233868
MT,SFD_CLADRATE,Batten decking,606.2965
MT,SFD_CLADRATE,Lumber and groove,608.215527
MT,SFD_CLADSYS,Vinyl siding,539.438439
MT,SFD_CLADSYS,EIFS,565.319469
MT,SFD_CLADSYS,Wood,595.721257
MT,SFD_CLADSYS,Metal sheathing,643.652916
MT,SFD_CLADSYS,Impact rated glazing,570.517495
MT,SFD_CLADSYS,Stucco,573.298167
MT,SFD_CLADSYS,Brick veneer,655.41394
MT,SFD_CLADSYS,Concrete block,592.915268
MT,SFD_CONSTQUALI,Signs of distress,505.703456
MT,SFD_CONSTQUALI,WH Roof existing,602.36722
MT,SFD_CONSTQUALI,Wind Roof existing,551.471983
MT,SFD_CONSTQUALI,Wind Gold existing,592.566482
MT,SFD_CONSTQUALI,Wind Silver existing,591.296216
MT,SFD_CONSTQUALI,WH Gold existing,584.313288
MT,SFD_CONSTQUALI,WH Silver existing,565.97766
MT,SFD_EXTORN,Extensive ornamentation,648.953696
MT,SFD_EXTORN,Extensive ornamentation and LPS,611.913765
MT,SFD_EXTORN,Large signs,660.682782
MT,SFD_EXTORN,Large signs and LPS,692.874559
MT,SFD_EXTORN,Lightning protection,679.807045
MT,SFD_FOUNDSYS,Bolted,618.18486
MT,SFD_FOUNDSYS,Engineered,666.908996
MT,SFD_FOUNDSYS,Unbolted,582.070618
MT,SFD_GARAGING,Attached garage,569.997448
MT,SFD_GARAGING,Detached garage,585.679849
MT,SFD_GARAGING,No garage,514.723456
MT,SFD_MECHGROUND,Generally unprotected,696.613857
MT,SFD_MECHGROUND,Generally protected,624.184987
MT,SFD_RESISTOPEN,Pressure small missile rated,683.658044
MT,SFD_RESISTOPEN,Pressure medium missile rated,634.363126
MT,SFD_RESISTOPEN,All openings pressure small missile rated,683.841645
MT,SFD_RESISTOPEN,All openings pressure medium missile rated,608.379923
MT,SFD_RESISTOPEN,All openings pressure large missile rated,723.268936
MT,SFD_ROOFAGE,0 to 5 years,381.900587
MT,SFD_ROOFAGE,6 to 10 years,401.60861
MT,SFD_ROOFAGE,11 years or more,372.421961
MT,SFD_ROOFANCH,Clips,388.035883
MT,SFD_ROOFANCH,Double wraps,348.855306
MT,SFD_ROOFANCH,Single wraps,350.923763
MT,SFD_ROOFANCH,Structural,345.977779
MT,SFD_ROOFANCH,Toenailing no anchorage,392.612816
MT,SFD_ROOFEQUIP,No equipment present,742.034954
MT,SFD_ROOFEQUIP,Roof mounted photovoltaic array,853.620226
MT,SFD_ROOFEQUIP,Roof mounted impact resistant array,818.436745
MT,SFD_ROOFEQUIP,Roof mounted mechanically attached array,806.170495
MT,SFD_ROOFGEOM,Complex roof,507.778136
MT,SFD_ROOFGEOM,Flat roof no parapets,541.544199
MT,SFD_ROOFGEOM,Flat roof parapets,579.727367
MT,SFD_ROOFGEOM,Gable roof LE6:12,484.292372
MT,SFD_ROOFGEOM,Braced gable LE6:12,526.684939
MT,SFD_ROOFGEOM,Gable roof GT6:12,521.479185
MT,SFD_ROOFGEOM,Braced gable GT6:12,532.190189
MT,SFD_ROOFGEOM,Hip roof LE6:12,482.271167
MT,SFD_ROOFGEOM,Hip roof GT6:12,569.769438
MT,SFD_ROOFMAINT,Excellent condition,564.014626
MT,SFD_ROOFMAINT,No deterioration or defects,536.514183
MT,SFD_ROOFMAINT,Visible defects,618.041306
MT,SFD_ROOFMAINT,Significant signs of distress,592.413138
MT,SFD_ROOFSYS,Built up or single ply,802.695794
MT,SFD_ROOFSYS,Built up with gutters,873.760753
MT,SFD_ROOFSYS,Built up without gutters,792.7591
MT,SFD_ROOFSYS,Built up unknown gutters,804.943908
MT,SFD_ROOFSYS,High wind shingle,904.927253
MT,SFD_ROOFSYS,High wind shingle plus SWR,839.481244
MT,SFD_ROOFSYS,Normal shingle,915.573954
MT,SFD_ROOFSYS,Normal shingle plus SWR,885.903334
MT,SFD_ROOFSYS,Metal concealed fasteners,900.536821
MT,SFD_ROOFSYS,Metal exposed fasteners,852.195057
MT,SFD_ROOFSYS,Metal unknown fasteners,767.047615
MT,SFD_ROOFSYS,Wood shakes,842.606859
MT,SFD_ROOFSYS,Concrete roof,906.620391
MT,SFD_ROOFSYS,Hail class 1,760.804686
MT,SFD_ROOFSYS,Hail class 2,774.04544
MT,SFD_ROOFSYS,Hail class 3,861.677629
MT,SFD_ROOFSYS,Hail class 4,834.781552
MT,SFD_ROOFSYS,Rubber roof,921.913762
MT,SFD_ROOFSYS,Green roof,884.711535
MT,SFD_ROOFSYS,Bermuda style roof,885.618187
MT,SFD_ROOFSYS,Concrete tiles,825.377576
MT,SFD_ROOFSYS,Slate tile,923.068404
MT,SFD_ROOFSYS,Fabric membrane,829.560417
MT,SFD_ROOFSYS,Solar tile,918.07964
MT,SFD_TODMGPROVISION,Cosmetic damage Fully covered,650.984676
MT,SFD_TODMGPROVISION,Cosmetic damage Mostly covered,640.22111
MT,SFD_TODMGPROVISION,Cosmetic damage Default,660.604484
MT,SFD_TODMGPROVISION,Cosmetic damage Rarely covered,639.473702
MT,SFD_TODMGPROVISION,Cosmetic damage Excluded,558.445721
MT,SFD_TOFLASHING,Compliant with ES1,697.622588
MT,SFD_TOFLASHING,Not compliant with ES1,633.943519
MT,SFD_TREEDENSITY,High tree risk high shielding,770.390919
MT,SFD_TREEDENSITY,Some trees some shielding,821.680027
MT,SFD_TREEDENSITY,No trees no shielding,786.930775
NC,COM_Unknown,Unknown,418.968305
NC,COM_ARCHITECT,Attached screen,296.358868
NC,COM_ARCHITECT,Detached screen,272.127149
NC,COM_ARCHITECT,Fences,291.404336
NC,COM_ARCHITECT,None,263.20674
NC,COM_ARCHITECT,Skylights,312.163431
NC,COM_ARCHITECT,Skylights protection,271.663574
NC,COM_CLADRATE,10d high wind nail,252.518881
NC,COM_CLADRATE,6d any nail,253.143923
NC,COM_CLADRATE,8d high wind nail,242.880918
NC,COM_CLADRATE,8d minimum nail,239.822793
NC,COM_CLADRATE,Batten decking,266.40748
NC,COM_CLADRATE,Lumber and groove,251.042939
NC,COM_CLADSYS,Vinyl siding,483.454633
NC,COM_CLADSYS,EIFS,429.226609
NC,COM_CLADSYS,Wood,469.260349
NC,COM_CLADSYS,Metal sheathing,483.015449
NC,COM_CLADSYS,Impact rated glazing,455.040549
NC,COM_CLADSYS,Stucco,490.695895
NC,COM_CLADSYS,Brick veneer,508.952881
NC,COM_CLADSYS,Concrete block,461.564291
NC,COM_CONSTQUALI,Signs of distress,352.513993
NC,COM_CONSTQUALI,WH Roof existing,321.679619
NC,COM_CONSTQUALI,Wind Roof existing,341.446557
NC,COM_CONSTQUALI,Wind Gold existing,331.45837
NC,COM_CONSTQUALI,Wind Silver existing,345.108399
NC,COM_CONSTQUALI,WH Gold existing,348.822563
NC,COM_CONSTQUALI,WH Silver existing,329.024048
NC,COM_EXTORN,Extensive ornamentation,290.596155
NC,COM_EXTORN,Extensive ornamentation and LPS,276.757629
NC,COM_EXTORN,Large signs,259.405767
NC,COM_EXTORN,Large signs and LPS,279.241786
NC,COM_EXTORN,Lightning protection,268.808846
NC,COM_FOUNDSYS,Bolted,409.353057
NC,COM_FOUNDSYS,Engineered,439.413925
NC,COM_FOUNDSYS,Unbolted,410.354126
NC,COM_GARAGING,Attached garage,413.182777
NC,COM_GARAGING,Detached garage,453.183709
NC,COM_GARAGING,No garage,409.568376
NC,COM_MECHGROUND,Generally unprotected,196.686342
NC,COM_MECHGROUND,Generally protected,200.14139
NC,COM_RESISTOPEN,Pressure small missile rated,378.752421
NC,COM_RESISTOPEN,Pressure medium missile rated,335.087806
NC,COM_RESISTOPEN,All openings pressure small missile rated,382.808365
NC,COM_RESISTOPEN,All openings pressure medium missile rated,370.954504
NC,COM_RESISTOPEN,All openings pressure large missile rated,355.876419
NC,COM_ROOFAGE,0 to 5 years,535.615683
NC,COM_ROOFAGE,6 to 10 years,516.872136
NC,COM_ROOFAGE,11 years or more,547.629713
NC,COM_ROOFANCH,Clips,198.430304
NC,COM_ROOFANCH,Double wraps,230.383601
NC,COM_ROOFANCH,Single wraps,193.905655
NC,COM_ROOFANCH,Structural,213.902176
NC,COM_ROOFANCH,Toenailing no anchorage,218.001582
NC,COM_ROOFEQUIP,No equipment present,301.358605
NC,COM_ROOFEQUIP,Roof mounted photovoltaic array,302.6276
NC,COM_ROOFEQUIP,Roof mounted impact resistant array,309.260248
NC,COM_ROOFEQUIP,Roof mounted mechanically attached array,319.079792
NC,COM_ROOFGEOM,Complex roof,369.818409
NC,COM_ROOFGEOM,Flat roof no parapets,368.166568
NC,COM_ROOFGEOM,Flat roof parapets,353.425693
NC,COM_ROOFGEOM,Gable roof LE6:12,343.645761
NC,COM_ROOFGEOM,Braced gable LE6:12,356.385395
NC,COM_ROOFGEOM,Gable roof GT6:12,353.480188
NC,COM_ROOFGEOM,Braced gable GT6:12,358.785279
NC,COM_ROOFGEOM,Hip roof LE6:12,366.937102
NC,COM_ROOFGEOM,Hip roof GT6:12,359.476161
NC,COM_ROOFMAINT,Excellent condition,198.74934
NC,COM_ROOFMAINT,No deterioration or defects,191.581494
NC,COM_ROOFMAINT,Visible defects,225.347931
NC,COM_ROOFMAINT,Significant signs of distress,212.842327
NC,COM_ROOFSYS,Built up or single ply,372.374701
NC,COM_ROOFSYS,Built up with gutters,343.469909
NC,COM_ROOFSYS,Built up without gutters,365.290875
NC,COM_ROOFSYS,Built up unknown gutters,380.080692
NC,COM_ROOFSYS,High wind shingle,329.532211
NC,COM_ROOFSYS,High wind shingle plus SWR,373.828998
NC,COM_ROOFSYS,Normal shingle,381.346934
NC,COM_ROOFSYS,Normal shingle plus SWR,359.883498
NC,COM_ROOFSYS,Metal concealed fasteners,385.506755
NC,COM_ROOFSYS,Metal exposed fasteners,375.199319
NC,COM_ROOFSYS,Metal unknown fasteners,371.76236
NC,COM_ROOFSYS,Wood shakes,340.750106
NC,COM_ROOFSYS,Concrete roof,381.523502
NC,COM_ROOFSYS,Hail class 1,358.130215
NC,COM_ROOFSYS,Hail class 2,335.301099
NC,COM_ROOFSYS,Hail class 3,339.039375
NC,COM_ROOFSYS,Hail class 4,384.686336
NC,COM_ROOFSYS,Rubber roof,336.083638
NC,COM_ROOFSYS,Green roof,361.41824
NC,COM_ROOFSYS,Bermuda style roof,354.417177
NC,COM_ROOFSYS,Concrete tiles,363.384912
NC,COM_ROOFSYS,Slate tile,368.720457
NC,COM_ROOFSYS,Fabric membrane,396.901138
NC,COM_ROOFSYS,Solar tile,340.622911
NC,COM_TODMGPROVISION,Cosmetic damage Fully covered,444.455745
NC,COM_TODMGPROVISION,Cosmetic damage Mostly covered,482.229611
NC,COM_TODMGPROVISION,Cosmetic damage Default,408.675369
NC,COM_TODMGPROVISION,Cosmetic damage Rarely covered,407.662822
NC,COM_TODMGPROVISION,Cosmetic damage Excluded,435.172319
NC,COM_TOFLASHING,Compliant with ES1,466.944058
NC,COM_TOFLASHING,Not compliant with ES1,439.646012
NC,COM_TREEDENSITY,High tree risk high shielding,227.349419
NC,COM_TREEDENSITY,Some trees some shielding,230.077956
NC,COM_TREEDENSITY,No trees no shielding,265.933118
NC,SFD_Unknown,Unknown,685.793894
NC,SFD_ARCHITECT,Attached screen,831.328104
NC,SFD_ARCHITECT,Detached screen,761.873838
NC,SFD_ARCHITECT,Fences,861.399954
NC,SFD_ARCHITECT,None,822.560338
NC,SFD_ARCHITECT,Skylights,878.051682
NC,SFD_ARCHITECT,Skylights protection,737.292802
NC,SFD_CLADRATE,10d high wind nail,738.564511
NC,SFD_CLADRATE,6d any nail,707.534195
NC,SFD_CLADRATE,8d high wind nail,711.164188
NC,SFD_CLADRATE,8d minimum nail,738.493747
NC,SFD_CLADRATE,Batten decking,650.645653
NC,SFD_CLADRATE,Lumber and groove,658.024908
NC,SFD_CLADSYS,Vinyl siding,743.116072
NC,SFD_CLADSYS,EIFS,744.218753
NC,SFD_CLADSYS,Wood,770.999672
NC,SFD_CLADSYS,Metal sheathing,742.55139
NC,SFD_CLADSYS,Impact rated glazing,692.05803
NC,SFD_CLADSYS,Stucco,779.375397
NC,SFD_CLADSYS,Brick veneer,685.31998
NC,SFD_CLADSYS,Concrete block,703.634133
NC,SFD_CONSTQUALI,Signs of distress,638.273779
NC,SFD_CONSTQUALI,WH Roof existing,609.484619
NC,SFD_CONSTQUALI,Wind Roof existing,573.809395
NC,SFD_CONSTQUALI,Wind Gold existing,614.693201
NC,SFD_CONSTQUALI,Wind Silver existing,686.195326
NC,SFD_CONSTQUALI,WH Gold existing,593.901493
NC,SFD_CONSTQUALI,WH Silver existing,622.314386
NC,SFD_EXTORN,Extensive ornamentation,765.546924
NC,SFD_EXTORN,Extensive ornamentation and LPS,800.534466
NC,SFD_EXTORN,Large signs,814.353494
NC,SFD_EXTORN,Large signs and LPS,752.527827
NC,SFD_EXTORN,Lightning protection,724.212272
NC,SFD_FOUNDSYS,Bolted,689.062438
NC,SFD_FOUNDSYS,Engineered,764.77568
NC,SFD_FOUNDSYS,Unbolted,683.744493
NC,SFD_GARAGING,Attached garage,589.169535
NC,SFD_GARAGING,Detached garage,613.598916
NC,SFD_GARAGING,No garage,685.044494
NC,SFD_MECHGROUND,Generally unprotected,701.019017
NC,SFD_MECHGROUND,Generally protected,665.118005
NC,SFD_RESISTOPEN,Pressure small missile rated,717.676601
NC,SFD_RESISTOPEN,Pressure medium missile rated,743.989529
NC,SFD_RESISTOPEN,All openings pressure small missile rated,666.994405
NC,SFD_RESISTOPEN,All openings pressure medium missile rated,667.10604
NC,SFD_RESISTOPEN,All openings pressure large missile rated,771.460971
NC,SFD_ROOFAGE,0 to 5 years,371.153704
NC,SFD_ROOFAGE,6 to 10 years,393.070954
NC,SFD_ROOFAGE,11 years or more,424.642626
NC,SFD_ROOFANCH,Clips,380.418183
NC,SFD_ROOFANCH,Double wraps,370.896072
NC,SFD_ROOFANCH,Single wraps,432.885868
NC,SFD_ROOFANCH,Structural,414.501747
NC,SFD_ROOFANCH,Toenailing no anchorage,387.891542
NC,SFD_ROOFEQUIP,No equipment present,1005.381106
NC,SFD_ROOFEQUIP,Roof mounted photovoltaic array,989.387131
NC,SFD_ROOFEQUIP,Roof mounted impact resistant array,998.699956
NC,SFD_ROOFEQUIP,Roof mounted mechanically attached array,1018.74974
NC,SFD_ROOFGEOM,Complex roof,600.672478
NC,SFD_ROOFGEOM,Flat roof no parapets,680.280766
NC,SFD_ROOFGEOM,Flat roof parapets,591.613973
NC,SFD_ROOFGEOM,Gable roof LE6:12,716.834701
NC,SFD_ROOFGEOM,Braced gable LE6:12,713.49556
NC,SFD_ROOFGEOM,Gable roof GT6:12,696.687159
NC,SFD_ROOFGEOM,Braced gable GT6:12,621.582897
NC,SFD_ROOFGEOM,Hip roof LE6:12,664.581685
NC,SFD_ROOFGEOM,Hip roof GT6:12,633.933854
NC,SFD_ROOFMAINT,Excellent condition,694.086231
NC,SFD_ROOFMAINT,No deterioration or defects,676.993216
NC,SFD_ROOFMAINT,Visible defects,686.188646
NC,SFD_ROOFMAINT,Significant signs of distress,679.864758
NC,SFD_ROOFSYS,Built up or single ply,1074.873039
NC,SFD_ROOFSYS,Built up with gutters,907.894124
NC,SFD_ROOFSYS,Built up without gutters,1009.217188
NC,SFD_ROOFSYS,Built up unknown gutters,960.2817
NC,SFD_ROOFSYS,High wind shingle,1049.460195
NC,SFD_ROOFSYS,High wind shingle plus SWR,1020.902908
NC,SFD_ROOFSYS,Normal shingle,974.911445
NC,SFD_ROOFSYS,Normal shingle plus SWR,1069.109014
NC,SFD_ROOFSYS,Metal concealed fasteners,1006.362925
NC,SFD_ROOFSYS,Metal exposed fasteners,1066.874854
NC,SFD_ROOFSYS,Metal unknown fasteners,999.614406
NC,SFD_ROOFSYS,Wood shakes,1026.218303
NC,SFD_ROOFSYS,Concrete roof,948.866939
NC,SFD_ROOFSYS,Hail class 1,954.368872
NC,SFD_ROOFSYS,Hail class 2,1091.935968
NC,SFD_ROOFSYS,Hail class 3,1094.62084
NC,SFD_ROOFSYS,Hail class 4,954.236425
NC,SFD_ROOFSYS,Rubber roof,1017.365214
NC,SFD_ROOFSYS,Green roof,968.762286
NC,SFD_ROOFSYS,Bermuda style roof,1093.809709
NC,SFD_ROOFSYS,Concrete tiles,1077.638843
NC,SFD_ROOFSYS,Slate tile,1000.161826
NC,SFD_ROOFSYS,Fabric membrane,994.823913
NC,SFD_ROOFSYS,Solar tile,974.362133
NC,SFD_TODMGPROVISION,Cosmetic damage Fully covered,801.396216
NC,SFD_TODMGPROVISION,Cosmetic damage Mostly covered,705.232366
NC,SFD_TODMGPROVISION,Cosmetic damage Default,790.303235
NC,SFD_TODMGPROVISION,Cosmetic damage Rarely covered,738.200223
NC,SFD_TODMGPROVISION,Cosmetic damage Excluded,757.658307
NC,SFD_TOFLASHING,Compliant with ES1,636.610354
NC,SFD_TOFLASHING,Not compliant with ES1,648.916598
NC,SFD_TREEDENSITY,High tree risk high shielding,862.034714
NC,SFD_TREEDENSITY,Some trees some shielding,920.779498
NC,SFD_TREEDENSITY,No trees no shielding,840.014482
ND,COM_Unknown,Unknown,611.980512
ND,COM_ARCHITECT,Attached screen,433.35716
ND,COM_ARCHITECT,Detached screen,399.850556
ND,COM_ARCHITECT,Fences,429.390304
ND,COM_ARCHITECT,None,406.519257
ND,COM_ARCHITECT,Skylights,386.748573
ND,COM_ARCHITECT,Skylights protection,384.983406
ND,COM_CLADRATE,10d high wind nail,390.994904
ND,COM_CLADRATE,6d any nail,420.389346
ND,COM_CLADRATE,8d high wind nail,350.11262
ND,COM_CLADRATE,8d minimum nail,401.208075
ND,COM_CLADRATE,Batten decking,346.122213
ND,COM_CLADRATE,Lumber and groove,422.096109
ND,COM_CLADSYS,Vinyl siding,688.925212
ND,COM_CLADSYS,EIFS,698.985026
ND,COM_CLADSYS,Wood,655.533581
ND,COM_CLADSYS,Metal sheathing,693.903022
ND,COM_CLADSYS,Impact rated glazing,686.017946
ND,COM_CLADSYS,Stucco,597.905276
ND,COM_CLADSYS,Brick veneer,667.293387
ND,COM_CLADSYS,Concrete block,695.710348
ND,COM_CONSTQUALI,Signs of distress,567.692436
ND,COM_CONSTQUALI,WH Roof existing,584.438679
ND,COM_CONSTQUALI,Wind Roof existing,542.645989
ND,COM_CONSTQUALI,Wind Gold existing,519.82172
ND,COM_CONSTQUALI,Wind Silver existing,578.276788
ND,COM_CONSTQUALI,WH Gold existing,537.852961
ND,COM_CONSTQUALI,WH Silver existing,586.296718
ND,COM_EXTORN,Extensive ornamentation,419.757852
ND,COM_EXTORN,Extensive ornamentation and LPS,425.576818
ND,COM_EXTORN,Large signs,464.074264
ND,COM_EXTORN,Large signs and LPS,439.437319
ND,COM_EXTORN,Lightning protection,452.576937
ND,COM_FOUNDSYS,Bolted,700.141995
ND,COM_FOUNDSYS,Engineered,587.895812
ND,COM_FOUNDSYS,Unbolted,633.46629
ND,COM_GARAGING,Attached garage,624.678725
ND,COM_GARAGING,Detached garage,595.10283
ND,COM_GARAGING,No garage,590.624873
ND,COM_MECHGROUND,Generally unprotected,318.954154
ND,COM_MECHGROUND,Generally protected,304.295126
ND,COM_RESISTOPEN,Pressure small missile rated,509.560167
ND,COM_RESISTOPEN,Pressure medium missile rated,523.671138
ND,COM_RESISTOPEN,All openings pressure small missile rated,555.985
ND,COM_RESISTOPEN,All openings pressure medium missile rated,493.690993
ND,COM_RESISTOPEN,All openings pressure large missile rated,538.790289
ND,COM_ROOFAGE,0 to 5 years,835.725291
ND,COM_ROOFAGE,6 to 10 years,908.045142
ND,COM_ROOFAGE,11 years or more,844.891163
ND,COM_ROOFANCH,Clips,316.533342
ND,COM_ROOFANCH,Double wraps,284.705889
ND,COM_ROOFANCH,Single wraps,314.339971
ND,COM_ROOFANCH,Structural,269.296027
ND,COM_ROOFANCH,Toenailing no anchorage,268.253682
ND,COM_ROOFEQUIP,No equipment present,452.898301
ND,COM_ROOFEQUIP,Roof mounted photovoltaic array,413.400881
ND,COM_ROOFEQUIP,Roof mounted impact resistant array,454.869047
ND,COM_ROOFEQUIP,Roof mounted mechanically attached array,410.071982
ND,COM_ROOFGEOM,Complex roof,521.298866
ND,COM_ROOFGEOM,Flat roof no parapets,543.860226
ND,COM_ROOFGEOM,Flat roof parapets,515.927158
ND,COM_ROOFGEOM,Gable roof LE6:12,580.231645
ND,COM_ROOFGEOM,Braced gable LE6:12,538.069318
ND,COM_ROOFGEOM,Gable roof GT6:12,572.746411
ND,COM_ROOFGEOM,Braced gable GT6:12,587.21289
ND,COM_ROOFGEOM,Hip roof LE6:12,588.522788
ND,COM_ROOFGEOM,Hip roof GT6:12,531.311973
ND,COM_ROOFMAINT,Excellent condition,268.052465
ND,COM_ROOFMAINT,No deterioration or defects,270.09314
ND,COM_ROOFMAINT,Visible defects,270.547423
ND,COM_ROOFMAINT,Significant signs of distress,272.928346
ND,COM_ROOFSYS,Built up or single ply,504.556756
ND,COM_ROOFSYS,Built up with gutters,481.132483
ND,COM_ROOFSYS,Built up without gutters,482.208702
ND,COM_ROOFSYS,Built up unknown gutters,500.597653
ND,COM_ROOFSYS,High wind shingle,494.469979
ND,COM_ROOFSYS,High wind shingle plus SWR,493.92899
ND,COM_ROOFSYS,Normal shingle,538.443306
ND,COM_ROOFSYS,Normal shingle plus SWR,489.782581
ND,COM_ROOFSYS,Metal concealed fasteners,551.330216
ND,COM_ROOFSYS,Metal exposed fasteners,579.938587
ND,COM_ROOFSYS,Metal unknown fasteners,550.425311
ND,COM_ROOFSYS,Wood shakes,578.178172
ND,COM_ROOFSYS,Concrete roof,571.737156
ND,COM_ROOFSYS,Hail class 1,581.862613
ND,COM_ROOFSYS,Hail class 2,501.773652
ND,COM_ROOFSYS,Hail class 3,559.248111
ND,COM_ROOFSYS,Hail class 4,550.439431
ND,COM_ROOFSYS,Rubber roof,522.680922
ND,COM_ROOFSYS,Green roof,549.283158
ND,COM_ROOFSYS,Bermuda style roof,492.233062
ND,COM_ROOFSYS,Concrete tiles,478.863123
ND,COM_ROOFSYS,Slate tile,490.865502
ND,COM_ROOFSYS,Fabric membrane,549.804078
ND,COM_ROOFSYS,Solar tile,509.305632
ND,COM_TODMGPROVISION,Cosmetic damage Fully covered,724.73803
ND,COM_TODMGPROVISION,Cosmetic damage Mostly covered,668.028763
ND,COM_TODMGPROVISION,Cosmetic damage Default,704.28709
ND,COM_TODMGPROVISION,Cosmetic damage Rarely covered,689.334939
ND,COM_TODMGPROVISION,Cosmetic damage Excluded,713.103425
ND,COM_TOFLASHING,Compliant with ES1,620.379444
ND,COM_TOFLASHING,Not compliant with ES1,628.880727
ND,COM_TREEDENSITY,High tree risk high shielding,372.148728
ND,COM_TREEDENSITY,Some trees some shielding,373.384284
ND,COM_TREEDENSITY,No trees no shielding,339.046998
ND,SFD_Unknown,Unknown,377.127703
ND,SFD_ARCHITECT,Attached screen,412.999039
ND,SFD_ARCHITECT,Detached screen,447.37106
ND,SFD_ARCHITECT,Fences,464.190062
ND,SFD_ARCHITECT,None,423.812658
ND,SFD_ARCHITECT,Skylights,449.147868
ND,SFD_ARCHITECT,Skylights protection,462.29206
ND,SFD_CLADRATE,10d high wind nail,415.599639
ND,SFD_CLADRATE,6d any nail,349.464277
ND,SFD_CLADRATE,8d high wind nail,400.22686
ND,SFD_CLADRATE,8d minimum nail,377.145379
ND,SFD_CLADRATE,Batten decking,369.088527
ND,SFD_CLADRATE,Lumber and groove,412.011969
ND,SFD_CLADSYS,Vinyl siding,403.236864
ND,SFD_CLADSYS,EIFS,381.064357
ND,SFD_CLADSYS,Wood,400.248739
ND,SFD_CLADSYS,Metal sheathing,424.652359
ND,SFD_CLADSYS,Impact rated glazing,419.431904
ND,SFD_CLADSYS,Stucco,430.473525
ND,SFD_CLADSYS,Brick veneer,386.586204
ND,SFD_CLADSYS,Concrete block,421.275914
ND,SFD_CONSTQUALI,Signs of distress,327.037865
ND,SFD_CONSTQUALI,WH Roof existing,350.854699
ND,SFD_CONSTQUALI,Wind Roof existing,357.970519
ND,SFD_CONSTQUALI,Wind Gold existing,377.271842
ND,SFD_CONSTQUALI,Wind Silver existing,338.791429
ND,SFD_CONSTQUALI,WH Gold existing,350.430075
ND,SFD_CONSTQUALI,WH Silver existing,352.082867
ND,SFD_EXTORN,Extensive ornamentation,425.71692
ND,SFD_EXTORN,Extensive ornamentation and LPS,390.287831
ND,SFD_EXTORN,Large signs,421.871744
ND,SFD_EXTORN,Large signs and LPS,389.624359
ND,SFD_EXTORN,Lightning protection,456.786712
ND,SFD_FOUNDSYS,Bolted,421.639383
ND,SFD_FOUNDSYS,Engineered,409.980663
ND,SFD_FOUNDSYS,Unbolted,399.551139
ND,SFD_GARAGING,Attached garage,354.188616
ND,SFD_GARAGING,Detached garage,321.042096
ND,SFD_GARAGING,No garage,318.213862
ND,SFD_MECHGROUND,Generally unprotected,401.705732
ND,SFD_MECHGROUND,Generally protected,423.146056
ND,SFD_RESISTOPEN,Pressure small missile rated,384.370195
ND,SFD_RESISTOPEN,Pressure medium missile rated,449.902121
ND,SFD_RESISTOPEN,All openings pressure small missile rated,423.196069
ND,SFD_RESISTOPEN,All openings pressure medium missile rated,436.992424
ND,SFD_RESISTOPEN,All openings pressure large missile rated,445.09884
ND,SFD_ROOFAGE,0 to 5 years,225.730739
ND,SFD_ROOFAGE,6 to 10 years,247.741499
ND,SFD_ROOFAGE,11 years or more,246.710049
ND,SFD_ROOFANCH,Clips,224.439116
ND,SFD_ROOFANCH,Double wraps,242.735579
ND,SFD_ROOFANCH,Single wraps,233.727273
ND,SFD_ROOFANCH,Structural,221.80087
ND,SFD_ROOFANCH,Toenailing no anchorage,210.103347
ND,SFD_ROOFEQUIP,No equipment present,570.362657
ND,SFD_ROOFEQUIP,Roof mounted photovoltaic array,503.770818
ND,SFD_ROOFEQUIP,Roof mounted impact resistant array,597.111456
ND,SFD_ROOFEQUIP,Roof mounted mechanically attached array,518.223194
ND,SFD_ROOFGEOM,Complex roof,313.658894
ND,SFD_ROOFGEOM,Flat roof no parapets,315.368163
ND,SFD_ROOFGEOM,Flat roof parapets,338.148669
ND,SFD_ROOFGEOM,Gable roof LE6:12,355.368975
ND,SFD_ROOFGEOM,Braced gable LE6:12,333.187952
ND,SFD_ROOFGEOM,Gable roof GT6:12,328.220422
ND,SFD_ROOFGEOM,Braced gable GT6:12,355.410737
ND,SFD_ROOFGEOM,Hip roof LE6:12,355.109129
ND,SFD_ROOFGEOM,Hip roof GT6:12,357.910739
ND,SFD_ROOFMAINT,Excellent condition,343.408702
ND,SFD_ROOFMAINT,No deterioration or defects,357.764059
ND,SFD_ROOFMAINT,Visible defects,349.019769
ND,SFD_ROOFMAINT,Significant signs of distress,383.334027
ND,SFD_ROOFSYS,Built up or single ply,536.569889
ND,SFD_ROOFSYS,Built up with gutters,510.093704
ND,SFD_ROOFSYS,Built up without gutters,520.050109
ND,SFD_ROOFSYS,Built up unknown gutters,525.217755
ND,SFD_ROOFSYS,High wind shingle,527.050729
ND,SFD_ROOFSYS,High wind shingle plus SWR,470.7012
ND,SFD_ROOFSYS,Normal shingle,523.871535
ND,SFD_ROOFSYS,Normal shingle plus SWR,483.396752
ND,SFD_ROOFSYS,Metal concealed fasteners,520.022653
ND,SFD_ROOFSYS,Metal exposed fasteners,530.245597
ND,SFD_ROOFSYS,Metal unknown fasteners,512.56349
ND,SFD_ROOFSYS,Wood shakes,534.031446
ND,SFD_ROOFSYS,Concrete roof,541.438416
ND,SFD_ROOFSYS,Hail class 1,502.622315
ND,SFD_ROOFSYS,Hail class 2,535.439145
ND,SFD_ROOFSYS,Hail class 3,552.741234
ND,SFD_ROOFSYS,Hail class 4,538.010543
ND,SFD_ROOFSYS,Rubber roof,555.224238
ND,SFD_ROOFSYS,Green roof,546.097774
ND,SFD_ROOFSYS,Bermuda style roof,481.496467
ND,SFD_ROOFSYS,Concrete tiles,530.095692
ND,SFD_ROOFSYS,Slate tile,539.636276
ND,SFD_ROOFSYS,Fabric membrane,502.676726
ND,SFD_ROOFSYS,Solar tile,543.796288
ND,SFD_TODMGPROVISION,Cosmetic damage Fully covered,407.251446
ND,SFD_TODMGPROVISION,Cosmetic damage Mostly covered,390.4239
ND,SFD_TODMGPROVISION,Cosmetic damage Default,409.771655
ND,SFD_TODMGPROVISION,Cosmetic damage Rarely covered,380.640441
ND,SFD_TODMGPROVISION,Cosmetic damage Excluded,443.542349
ND,SFD_TOFLASHING,Compliant with ES1,427.031172
ND,SFD_TOFLASHING,Not compliant with ES1,385.829944
ND,SFD_TREEDENSITY,High tree risk high shielding,476.348164
ND,SFD_TREEDENSITY,Some trees some shielding,504.781526
ND,SFD_TREEDENSITY,No trees no shielding,450.305467
NE,COM_Unknown,Unknown,370.092225
NE,COM_ARCHITECT,Attached screen,272.014098
NE,COM_ARCHITECT,Detached screen,263.100604
NE,COM_ARCHITECT,Fences,269.637017
NE,COM_ARCHITECT,None,260.317897
NE,COM_ARCHITECT,Skylights,281.447751
NE,COM_ARCHITECT,Skylights protection,247.954083
NE,COM_CLADRATE,10d high wind nail,247.837279
NE,COM_CLADRATE,6d any nail,226.264461
NE,COM_CLADRATE,8d high wind nail,211.015139
NE,COM_CLADRATE,8d minimum nail,210.08838
NE,COM_CLADRATE,Batten decking,240.461137
NE,COM_CLADRATE,Lumber and groove,248.067101
NE,COM_CLADSYS,Vinyl siding,412.888766
NE,COM_CLADSYS,EIFS,399.86542
NE,COM_CLADSYS,Wood,383.070992
NE,COM_CLADSYS,Metal sheathing,425.397123
NE,COM_CLADSYS,Impact rated glazing,388.903016
NE,COM_CLADSYS,Stucco,395.457796
NE,COM_CLADSYS,Brick veneer,409.907206
NE,COM_CLADSYS,Concrete block,412.214403
NE,COM_CONSTQUALI,Signs of distress,345.888504
NE,COM_CONSTQUALI,WH Roof existing,311.131599
NE,COM_CONSTQUALI,Wind Roof existing,305.874181
NE,COM_CONSTQUALI,Wind Gold existing,299.99768
NE,COM_CONSTQUALI,Wind Silver existing,313.007698
NE,COM_CONSTQUALI,WH Gold existing,308.362561
NE,COM_CONSTQUALI,WH Silver existing,340.011841
NE,COM_EXTORN,Extensive ornamentation,256.473466
NE,COM_EXTORN,Extensive ornamentation and LPS,231.721939
NE,COM_EXTORN,Large signs,262.880716
NE,COM_EXTORN,Large signs and LPS,233.564537
NE,COM_EXTORN,Lightning protection,268.084791
NE,COM_FOUNDSYS,Bolted,395.043104
NE,COM_FOUNDSYS,Engineered,343.515329
NE,COM_FOUNDSYS,Unbolted,347.249516
NE,COM_GARAGING,Attached garage,380.589203
NE,COM_GARAGING,Detached garage,387.854401
NE,COM_GARAGING,No garage,364.331637
NE,COM_MECHGROUND,Generally unprotected,190.888022
NE,COM_MECHGROUND,Generally protected,183.95728
NE,COM_RESISTOPEN,Pressure small missile rated,340.256708
NE,COM_RESISTOPEN,Pressure medium missile rated,322.6651
NE,COM_RESISTOPEN,All openings pressure small missile rated,302.176364
NE,COM_RESISTOPEN,All openings pressure medium missile rated,319.688923
NE,COM_RESISTOPEN,All openings pressure large missile rated,325.885784
NE,COM_ROOFAGE,0 to 5 years,511.378056
NE,COM_ROOFAGE,6 to 10 years,513.785583
NE,COM_ROOFAGE,11 years or more,535.087048
NE,COM_ROOFANCH,Clips,202.782422
NE,COM_ROOFANCH,Double wraps,183.138281
NE,COM_ROOFANCH,Single wraps,201.64224
NE,COM_ROOFANCH,Structural,206.248398
NE,COM_ROOFANCH,Toenailing no anchorage,178.461868
NE,COM_ROOFEQUIP,No equipment present,250.663669
NE,COM_ROOFEQUIP,Roof mounted photovoltaic array,231.49683
NE,COM_ROOFEQUIP,Roof mounted impact resistant array,236.587929
NE,COM_ROOFEQUIP,Roof mounted mechanically attached array,228.597836
NE,COM_ROOFGEOM,Complex roof,295.870965
NE,COM_ROOFGEOM,Flat roof no parapets,324.767791
NE,COM_ROOFGEOM,Flat roof parapets,330.751623
NE,COM_ROOFGEOM,Gable roof LE6:12,325.611856
NE,COM_ROOFGEOM,Braced gable LE6:12,327.485029
NE,COM_ROOFGEOM,Gable roof GT6:12,291.032354
NE,COM_ROOFGEOM,Braced gable GT6:12,303.230109
NE,COM_ROOFGEOM,Hip roof LE6:12,345.425226
NE,COM_ROOFGEOM,Hip roof GT6:12,307.752539
NE,COM_ROOFMAINT,Excellent condition,197.022014
NE,COM_ROOFMAINT,No deterioration or defects,197.354652
NE,COM_ROOFMAINT,Visible defects,180.162013
NE,COM_ROOFMAINT,Significant signs of distress,191.327814
NE,COM_ROOFSYS,Built up or single ply,315.89771
NE,COM_ROOFSYS,Built up with gutters,348.941307
NE,COM_ROOFSYS,Built up without gutters,361.648407
NE,COM_ROOFSYS,Built up unknown gutters,334.670766
NE,COM_ROOFSYS,High wind shingle,335.888508
NE,COM_ROOFSYS,High wind shingle plus SWR,321.325053
NE,COM_ROOFSYS,Normal shingle,310.929242
NE,COM_ROOFSYS,Normal shingle plus SWR,328.705097
NE,COM_ROOFSYS,Metal concealed fasteners,320.91217
NE,COM_ROOFSYS,Metal exposed fasteners,315.123355
NE,COM_ROOFSYS,Metal unknown fasteners,344.240605
NE,COM_ROOFSYS,Wood shakes,351.847865
NE,COM_ROOFSYS,Concrete roof,327.863514
NE,COM_ROOFSYS,Hail class 1,367.332853
NE,COM_ROOFSYS,Hail class 2,322.22114
NE,COM_ROOFSYS,Hail class 3,346.136705
NE,COM_ROOFSYS,Hail class 4,351.040282
NE,COM_ROOFSYS,Rubber roof,359.402681
NE,COM_ROOFSYS,Green roof,335.646276
NE,COM_ROOFSYS,Bermuda style roof,323.112483
NE,COM_ROOFSYS,Concrete tiles,343.753751
NE,COM_ROOFSYS,Slate tile,335.794462
NE,COM_ROOFSYS,Fabric membrane,343.91975
NE,COM_ROOFSYS,Solar tile,335.907088
NE,COM_TODMGPROVISION,Cosmetic damage Fully covered,351.924543
NE,COM_TODMGPROVISION,Cosmetic damage Mostly covered,371.242433
NE,COM_TODMGPROVISION,Cosmetic damage Default,387.234136
NE,COM_TODMGPROVISION,Cosmetic damage Rarely covered,397.907783
NE,COM_TODMGPROVISION,Cosmetic damage Excluded,398.66937
NE,COM_TOFLASHING,Compliant with ES1,435.472929
NE,COM_TOFLASHING,Not compliant with ES1,395.154078
NE,COM_TREEDENSITY,High tree risk high shielding,226.41479
NE,COM_TREEDENSITY,Some trees some shielding,207.678257
NE,COM_TREEDENSITY,No trees no shielding,220.549441
NE,SFD_Unknown,Unknown,469.715018
NE,SFD_ARCHITECT,Attached screen,536.201336
NE,SFD_ARCHITECT,Detached screen,486.098827
NE,SFD_ARCHITECT,Fences,500.900488
NE,SFD_ARCHITECT,None,533.610014
NE,SFD_ARCHITECT,Skylights,532.455398
NE,SFD_ARCHITECT,Skylights protection,479.767857
NE,SFD_CLADRATE,10d high wind nail,489.924171
NE,SFD_CLADRATE,6d any nail,495.693296
NE,SFD_CLADRATE,8d high wind nail,446.981344
NE,SFD_CLADRATE,8d minimum nail,438.762424
NE,SFD_CLADRATE,Batten decking,455.451119
NE,SFD_CLADRATE,Lumber and groove,499.360785
NE,SFD_CLADSYS,Vinyl siding,531.439038
NE,SFD_CLADSYS,EIFS,485.706989
NE,SFD_CLADSYS,Wood,530.764437
NE,SFD_CLADSYS,Metal sheathing,477.621078
NE,SFD_CLADSYS,Impact rated glazing,439.557338
NE,SFD_CLADSYS,Stucco,441.029062
NE,SFD_CLADSYS,Brick veneer,507.851445
NE,SFD_CLADSYS,Concrete block,532.865805
NE,SFD_CONSTQUALI,Signs of distress,414.938845
NE,SFD_CONSTQUALI,WH Roof existing,424.373031
NE,SFD_CONSTQUALI,Wind Roof existing,461.659464
NE,SFD_CONSTQUALI,Wind Gold existing,383.833861
NE,SFD_CONSTQUALI,Wind Silver existing,391.980679
NE,SFD_CONSTQUALI,WH Gold existing,437.969233
NE,SFD_CONSTQUALI,WH Silver existing,401.943051
NE,SFD_EXTORN,Extensive ornamentation,542.982387
NE,SFD_EXTORN,Extensive ornamentation and LPS,521.142468
NE,SFD_EXTORN,Large signs,491.140985
NE,SFD_EXTORN,Large signs and LPS,498.701756
NE,SFD_EXTORN,Lightning protection,505.099023
NE,SFD_FOUNDSYS,Bolted,507.042602
NE,SFD_FOUNDSYS,Engineered,515.794805
NE,SFD_FOUNDSYS,Unbolted,494.173863
NE,SFD_GARAGING,Attached garage,487.711535
NE,SFD_GARAGING,Detached garage,451.397456
NE,SFD_GARAGING,No garage,443.712402
NE,SFD_MECHGROUND,Generally unprotected,455.7833
NE,SFD_MECHGROUND,Generally protected,461.017431
NE,SFD_RESISTOPEN,Pressure small missile rated,528.296954
NE,SFD_RESISTOPEN,Pressure medium missile rated,534.787552
NE,SFD_RESISTOPEN,All openings pressure small missile rated,475.434966
NE,SFD_RESISTOPEN,All openings pressure medium missile rated,490.855761
NE,SFD_RESISTOPEN,All openings pressure large missile rated,467.696492
NE,SFD_ROOFAGE,0 to 5 years,305.288705
NE,SFD_ROOFAGE,6 to 10 years,280.846433
NE,SFD_ROOFAGE,11 years or more,306.221469
NE,SFD_ROOFANCH,Clips,294.528369
NE,SFD_ROOFANCH,Double wraps,253.901203
NE,SFD_ROOFANCH,Single wraps,285.292392
NE,SFD_ROOFANCH,Structural,254.868581
NE,SFD_ROOFANCH,Toenailing no anchorage,305.333582
NE,SFD_ROOFEQUIP,No equipment present,640.341815
NE,SFD_ROOFEQUIP,Roof mounted photovoltaic array,696.649706
NE,SFD_ROOFEQUIP,Roof mounted impact resistant array,738.852555
NE,SFD_ROOFEQUIP,Roof mounted mechanically attached array,627.549447
NE,SFD_ROOFGEOM,Complex roof,445.323301
NE,SFD_ROOFGEOM,Flat roof no parapets,417.114231
NE,SFD_ROOFGEOM,Flat roof parapets,443.360275
NE,SFD_ROOFGEOM,Gable roof LE6:12,433.659472
NE,SFD_ROOFGEOM,Braced gable LE6:12,456.648234
NE,SFD_ROOFGEOM,Gable roof GT6:12,434.324096
NE,SFD_ROOFGEOM,Braced gable GT6:12,415.342374
NE,SFD_ROOFGEOM,Hip roof LE6:12,447.17438
NE,SFD_ROOFGEOM,Hip roof GT6:12,389.652987
NE,SFD_ROOFMAINT,Excellent condition,429.961086
NE,SFD_ROOFMAINT,No deterioration or defects,500.641612
NE,SFD_ROOFMAINT,Visible defects,489.890514
NE,SFD_ROOFMAINT,Significant signs of distress,428.009064
NE,SFD_ROOFSYS,Built up or single ply,699.35884
NE,SFD_ROOFSYS,Built up with gutters,678.29324
NE,SFD_ROOFSYS,Built up without gutters,610.398502
NE,SFD_ROOFSYS,Built up unknown gutters,631.71059
NE,SFD_ROOFSYS,High wind shingle,622.142846
NE,SFD_ROOFSYS,High wind shingle plus SWR,581.884903
NE,SFD_ROOFSYS,Normal shingle,651.005961
NE,SFD_ROOFSYS,Normal shingle plus SWR,615.998383
NE,SFD_ROOFSYS,Metal concealed fasteners,587.649396
NE,SFD_ROOFSYS,Metal exposed fasteners,574.286425
NE,SFD_ROOFSYS,Metal unknown fasteners,624.744124
NE,SFD_ROOFSYS,Wood shakes,616.366403
NE,SFD_ROOFSYS,Concrete roof,641.1016
NE,SFD_ROOFSYS,Hail class 1,623.0785
NE,SFD_ROOFSYS,Hail class 2,620.995989
NE,SFD_ROOFSYS,Hail class 3,576.542154
NE,SFD_ROOFSYS,Hail class 4,699.044689
NE,SFD_ROOFSYS,Rubber roof,644.294834
NE,SFD_ROOFSYS,Green roof,578.895798
NE,SFD_ROOFSYS,Bermuda style roof,639.757901
NE,SFD_ROOFSYS,Concrete tiles,632.619014
NE,SFD_ROOFSYS,Slate tile,639.274466
NE,SFD_ROOFSYS,Fabric membrane,686.557992
NE,SFD_ROOFSYS,Solar tile,580.404837
NE,SFD_TODMGPROVISION,Cosmetic damage Fully covered,443.575847
NE,SFD_TODMGPROVISION,Cosmetic damage Mostly covered,481.829206
NE,SFD_TODMGPROVISION,Cosmetic damage Default,450.526588
NE,SFD_TODMGPROVISION,Cosmetic damage Rarely covered,533.402188
NE,SFD_TODMGPROVISION,Cosmetic damage Excluded,450.4602
NE,SFD_TOFLASHING,Compliant with ES1,495.201815
NE,SFD_TOFLASHING,Not compliant with ES1,467.138726
NE,SFD_TREEDENSITY,High tree risk high shielding,551.258846
NE,SFD_TREEDENSITY,Some trees some shielding,571.137101
NE,SFD_TREEDENSITY,No trees no shielding,625.325362
NH,COM_Unknown,Unknown,336.94443
NH,COM_ARCHITECT,Attached screen,220.177796
NH,COM_ARCHITECT,Detached screen,248.394788
NH,COM_ARCHITECT,Fences,227.981232
NH,COM_ARCHITECT,None,228.214739
NH,COM_ARCHITECT,Skylights,222.92976
NH,COM_ARCHITECT,Skylights protection,236.85497
NH,COM_CLADRATE,10d high wind nail,210.086227
NH,COM_CLADRATE,6d any nail,214.946187
NH,COM_CLADRATE,8d high wind nail,200.200941
NH,COM_CLADRATE,8d minimum nail,204.465732
NH,COM_CLADRATE,Batten decking,179.274188
NH,COM_CLADRATE,Lumber and groove,214.085742
NH,COM_CLADSYS,Vinyl siding,354.693225
NH,COM_CLADSYS,EIFS,387.531268
NH,COM_CLADSYS,Wood,338.001781
NH,COM_CLADSYS,Metal sheathing,402.7244
NH,COM_CLADSYS,Impact rated glazing,392.836164
NH,COM_CLADSYS,Stucco,341.150693
NH,COM_CLADSYS,Brick veneer,340.294874
NH,COM_CLADSYS,Concrete block,361.558722
NH,COM_CONSTQUALI,Signs of distress,300.272589
NH,COM_CONSTQUALI,WH Roof existing,319.076161
NH,COM_CONSTQUALI,Wind Roof existing,286.032648
NH,COM_CONSTQUALI,Wind Gold existing,295.41054
NH,COM_CONSTQUALI,Wind Silver existing,277.054809
NH,COM_CONSTQUALI,WH Gold existing,283.204411
NH,COM_CONSTQUALI,WH Silver existing,330.46864
NH,COM_EXTORN,Extensive ornamentation,264.221597
NH,COM_EXTORN,Extensive ornamentation and LPS,247.712629
NH,COM_EXTORN,Large signs,222.834561
NH,COM_EXTORN,Large signs and LPS,260.07011
NH,COM_EXTORN,Lightning protection,220.403634
NH,COM_FOUNDSYS,Bolted,347.547855
NH,COM_FOUNDSYS,Engineered,329.970958
NH,COM_FOUNDSYS,Unbolted,367.147424
NH,COM_GARAGING,Attached garage,354.328467
NH,COM_GARAGING,Detached garage,379.949337
NH,COM_GARAGING,No garage,384.532219
NH,COM_MECHGROUND,Generally unprotected,158.945692
NH,COM_MECHGROUND,Generally protected,157.308308
NH,COM_RESISTOPEN,Pressure small missile rated,313.691291
NH,COM_RESISTOPEN,Pressure medium missile rated,310.555678
NH,COM_RESISTOPEN,All openings pressure small missile rated,310.744222
NH,COM_RESISTOPEN,All openings pressure medium missile rated,280.375683
NH,COM_RESISTOPEN,All openings pressure large missile rated,301.211727
NH,COM_ROOFAGE,0 to 5 years,428.583172
NH,COM_ROOFAGE,6 to 10 years,462.962126
NH,COM_ROOFAGE,11 years or more,516.169165
NH,COM_ROOFANCH,Clips,178.941071
NH,COM_ROOFANCH,Double wraps,155.990251
NH,COM_ROOFANCH,Single wraps,173.123832
NH,COM_ROOFANCH,Structural,181.673293
NH,COM_ROOFANCH,Toenailing no anchorage,171.260003
NH,COM_ROOFEQUIP,No equipment present,243.529629
NH,COM_ROOFEQUIP,Roof mounted photovoltaic array,251.843093
NH,COM_ROOFEQUIP,Roof mounted impact resistant array,251.598887
NH,COM_ROOFEQUIP,Roof mounted mechanically attached array,232.846142
NH,COM_ROOFGEOM,Complex roof,300.964286
NH,COM_ROOFGEOM,Flat roof no parapets,321.231327
NH,COM_ROOFGEOM,Flat roof parapets,273.26014
NH,COM_ROOFGEOM,Gable roof LE6:12,291.234853
NH,COM_ROOFGEOM,Braced gable LE6:12,306.992526
NH,COM_ROOFGEOM,Gable roof GT6:12,270.254243
NH,COM_ROOFGEOM,Braced gable GT6:12,281.100978
NH,COM_ROOFGEOM,Hip roof LE6:12,306.593043
NH,COM_ROOFGEOM,Hip roof GT6:12,322.852387
NH,COM_ROOFMAINT,Excellent condition,158.67815
NH,COM_ROOFMAINT,No deterioration or defects,178.267144
NH,COM_ROOFMAINT,Visible defects,153.334026
NH,COM_ROOFMAINT,Significant signs of distress,173.69271
NH,COM_ROOFSYS,Built up or single ply,281.859328
NH,COM_ROOFSYS,Built up with gutters,275.80715
NH,COM_ROOFSYS,Built up without gutters,275.226108
NH,COM_ROOFSYS,Built up unknown gutters,283.397029
NH,COM_ROOFSYS,High wind shingle,287.525552
NH,COM_ROOFSYS,High wind shingle plus SWR,320.51682
NH,COM_ROOFSYS,Normal shingle,283.20807
NH,COM_ROOFSYS,Normal shingle plus SWR,331.430889
NH,COM_ROOFSYS,Metal concealed fasteners,302.45431
NH,COM_ROOFSYS,Metal exposed fasteners,296.707529
NH,COM_ROOFSYS,Metal unknown fasteners,303.582888
NH,COM_ROOFSYS,Wood shakes,323.248363
NH,COM_ROOFSYS,Concrete roof,276.086362
NH,COM_ROOFSYS,Hail class 1,277.789151
NH,COM_ROOFSYS,Hail class 2,329.202663
NH,COM_ROOFSYS,Hail class 3,330.752806
NH,COM_ROOFSYS,Hail class 4,296.724487
NH,COM_ROOFSYS,Rubber roof,302.862446
NH,COM_ROOFSYS,Green roof,296.953543
NH,COM_ROOFSYS,Bermuda style roof,285.880729
NH,COM_ROOFSYS,Concrete tiles,318.052724
NH,COM_ROOFSYS,Slate tile,312.348694
NH,COM_ROOFSYS,Fabric membrane,304.224807
NH,COM_ROOFSYS,Solar tile,285.362945
NH,COM_TODMGPROVISION,Cosmetic damage Fully covered,383.436027
NH,COM_TODMGPROVISION,Cosmetic damage Mostly covered,356.469152
NH,COM_TODMGPROVISION,Cosmetic damage Default,384.999056
NH,COM_TODMGPROVISION,Cosmetic damage Rarely covered,372.566955
NH,COM_TODMGPROVISION,Cosmetic damage Excluded,410.838009
NH,COM_TOFLASHING,Compliant with ES1,342.030821
NH,COM_TOFLASHING,Not compliant with ES1,343.078809
NH,COM_TREEDENSITY,High tree risk high shielding,207.001512
NH,COM_TREEDENSITY,Some trees some shielding,210.597631
NH,COM_TREEDENSITY,No trees no shielding,207.653087
NH,SFD_Unknown,Unknown,331.874395
NH,SFD_ARCHITECT,Attached screen,391.737697
NH,SFD_ARCHITECT,Detached screen,367.826108
NH,SFD_ARCHITECT,Fences,389.747371
NH,SFD_ARCHITECT,None,359.475233
NH,SFD_ARCHITECT,Skylights,381.752228
NH,SFD_ARCHITECT,Skylights protection,391.742815
NH,SFD_CLADRATE,10d high wind nail,306.918053
NH,SFD_CLADRATE,6d any nail,349.752899
NH,SFD_CLADRATE,8d high wind nail,336.348911
NH,SFD_CLADRATE,8d minimum nail,346.217339
NH,SFD_CLADRATE,Batten decking,345.710479
NH,SFD_CLADRATE,Lumber and groove,311.312748
NH,SFD_CLADSYS,Vinyl siding,319.197373
NH,SFD_CLADSYS,EIFS,305.219812
NH,SFD_CLADSYS,Wood,305.819766
NH,SFD_CLADSYS,Metal sheathing,337.931191
NH,SFD_CLADSYS,Impact rated glazing,333.131836
NH,SFD_CLADSYS,Stucco,318.485353
NH,SFD_CLADSYS,Brick veneer,335.87373
NH,SFD_CLADSYS,Concrete block,334.399825
NH,SFD_CONSTQUALI,Signs of distress,298.599263
NH,SFD_CONSTQUALI,WH Roof existing,276.137566
NH,SFD_CONSTQUALI,Wind Roof existing,296.128259
NH,SFD_CONSTQUALI,Wind Gold existing,307.185235
NH,SFD_CONSTQUALI,Wind Silver existing,280.788735
NH,SFD_CONSTQUALI,WH Gold existing,281.914774
NH,SFD_CONSTQUALI,WH Silver existing,290.909149
NH,SFD_EXTORN,Extensive ornamentation,350.140204
NH,SFD_EXTORN,Extensive ornamentation and LPS,398.102633
NH,SFD_EXTORN,Large signs,358.411698
NH,SFD_EXTORN,Large signs and LPS,360.244585
NH,SFD_EXTORN,Lightning protection,386.190297
NH,SFD_FOUNDSYS,Bolted,309.165964
NH,SFD_FOUNDSYS,Engineered,349.990698
NH,SFD_FOUNDSYS,Unbolted,328.136933
NH,SFD_GARAGING,Attached garage,340.922854
NH,SFD_GARAGING,Detached garage,346.063133
NH,SFD_GARAGING,No garage,348.659204
NH,SFD_MECHGROUND,Generally unprotected,341.641037
NH,SFD_MECHGROUND,Generally protected,371.989677
NH,SFD_RESISTOPEN,Pressure small missile rated,353.405634
NH,SFD_RESISTOPEN,Pressure medium missile rated,380.111597
NH,SFD_RESISTOPEN,All openings pressure small missile rated,334.150809
NH,SFD_RESISTOPEN,All openings pressure medium missile rated,366.921075
NH,SFD_RESISTOPEN,All openings pressure large missile rated,379.748592
NH,SFD_ROOFAGE,0 to 5 years,205.856881
NH,SFD_ROOFAGE,6 to 10 years,214.571711
NH,SFD_ROOFAGE,11 years or more,216.188328
NH,SFD_ROOFANCH,Clips,209.401127
NH,SFD_ROOFANCH,Double wraps,195.085896
NH,SFD_ROOFANCH,Single wraps,184.988177
NH,SFD_ROOFANCH,Structural,176.321373
NH,SFD_ROOFANCH,Toenailing no anchorage,178.695795
NH,SFD_ROOFEQUIP,No equipment present,467.691171
NH,SFD_ROOFEQUIP,Roof mounted photovoltaic array,426.676735
NH,SFD_ROOFEQUIP,Roof mounted impact resistant array,489.516177
NH,SFD_ROOFEQUIP,Roof mounted mechanically attached array,435.492757
NH,SFD_ROOFGEOM,Complex roof,267.964403
NH,SFD_ROOFGEOM,Flat roof no parapets,272.782666
NH,SFD_ROOFGEOM,Flat roof parapets,311.567239
NH,SFD_ROOFGEOM,Gable roof LE6:12,315.698518
NH,SFD_ROOFGEOM,Braced gable LE6:12,270.721449
NH,SFD_ROOFGEOM,Gable roof GT6:12,316.112952
NH,SFD_ROOFGEOM,Braced gable GT6:12,274.475872
NH,SFD_ROOFGEOM,Hip roof LE6:12,293.574771
NH,SFD_ROOFGEOM,Hip roof GT6:12,266.907974
NH,SFD_ROOFMAINT,Excellent condition,322.905305
NH,SFD_ROOFMAINT,No deterioration or defects,312.883026
NH,SFD_ROOFMAINT,Visible defects,319.76067
NH,SFD_ROOFMAINT,Significant signs of distress,351.050424
NH,SFD_ROOFSYS,Built up or single ply,505.323643
NH,SFD_ROOFSYS,Built up with gutters,414.800997
NH,SFD_ROOFSYS,Built up without gutters,460.110818
NH,SFD_ROOFSYS,Built up unknown gutters,447.876756
NH,SFD_ROOFSYS,High wind shingle,438.938071
NH,SFD_ROOFSYS,High wind shingle plus SWR,441.011814
NH,SFD_ROOFSYS,Normal shingle,471.744262
NH,SFD_ROOFSYS,Normal shingle plus SWR,493.423432
NH,SFD_ROOFSYS,Metal concealed fasteners,466.001275
NH,SFD_ROOFSYS,Metal exposed fasteners,430.683053
NH,SFD_ROOFSYS,Metal unknown fasteners,431.35613
NH,SFD_ROOFSYS,Wood shakes,429.698648
NH,SFD_ROOFSYS,Concrete roof,481.244664
NH,SFD_ROOFSYS,Hail class 1,503.108096
NH,SFD_ROOFSYS,Hail class 2,499.190284
NH,SFD_ROOFSYS,Hail class 3,453.795197
NH,SFD_ROOFSYS,Hail class 4,461.176653
NH,SFD_ROOFSYS,Rubber roof,486.731813
NH,SFD_ROOFSYS,Green roof,482.278894
NH,SFD_ROOFSYS,Bermuda style roof,457.033264
NH,SFD_ROOFSYS,Concrete tiles,469.863339
NH,SFD_ROOFSYS,Slate tile,502.859804
NH,SFD_ROOFSYS,Fabric membrane,477.077022
NH,SFD_ROOFSYS,Solar tile,452.632993
NH,SFD_TODMGPROVISION,Cosmetic damage Fully covered,326.127997
NH,SFD_TODMGPROVISION,Cosmetic damage Mostly covered,381.469854
NH,SFD_TODMGPROVISION,Cosmetic damage Default,388.741682
NH,SFD_TODMGPROVISION,Cosmetic damage Rarely covered,360.721785
NH,SFD_TODMGPROVISION,Cosmetic damage Excluded,382.894552
NH,SFD_TOFLASHING,Compliant with ES1,361.839434
NH,SFD_TOFLASHING,Not compliant with ES1,366.022019
NH,SFD_TREEDENSITY,High tree risk high shielding,444.105499
NH,SFD_TREEDENSITY,Some trees some shielding,425.21191
NH,SFD_TREEDENSITY,No trees no shielding,414.074232
NJ,COM_Unknown,Unknown,251.665604
NJ,COM_ARCHITECT,Attached screen,191.017147
NJ,COM_ARCHITECT,Detached screen,191.796788
NJ,COM_ARCHITECT,Fences,176.081922
NJ,COM_ARCHITECT,None,166.360678
NJ,COM_ARCHITECT,Skylights,188.738202
NJ,COM_ARCHITECT,Skylights protection,171.18466
NJ,COM_CLADRATE,10d high wind nail,160.011433
NJ,COM_CLADRATE,6d any nail,148.56572
NJ,COM_CLADRATE,8d high wind nail,133.033884
NJ,COM_CLADRATE,8d minimum nail,158.873049
NJ,COM_CLADRATE,Batten decking,136.129989
NJ,COM_CLADRATE,Lumber and groove,140.921125
NJ,COM_CLADSYS,Vinyl siding,270.627937
NJ,COM_CLADSYS,EIFS,267.112963
NJ,COM_CLADSYS,Wood,294.599724
NJ,COM_CLADSYS,Metal sheathing,311.903227
NJ,COM_CLADSYS,Impact rated glazing,263.54383
NJ,COM_CLADSYS,Stucco,313.759222
NJ,COM_CLADSYS,Brick veneer,310.836224
NJ,COM_CLADSYS,Concrete block,301.829504
NJ,COM_CONSTQUALI,Signs of distress,212.553328
NJ,COM_CONSTQUALI,WH Roof existing,204.677684
NJ,COM_CONSTQUALI,Wind Roof existing,212.804855
NJ,COM_CONSTQUALI,Wind Gold existing,221.810676
NJ,COM_CONSTQUALI,Wind Silver existing,210.564684
NJ,COM_CONSTQUALI,WH Gold existing,216.936933
NJ,COM_CONSTQUALI,WH Silver existing,211.220406
NJ,COM_EXTORN,Extensive ornamentation,185.524327
NJ,COM_EXTORN,Extensive ornamentation and LPS,161.444155
NJ,COM_EXTORN,Large signs,190.282989
NJ,COM_EXTORN,Large signs and LPS,165.025632
NJ,COM_EXTORN,Lightning protection,172.593954
NJ,COM_FOUNDSYS,Bolted,279.444057
NJ,COM_FOUNDSYS,Engineered,290.615325
NJ,COM_FOUNDSYS,Unbolted,245.823752
NJ,COM_GARAGING,Attached garage,259.801428
NJ,COM_GARAGING,Detached garage,249.304031
NJ,COM_GARAGING,No garage,242.221789
NJ,COM_MECHGROUND,Generally unprotected,140.152629
NJ,COM_MECHGROUND,Generally protected,134.756606
NJ,COM_RESISTOPEN,Pressure small missile rated,193.49064
NJ,COM_RESISTOPEN,Pressure medium missile rated,190.629196
NJ,COM_RESISTOPEN,All openings pressure small missile rated,198.718168
NJ,COM_RESISTOPEN,All openings pressure medium missile rated,224.742498
NJ,COM_RESISTOPEN,All openings pressure large missile rated,203.573384
NJ,COM_ROOFAGE,0 to 5 years,337.649756
NJ,COM_ROOFAGE,6 to 10 years,358.716423
NJ,COM_ROOFAGE,11 years or more,390.987348
NJ,COM_ROOFANCH,Clips,128.519226
NJ,COM_ROOFANCH,Double wraps,133.901412
NJ,COM_ROOFANCH,Single wraps,135.058285
NJ,COM_ROOFANCH,Structural,119.930516
NJ,COM_ROOFANCH,Toenailing no anchorage,121.662795
NJ,COM_ROOFEQUIP,No equipment present,171.305673
NJ,COM_ROOFEQUIP,Roof mounted photovoltaic array,174.561023
NJ,COM_ROOFEQUIP,Roof mounted impact resistant array,168.975761
NJ,COM_ROOFEQUIP,Roof mounted mechanically attached array,195.364898
NJ,COM_ROOFGEOM,Complex roof,202.178996
NJ,COM_ROOFGEOM,Flat roof no parapets,227.394823
NJ,COM_ROOFGEOM,Flat roof parapets,234.815938
NJ,COM_ROOFGEOM,Gable roof LE6:12,220.426563
NJ,COM_ROOFGEOM,Braced gable LE6:12,240.319701
NJ,COM_ROOFGEOM,Gable roof GT6:12,219.186601
NJ,COM_ROOFGEOM,Braced gable GT6:12,199.805782
NJ,COM_ROOFGEOM,Hip roof LE6:12,233.815428
NJ,COM_ROOFGEOM,Hip roof GT6:12,232.491813
NJ,COM_ROOFMAINT,Excellent condition,120.965442
NJ,COM_ROOFMAINT,No deterioration or defects,119.509452
NJ,COM_ROOFMAINT,Visible defects,125.585966
NJ,COM_ROOFMAINT,Significant signs of distress,118.762006
NJ,COM_ROOFSYS,Built up or single ply,209.684947
NJ,COM_ROOFSYS,Built up with gutters,228.977755
NJ,COM_ROOFSYS,Built up without gutters,198.301793
NJ,COM_ROOFSYS,Built up unknown gutters,231.932015
NJ,COM_ROOFSYS,High wind shingle,235.803629
NJ,COM_ROOFSYS,High wind shingle plus SWR,227.578812
NJ,COM_ROOFSYS,Normal shingle,202.342688
NJ,COM_ROOFSYS,Normal shingle plus SWR,215.999226
NJ,COM_ROOFSYS,Metal concealed fasteners,208.03931
NJ,COM_ROOFSYS,Metal exposed fasteners,210.686498
NJ,COM_ROOFSYS,Metal unknown fasteners,203.620429
NJ,COM_ROOFSYS,Wood shakes,215.4124
NJ,COM_ROOFSYS,Concrete roof,228.567538
NJ,COM_ROOFSYS,Hail class 1,213.926388
NJ,COM_ROOFSYS,Hail class 2,223.749387
NJ,COM_ROOFSYS,Hail class 3,221.382703
NJ,COM_ROOFSYS,Hail class 4,225.716517
NJ,COM_ROOFSYS,Rubber roof,204.981828
NJ,COM_ROOFSYS,Green roof,232.333006
NJ,COM_ROOFSYS,Bermuda style roof,227.453864
NJ,COM_ROOFSYS,Concrete tiles,205.29446
NJ,COM_ROOFSYS,Slate tile,202.989288
NJ,COM_ROOFSYS,Fabric membrane,219.683929
NJ,COM_ROOFSYS,Solar tile,199.059389
NJ,COM_TODMGPROVISION,Cosmetic damage Fully covered,274.830623
NJ,COM_TODMGPROVISION,Cosmetic damage Mostly covered,251.362828
NJ,COM_TODMGPROVISION,Cosmetic damage Default,278.026452
NJ,COM_TODMGPROVISION,Cosmetic damage Rarely covered,267.862999
NJ,COM_TODMGPROVISION,Cosmetic damage Excluded,288.066913
NJ,COM_TOFLASHING,Compliant with ES1,287.776299
NJ,COM_TOFLASHING,Not compliant with ES1,297.243726
NJ,COM_TREEDENSITY,High tree risk high shielding,159.802245
NJ,COM_TREEDENSITY,Some trees some shielding,153.370635
NJ,COM_TREEDENSITY,No trees no shielding,159.886182
NJ,SFD_Unknown,Unknown,604.814461
NJ,SFD_ARCHITECT,Attached screen,649.233848
NJ,SFD_ARCHITECT,Detached screen,667.586687
NJ,SFD_ARCHITECT,Fences,647.1395
NJ,SFD_ARCHITECT,None,736.19859
NJ,SFD_ARCHITECT,Skylights,704.071531
NJ,SFD_ARCHITECT,Skylights protection,741.736407
NJ,SFD_CLADRATE,10d high wind nail,638.875904
NJ,SFD_CLADRATE,6d any nail,632.606564
NJ,SFD_CLADRATE,8d high wind nail,630.985455
NJ,SFD_CLADRATE,8d minimum nail,646.099454
NJ,SFD_CLADRATE,Batten decking,597.531401
NJ,SFD_CLADRATE,Lumber and groove,610.165468
NJ,SFD_CLADSYS,Vinyl siding,622.499035
NJ,SFD_CLADSYS,EIFS,674.63527
NJ,SFD_CLADSYS,Wood,597.998884
NJ,SFD_CLADSYS,Metal sheathing,670.022629
NJ,SFD_CLADSYS,Impact rated glazing,641.527441
NJ,SFD_CLADSYS,Stucco,587.297983
NJ,SFD_CLADSYS,Brick veneer,625.686993
NJ,SFD_CLADSYS,Concrete block,665.727486
NJ,SFD_CONSTQUALI,Signs of distress,554.321026
NJ,SFD_CONSTQUALI,WH Roof existing,553.487411
NJ,SFD_CONSTQUALI,Wind Roof existing,561.768112
NJ,SFD_CONSTQUALI,Wind Gold existing,542.770618
NJ,SFD_CONSTQUALI,Wind Silver existing,568.25149
NJ,SFD_CONSTQUALI,WH Gold existing,543.42052
NJ,SFD_CONSTQUALI,WH Silver existing,635.861741
NJ,SFD_EXTORN,Extensive ornamentation,640.30407
NJ,SFD_EXTORN,Extensive ornamentation and LPS,658.355045
NJ,SFD_EXTORN,Large signs,636.679993
NJ,SFD_EXTORN,Large signs and LPS,624.091102
NJ,SFD_EXTORN,Lightning protection,667.524602
NJ,SFD_FOUNDSYS,Bolted,569.357939
NJ,SFD_FOUNDSYS,Engineered,630.503078
NJ,SFD_FOUNDSYS,Unbolted,572.487119
NJ,SFD_GARAGING,Attached garage,510.752167
NJ,SFD_GARAGING,Detached garage,558.06377
NJ,SFD_GARAGING,No garage,573.607948
NJ,SFD_MECHGROUND,Generally unprotected,670.120448
NJ,SFD_MECHGROUND,Generally protected,676.726107
NJ,SFD_RESISTOPEN,Pressure small missile rated,653.848656
NJ,SFD_RESISTOPEN,Pressure medium missile rated,692.327423
NJ,SFD_RESISTOPEN,All openings pressure small missile rated,648.157927
NJ,SFD_RESISTOPEN,All openings pressure medium missile rated,685.070727
NJ,SFD_RESISTOPEN,All openings pressure large missile rated,722.030303
NJ,SFD_ROOFAGE,0 to 5 years,392.487159
NJ,SFD_ROOFAGE,6 to 10 years,394.251925
NJ,SFD_ROOFAGE,11 years or more,369.808248
NJ,SFD_ROOFANCH,Clips,333.013563
NJ,SFD_ROOFANCH,Double wraps,354.595191
NJ,SFD_ROOFANCH,Single wraps,378.64828
NJ,SFD_ROOFANCH,Structural,347.509737
NJ,SFD_ROOFANCH,Toenailing no anchorage,329.014536
NJ,SFD_ROOFEQUIP,No equipment present,830.03395
NJ,SFD_ROOFEQUIP,Roof mounted photovoltaic array,804.845371
NJ,SFD_ROOFEQUIP,Roof mounted impact resistant array,883.730988
NJ,SFD_ROOFEQUIP,Roof mounted mechanically attached array,761.615902
NJ,SFD_ROOFGEOM,Complex roof,535.595659
NJ,SFD_ROOFGEOM,Flat roof no parapets,531.319165
NJ,SFD_ROOFGEOM,Flat roof parapets,567.542064
NJ,SFD_ROOFGEOM,Gable roof LE6:12,565.605987
NJ,SFD_ROOFGEOM,Braced gable LE6:12,512.820285
NJ,SFD_ROOFGEOM,Gable roof GT6:12,553.059911
NJ,SFD_ROOFGEOM,Braced gable GT6:12,538.175564
NJ,SFD_ROOFGEOM,Hip roof LE6:12,536.225846
NJ,SFD_ROOFGEOM,Hip roof GT6:12,555.493991
NJ,SFD_ROOFMAINT,Excellent condition,522.687107
NJ,SFD_ROOFMAINT,No deterioration or defects,585.455345
NJ,SFD_ROOFMAINT,Visible defects,549.552045
NJ,SFD_ROOFMAINT,Significant signs of distress,594.709437
NJ,SFD_ROOFSYS,Built up or single ply,874.599036
NJ,SFD_ROOFSYS,Built up with gutters,866.814149
NJ,SFD_ROOFSYS,Built up without gutters,783.17784
NJ,SFD_ROOFSYS,Built up unknown gutters,881.040591
NJ,SFD_ROOFSYS,High wind shingle,875.216041
NJ,SFD_ROOFSYS,High wind shingle plus SWR,732.868461
NJ,SFD_ROOFSYS,Normal shingle,740.09845
NJ,SFD_ROOFSYS,Normal shingle plus SWR,842.712327
NJ,SFD_ROOFSYS,Metal concealed fasteners,770.535729
NJ,SFD_ROOFSYS,Metal exposed fasteners,758.111984
NJ,SFD_ROOFSYS,Metal unknown fasteners,742.787963
NJ,SFD_ROOFSYS,Wood shakes,851.874763
NJ,SFD_ROOFSYS,Concrete roof,829.15384
NJ,SFD_ROOFSYS,Hail class 1,787.076964
NJ,SFD_ROOFSYS,Hail class 2,835.883013
NJ,SFD_ROOFSYS,Hail class 3,846.523351
NJ,SFD_ROOFSYS,Hail class 4,742.451543
NJ,SFD_ROOFSYS,Rubber roof,746.769004
NJ,SFD_ROOFSYS,Green roof,812.572518
NJ,SFD_ROOFSYS,Bermuda style roof,881.399864
NJ,SFD_ROOFSYS,Concrete tiles,757.739111
NJ,SFD_ROOFSYS,Slate tile,820.184302
NJ,SFD_ROOFSYS,Fabric membrane,840.12787
NJ,SFD_ROOFSYS,Solar tile,728.667778
NJ,SFD_TODMGPROVISION,Cosmetic damage Fully covered,652.001414
NJ,SFD_TODMGPROVISION,Cosmetic damage Mostly covered,674.115886
NJ,SFD_TODMGPROVISION,Cosmetic damage Default,697.797612
NJ,SFD_TODMGPROVISION,Cosmetic damage Rarely covered,632.941103
NJ,SFD_TODMGPROVISION,Cosmetic damage Excluded,692.61398
NJ,SFD_TOFLASHING,Compliant with ES1,678.185102
NJ,SFD_TOFLASHING,Not compliant with ES1,617.185653
NJ,SFD_TREEDENSITY,High tree risk high shielding,806.864513
NJ,SFD_TREEDENSITY,Some trees some shielding,876.048353
NJ,SFD_TREEDENSITY,No trees no shielding,800.685005
NM,COM_Unknown,Unknown,280.21805
NM,COM_ARCHITECT,Attached screen,210.086081
NM,COM_ARCHITECT,Detached screen,194.034188
NM,COM_ARCHITECT,Fences,194.291944
NM,COM_ARCHITECT,None,200.205088
NM,COM_ARCHITECT,Skylights,214.456426
NM,COM_ARCHITECT,Skylights protection,185.500153
NM,COM_CLADRATE,10d high wind nail,167.173613
NM,COM_CLADRATE,6d any nail,154.612476
NM,COM_CLADRATE,8d high wind nail,176.851366
NM,COM_CLADRATE,8d minimum nail,172.398047
NM,COM_CLADRATE,Batten decking,172.533119
NM,COM_CLADRATE,Lumber and groove,154.718615
NM,COM_CLADSYS,Vinyl siding,328.776857
NM,COM_CLADSYS,EIFS,289.823834
NM,COM_CLADSYS,Wood,316.279767
NM,COM_CLADSYS,Metal sheathing,293.790292
NM,COM_CLADSYS,Impact rated glazing,316.090803
NM,COM_CLADSYS,Stucco,318.593551
NM,COM_CLADSYS,Brick veneer,309.799079
NM,COM_CLADSYS,Concrete block,303.755747
NM,COM_CONSTQUALI,Signs of distress,231.366917
NM,COM_CONSTQUALI,WH Roof existing,264.34126
NM,COM_CONSTQUALI,Wind Roof existing,226.066133
NM,COM_CONSTQUALI,Wind Gold existing,270.532843
NM,COM_CONSTQUALI,Wind Silver existing,258.092427
NM,COM_CONSTQUALI,WH Gold existing,243.371264
NM,COM_CONSTQUALI,WH Silver existing,230.175306
NM,COM_EXTORN,Extensive ornamentation,198.835011
NM,COM_EXTORN,Extensive ornamentation and LPS,190.778575
NM,COM_EXTORN,Large signs,192.656496
NM,COM_EXTORN,Large signs and LPS,188.297876
NM,COM_EXTORN,Lightning protection,201.684089
NM,COM_FOUNDSYS,Bolted,319.541047
NM,COM_FOUNDSYS,Engineered,321.323473
NM,COM_FOUNDSYS,Unbolted,272.72552
NM,COM_GARAGING,Attached garage,312.07472
NM,COM_GARAGING,Detached garage,301.669416
NM,COM_GARAGING,No garage,306.67767
NM,COM_MECHGROUND,Generally unprotected,136.617637
NM,COM_MECHGROUND,Generally protected,135.922746
NM,COM_RESISTOPEN,Pressure small missile rated,208.982391
NM,COM_RESISTOPEN,Pressure medium missile rated,237.873032
NM,COM_RESISTOPEN,All openings pressure small missile rated,250.276797
NM,COM_RESISTOPEN,All openings pressure medium missile rated,240.540378
NM,COM_RESISTOPEN,All openings pressure large missile rated,213.87249
NM,COM_ROOFAGE,0 to 5 years,376.455989
NM,COM_ROOFAGE,6 to 10 years,407.958803
NM,COM_ROOFAGE,11 years or more,407.222754
NM,COM_ROOFANCH,Clips,131.403913
NM,COM_ROOFANCH,Double wraps,121.118357
NM,COM_ROOFANCH,Single wraps,146.551424
NM,COM_ROOFANCH,Structural,142.86449
NM,COM_ROOFANCH,Toenailing no anchorage,120.815459
NM,COM_ROOFEQUIP,No equipment present,199.980595
NM,COM_ROOFEQUIP,Roof mounted photovoltaic array,196.520561
NM,COM_ROOFEQUIP,Roof mounted impact resistant array,213.813483
NM,COM_ROOFEQUIP,Roof mounted mechanically attached array,183.625844
NM,COM_ROOFGEOM,Complex roof,214.941258
NM,COM_ROOFGEOM,Flat roof no parapets,239.958747
NM,COM_ROOFGEOM,Flat roof parapets,228.816727
NM,COM_ROOFGEOM,Gable roof LE6:12,252.131379
NM,COM_ROOFGEOM,Braced gable LE6:12,248.338863
NM,COM_ROOFGEOM,Gable roof GT6:12,245.943809
NM,COM_ROOFGEOM,Braced gable GT6:12,242.782877
NM,COM_ROOFGEOM,Hip roof LE6:12,239.783025
NM,COM_ROOFGEOM,Hip roof GT6:12,225.551142
NM,COM_ROOFMAINT,Excellent condition,139.801569
NM,COM_ROOFMAINT,No deterioration or defects,149.323777
NM,COM_ROOFMAINT,Visible defects,138.877047
NM,COM_ROOFMAINT,Significant signs of distress,145.783324
NM,COM_ROOFSYS,Built up or single ply,252.604106
NM,COM_ROOFSYS,Built up with gutters,246.147207
NM,COM_ROOFSYS,Built up without gutters,231.347086
NM,COM_ROOFSYS,Built up unknown gutters,262.113163
NM,COM_ROOFSYS,High wind shingle,259.641926
NM,COM_ROOFSYS,High wind shingle plus SWR,236.545889
NM,COM_ROOFSYS,Normal shingle,247.248991
NM,COM_ROOFSYS,Normal shingle plus SWR,262.427942
NM,COM_ROOFSYS,Metal concealed fasteners,262.393812
NM,COM_ROOFSYS,Metal exposed fasteners,248.15433
NM,COM_ROOFSYS,Metal unknown fasteners,247.250591
NM,COM_ROOFSYS,Wood shakes,248.227519
NM,COM_ROOFSYS,Concrete roof,276.328368
NM,COM_ROOFSYS,Hail class 1,268.17603
NM,COM_ROOFSYS,Hail class 2,236.787843
NM,COM_ROOFSYS,Hail class 3,246.488639
NM,COM_ROOFSYS,Hail class 4,241.894425
NM,COM_ROOFSYS,Rubber roof,237.706104
NM,COM_ROOFSYS,Green roof,279.040325
NM,COM_ROOFSYS,Bermuda style roof,235.271785
NM,COM_ROOFSYS,Concrete tiles,233.037
NM,COM_ROOFSYS,Slate tile,267.5855
NM,COM_ROOFSYS,Fabric membrane,236.287757
NM,COM_ROOFSYS,Solar tile,229.935424
NM,COM_TODMGPROVISION,Cosmetic damage Fully covered,307.262987
NM,COM_TODMGPROVISION,Cosmetic damage Mostly covered,316.93745
NM,COM_TODMGPROVISION,Cosmetic damage Default,322.099468
NM,COM_TODMGPROVISION,Cosmetic damage Rarely covered,292.929034
NM,COM_TODMGPROVISION,Cosmetic damage Excluded,291.14541
NM,COM_TOFLASHING,Compliant with ES1,309.281814
NM,COM_TOFLASHING,Not compliant with ES1,308.67049
NM,COM_TREEDENSITY,High tree risk high shielding,152.223977
NM,COM_TREEDENSITY,Some trees some shielding,147.697775
NM,COM_TREEDENSITY,No trees no shielding,165.664159
NM,SFD_Unknown,Unknown,336.616211
NM,SFD_ARCHITECT,Attached screen,403.559612
NM,SFD_ARCHITECT,Detached screen,344.534667
NM,SFD_ARCHITECT,Fences,351.488204
NM,SFD_ARCHITECT,None,375.942001
NM,SFD_ARCHITECT,Skylights,344.884892
NM,SFD_ARCHITECT,Skylights protection,380.151267
NM,SFD_CLADRATE,10d high wind nail,357.887447
NM,SFD_CLADRATE,6d any nail,343.661424
NM,SFD_CLADRATE,8d high wind nail,361.058826
NM,SFD_CLADRATE,8d minimum nail,360.852784
NM,SFD_CLADRATE,Batten decking,339.784602
NM,SFD_CLADRATE,Lumber and groove,337.174551
NM,SFD_CLADSYS,Vinyl siding,349.827471
NM,SFD_CLADSYS,EIFS,343.302152
NM,SFD_CLADSYS,Wood,362.134515
NM,SFD_CLADSYS,Metal sheathing,312.91794
NM,SFD_CLADSYS,Impact rated glazing,353.387838
NM,SFD_CLADSYS,Stucco,352.900062
NM,SFD_CLADSYS,Brick veneer,363.145067
NM,SFD_CLADSYS,Concrete block,337.366065
NM,SFD_CONSTQUALI,Signs of distress,322.551671
NM,SFD_CONSTQUALI,WH Roof existing,310.530432
NM,SFD_CONSTQUALI,Wind Roof existing,317.288483
NM,SFD_CONSTQUALI,Wind Gold existing,329.069553
NM,SFD_CONSTQUALI,Wind Silver existing,290.886086
NM,SFD_CONSTQUALI,WH Gold existing,314.96829
NM,SFD_CONSTQUALI,WH Silver existing,290.153406
NM,SFD_EXTORN,Extensive ornamentation,353.620937
NM,SFD_EXTORN,Extensive ornamentation and LPS,377.107267
NM,SFD_EXTORN,Large signs,402.368007
NM,SFD_EXTORN,Large signs and LPS,381.034869
NM,SFD_EXTORN,Lightning protection,388.825773
NM,SFD_FOUNDSYS,Bolted,387.155597
NM,SFD_FOUNDSYS,Engineered,328.931849
NM,SFD_FOUNDSYS,Unbolted,348.749982
NM,SFD_GARAGING,Attached garage,337.201989
NM,SFD_GARAGING,Detached garage,317.166265
NM,SFD_GARAGING,No garage,351.266727
NM,SFD_MECHGROUND,Generally unprotected,385.93976
NM,SFD_MECHGROUND,Generally protected,342.944013
NM,SFD_RESISTOPEN,Pressure small missile rated,374.110373
NM,SFD_RESISTOPEN,Pressure medium missile rated,393.789106
NM,SFD_RESISTOPEN,All openings pressure small missile rated,334.467691
NM,SFD_RESISTOPEN,All openings pressure medium missile rated,375.050695
NM,SFD_RESISTOPEN,All openings pressure large missile rated,351.526877
NM,SFD_ROOFAGE,0 to 5 years,189.274487
NM,SFD_ROOFAGE,6 to 10 years,188.259849
NM,SFD_ROOFAGE,11 years or more,216.929557
NM,SFD_ROOFANCH,Clips,192.50093
NM,SFD_ROOFANCH,Double wraps,198.246305
NM,SFD_ROOFANCH,Single wraps,197.086444
NM,SFD_ROOFANCH,Structural,199.637778
NM,SFD_ROOFANCH,Toenailing no anchorage,199.440018
NM,SFD_ROOFEQUIP,No equipment present,471.819913
NM,SFD_ROOFEQUIP,Roof mounted photovoltaic array,517.761676
NM,SFD_ROOFEQUIP,Roof mounted impact resistant array,503.340333
NM,SFD_ROOFEQUIP,Roof mounted mechanically attached array,506.833246
NM,SFD_ROOFGEOM,Complex roof,317.286953
NM,SFD_ROOFGEOM,Flat roof no parapets,324.891726
NM,SFD_ROOFGEOM,Flat roof parapets,289.748111
NM,SFD_ROOFGEOM,Gable roof LE6:12,326.825027
NM,SFD_ROOFGEOM,Braced gable LE6:12,328.077171
NM,SFD_ROOFGEOM,Gable roof GT6:12,292.014463
NM,SFD_ROOFGEOM,Braced gable GT6:12,304.837217
NM,SFD_ROOFGEOM,Hip roof LE6:12,314.934502
NM,SFD_ROOFGEOM,Hip roof GT6:12,309.733445
NM,SFD_ROOFMAINT,Excellent condition,298.76908
NM,SFD_ROOFMAINT,No deterioration or defects,297.866474
NM,SFD_ROOFMAINT,Visible defects,330.887111
NM,SFD_ROOFMAINT,Significant signs of distress,316.061828
NM,SFD_ROOFSYS,Built up or single ply,537.776087
NM,SFD_ROOFSYS,Built up with gutters,489.916614
NM,SFD_ROOFSYS,Built up without gutters,458.139009
NM,SFD_ROOFSYS,Built up unknown gutters,462.915184
NM,SFD_ROOFSYS,High wind shingle,511.658938
NM,SFD_ROOFSYS,High wind shingle plus SWR,451.885984
NM,SFD_ROOFSYS,Normal shingle,455.836528
NM,SFD_ROOFSYS,Normal shingle plus SWR,482.162226
NM,SFD_ROOFSYS,Metal concealed fasteners,504.561237
NM,SFD_ROOFSYS,Metal exposed fasteners,444.300839
NM,SFD_ROOFSYS,Metal unknown fasteners,456.552973
NM,SFD_ROOFSYS,Wood shakes,467.23392
NM,SFD_ROOFSYS,Concrete roof,512.903453
NM,SFD_ROOFSYS,Hail class 1,484.313029
NM,SFD_ROOFSYS,Hail class 2,451.993478
NM,SFD_ROOFSYS,Hail class 3,479.630126
NM,SFD_ROOFSYS,Hail class 4,491.851811
NM,SFD_ROOFSYS,Rubber roof,492.972575
NM,SFD_ROOFSYS,Green roof,531.324561
NM,SFD_ROOFSYS,Bermuda style roof,458.887284
NM,SFD_ROOFSYS,Concrete tiles,482.40437
NM,SFD_ROOFSYS,Slate tile,482.818122
NM,SFD_ROOFSYS,Fabric membrane,486.888736
NM,SFD_ROOFSYS,Solar tile,445.483475
NM,SFD_TODMGPROVISION,Cosmetic damage Fully covered,378.974198
NM,SFD_TODMGPROVISION,Cosmetic damage Mostly covered,395.300989
NM,SFD_TODMGPROVISION,Cosmetic damage Default,388.530229
NM,SFD_TODMGPROVISION,Cosmetic damage Rarely covered,396.33616
NM,SFD_TODMGPROVISION,Cosmetic damage Excluded,351.737148
NM,SFD_TOFLASHING,Compliant with ES1,377.863135
NM,SFD_TOFLASHING,Not compliant with ES1,332.586102
NM,SFD_TREEDENSITY,High tree risk high shielding,456.247807
NM,SFD_TREEDENSITY,Some trees some shielding,409.154302
NM,SFD_TREEDENSITY,No trees no shielding,449.799737
NV,COM_Unknown,Unknown,655.288108
NV,COM_ARCHITECT,Attached screen,447.393192
NV,COM_ARCHITECT,Detached screen,472.247295
NV,COM_ARCHITECT,Fences,422.673038
NV,COM_ARCHITECT,None,472.637463
NV,COM_ARCHITECT,Skylights,473.367603
NV,COM_ARCHITECT,Skylights protection,507.271685
NV,COM_CLADRATE,10d high wind nail,397.526183
NV,COM_CLADRATE,6d any nail,366.560727
NV,COM_CLADRATE,8d high wind nail,412.292009
NV,COM_CLADRATE,8d minimum nail,377.09755
NV,COM_CLADRATE,Batten decking,407.074898
NV,COM_CLADRATE,Lumber and groove,362.821223
NV,COM_CLADSYS,Vinyl siding,664.804125
NV,COM_CLADSYS,EIFS,695.179634
NV,COM_CLADSYS,Wood,670.990563
NV,COM_CLADSYS,Metal sheathing,705.537163
NV,COM_CLADSYS,Impact rated glazing,720.505312
NV,COM_CLADSYS,Stucco,655.942827
NV,COM_CLADSYS,Brick veneer,715.519858
NV,COM_CLADSYS,Concrete block,782.58676
NV,COM_CONSTQUALI,Signs of distress,521.462222
NV,COM_CONSTQUALI,WH Roof existing,551.180267
NV,COM_CONSTQUALI,Wind Roof existing,546.877075
NV,COM_CONSTQUALI,Wind Gold existing,569.312165
NV,COM_CONSTQUALI,Wind Silver existing,555.829678
NV,COM_CONSTQUALI,WH Gold existing,591.895828
NV,COM_CONSTQUALI,WH Silver existing,616.549673
NV,COM_EXTORN,Extensive ornamentation,469.049255
NV,COM_EXTORN,Extensive ornamentation and LPS,451.784342
NV,COM_EXTORN,Large signs,497.474452
NV,COM_EXTORN,Large signs and LPS,435.515198
NV,COM_EXTORN,Lightning protection,456.090495
NV,COM_FOUNDSYS,Bolted,713.902041
NV,COM_FOUNDSYS,Engineered,619.355464
NV,COM_FOUNDSYS,Unbolted,679.100948
NV,COM_GARAGING,Attached garage,669.087531
NV,COM_GARAGING,Detached garage,697.154085
NV,COM_GARAGING,No garage,682.190611
NV,COM_MECHGROUND,Generally unprotected,299.284557
NV,COM_MECHGROUND,Generally protected,330.992248
NV,COM_RESISTOPEN,Pressure small missile rated,598.829629
NV,COM_RESISTOPEN,Pressure medium missile rated,571.650044
NV,COM_RESISTOPEN,All openings pressure small missile rated,581.957026
NV,COM_RESISTOPEN,All openings pressure medium missile rated,530.810696
NV,COM_RESISTOPEN,All openings pressure large missile rated,542.116241
NV,COM_ROOFAGE,0 to 5 years,1007.448171
NV,COM_ROOFAGE,6 to 10 years,876.401211
NV,COM_ROOFAGE,11 years or more,882.821067
NV,COM_ROOFANCH,Clips,292.4384
NV,COM_ROOFANCH,Double wraps,290.246516
NV,COM_ROOFANCH,Single wraps,335.316613
NV,COM_ROOFANCH,Structural,327.017611
NV,COM_ROOFANCH,Toenailing no anchorage,336.043287
NV,COM_ROOFEQUIP,No equipment present,478.903717
NV,COM_ROOFEQUIP,Roof mounted photovoltaic array,480.793606
NV,COM_ROOFEQUIP,Roof mounted impact resistant array,422.9016
NV,COM_ROOFEQUIP,Roof mounted mechanically attached array,408.399506
NV,COM_ROOFGEOM,Complex roof,571.859749
NV,COM_ROOFGEOM,Flat roof no parapets,626.350628
NV,COM_ROOFGEOM,Flat roof parapets,559.962652
NV,COM_ROOFGEOM,Gable roof LE6:12,559.059542
NV,COM_ROOFGEOM,Braced gable LE6:12,607.146241
NV,COM_ROOFGEOM,Gable roof GT6:12,608.46021
NV,COM_ROOFGEOM,Braced gable GT6:12,519.437503
NV,COM_ROOFGEOM,Hip roof LE6:12,565.21449
NV,COM_ROOFGEOM,Hip roof GT6:12,546.17197
NV,COM_ROOFMAINT,Excellent condition,349.594271
NV,COM_ROOFMAINT,No deterioration or defects,299.944305
NV,COM_ROOFMAINT,Visible defects,347.48778
NV,COM_ROOFMAINT,Significant signs of distress,307.494837
NV,COM_ROOFSYS,Built up or single ply,507.701405
NV,COM_ROOFSYS,Built up with gutters,571.223182
NV,COM_ROOFSYS,Built up without gutters,516.22533
NV,COM_ROOFSYS,Built up unknown gutters,508.003147
NV,COM_ROOFSYS,High wind shingle,583.144169
NV,COM_ROOFSYS,High wind shingle plus SWR,592.345766
NV,COM_ROOFSYS,Normal shingle,588.269127
NV,COM_ROOFSYS,Normal shingle plus SWR,568.081282
NV,COM_ROOFSYS,Metal concealed fasteners,556.168525
NV,COM_ROOFSYS,Metal exposed fasteners,506.571091
NV,COM_ROOFSYS,Metal unknown fasteners,529.517001
NV,COM_ROOFSYS,Wood shakes,550.848052
NV,COM_ROOFSYS,Concrete roof,579.036611
NV,COM_ROOFSYS,Hail class 1,595.391682
NV,COM_ROOFSYS,Hail class 2,520.347506
NV,COM_ROOFSYS,Hail class 3,587.495955
NV,COM_ROOFSYS,Hail class 4,550.977455
NV,COM_ROOFSYS,Rubber roof,532.168126
NV,COM_ROOFSYS,Green roof,549.701281
NV,COM_ROOFSYS,Bermuda style roof,594.057178
NV,COM_ROOFSYS,Concrete tiles,609.618353
NV,COM_ROOFSYS,Slate tile,541.302494
NV,COM_ROOFSYS,Fabric membrane,594.192243
NV,COM_ROOFSYS,Solar tile,575.156328
NV,COM_TODMGPROVISION,Cosmetic damage Fully covered,754.732101
NV,COM_TODMGPROVISION,Cosmetic damage Mostly covered,742.578893
NV,COM_TODMGPROVISION,Cosmetic damage Default,730.419086
NV,COM_TODMGPROVISION,Cosmetic damage Rarely covered,669.605095
NV,COM_TODMGPROVISION,Cosmetic damage Excluded,674.421957
NV,COM_TOFLASHING,Compliant with ES1,778.898579
NV,COM_TOFLASHING,Not compliant with ES1,769.314759
NV,COM_TREEDENSITY,High tree risk high shielding,351.967531
NV,COM_TREEDENSITY,Some trees some shielding,365.068113
NV,COM_TREEDENSITY,No trees no shielding,399.611137
NV,SFD_Unknown,Unknown,383.85381
NV,SFD_ARCHITECT,Attached screen,455.517955
NV,SFD_ARCHITECT,Detached screen,405.114109
NV,SFD_ARCHITECT,Fences,400.510326
NV,SFD_ARCHITECT,None,386.678947
NV,SFD_ARCHITECT,Skylights,387.350468
NV,SFD_ARCHITECT,Skylights protection,430.525086
NV,SFD_CLADRATE,10d high wind nail,352.428917
NV,SFD_CLADRATE,6d any nail,403.804372
NV,SFD_CLADRATE,8d high wind nail,411.008496
NV,SFD_CLADRATE,8d minimum nail,345.740785
NV,SFD_CLADRATE,Batten decking,385.545262
NV,SFD_CLADRATE,Lumber and groove,369.510189
NV,SFD_CLADSYS,Vinyl siding,444.774813
NV,SFD_CLADSYS,EIFS,431.089491
NV,SFD_CLADSYS,Wood,418.645073
NV,SFD_CLADSYS,Metal sheathing,419.311572
NV,SFD_CLADSYS,Impact rated glazing,434.9865
NV,SFD_CLADSYS,Stucco,447.648792
NV,SFD_CLADSYS,Brick veneer,454.438843
NV,SFD_CLADSYS,Concrete block,450.070246
NV,SFD_CONSTQUALI,Signs of distress,339.815489
NV,SFD_CONSTQUALI,WH Roof existing,381.50344
NV,SFD_CONSTQUALI,Wind Roof existing,375.761841
NV,SFD_CONSTQUALI,Wind Gold existing,378.981779
NV,SFD_CONSTQUALI,Wind Silver existing,342.213625
NV,SFD_CONSTQUALI,WH Gold existing,337.715701
NV,SFD_CONSTQUALI,WH Silver existing,370.135554
NV,SFD_EXTORN,Extensive ornamentation,459.1008
NV,SFD_EXTORN,Extensive ornamentation and LPS,447.403585
NV,SFD_EXTORN,Large signs,462.943777
NV,SFD_EXTORN,Large signs and LPS,443.160549
NV,SFD_EXTORN,Lightning protection,399.547586
NV,SFD_FOUNDSYS,Bolted,386.150118
NV,SFD_FOUNDSYS,Engineered,372.047689
NV,SFD_FOUNDSYS,Unbolted,366.312021
NV,SFD_GARAGING,Attached garage,369.230745
NV,SFD_GARAGING,Detached garage,379.088939
NV,SFD_GARAGING,No garage,369.719017
NV,SFD_MECHGROUND,Generally unprotected,429.366224
NV,SFD_MECHGROUND,Generally protected,372.314861
NV,SFD_RESISTOPEN,Pressure small missile rated,439.97341
NV,SFD_RESISTOPEN,Pressure medium missile rated,412.225081
NV,SFD_RESISTOPEN,All openings pressure small missile rated,385.192658
NV,SFD_RESISTOPEN,All openings pressure medium missile rated,389.122415
NV,SFD_RESISTOPEN,All openings pressure large missile rated,432.405237
NV,SFD_ROOFAGE,0 to 5 years,252.883035
NV,SFD_ROOFAGE,6 to 10 years,235.354435
NV,SFD_ROOFAGE,11 years or more,263.397596
NV,SFD_ROOFANCH,Clips,232.302615
NV,SFD_ROOFANCH,Double wraps,238.33072
NV,SFD_ROOFANCH,Single wraps,227.580581
NV,SFD_ROOFANCH,Structural,227.079297
NV,SFD_ROOFANCH,Toenailing no anchorage,254.453767
NV,SFD_ROOFEQUIP,No equipment present,593.441724
NV,SFD_ROOFEQUIP,Roof mounted photovoltaic array,522.599153
NV,SFD_ROOFEQUIP,Roof mounted impact resistant array,554.539785
NV,SFD_ROOFEQUIP,Roof mounted mechanically attached array,584.526313
NV,SFD_ROOFGEOM,Complex roof,366.951848
NV,SFD_ROOFGEOM,Flat roof no parapets,364.720777
NV,SFD_ROOFGEOM,Flat roof parapets,313.074089
NV,SFD_ROOFGEOM,Gable roof LE6:12,328.709876
NV,SFD_ROOFGEOM,Braced gable LE6:12,330.614234
NV,SFD_ROOFGEOM,Gable roof GT6:12,359.160046
NV,SFD_ROOFGEOM,Braced gable GT6:12,316.637342
NV,SFD_ROOFGEOM,Hip roof LE6:12,322.52131
NV,SFD_ROOFGEOM,Hip roof GT6:12,346.012472
NV,SFD_ROOFMAINT,Excellent condition,354.902917
NV,SFD_ROOFMAINT,No deterioration or defects,375.786314
NV,SFD_ROOFMAINT,Visible defects,376.200083
NV,SFD_ROOFMAINT,Significant signs of distress,335.702195
NV,SFD_ROOFSYS,Built up or single ply,549.825339
NV,SFD_ROOFSYS,Built up with gutters,477.31783
NV,SFD_ROOFSYS,Built up without gutters,538.383393
NV,SFD_ROOFSYS,Built up unknown gutters,507.258949
NV,SFD_ROOFSYS,High wind shingle,562.434123
NV,SFD_ROOFSYS,High wind shingle plus SWR,472.184121
NV,SFD_ROOFSYS,Normal shingle,568.723391
NV,SFD_ROOFSYS,Normal shingle plus SWR,549.857011
NV,SFD_ROOFSYS,Metal concealed fasteners,495.900409
NV,SFD_ROOFSYS,Metal exposed fasteners,501.168574
NV,SFD_ROOFSYS,Metal unknown fasteners,534.208688
NV,SFD_ROOFSYS,Wood shakes,475.477579
NV,SFD_ROOFSYS,Concrete roof,564.122707
NV,SFD_ROOFSYS,Hail class 1,503.530606
NV,SFD_ROOFSYS,Hail class 2,526.630851
NV,SFD_ROOFSYS,Hail class 3,544.759177
NV,SFD_ROOFSYS,Hail class 4,493.214577
NV,SFD_ROOFSYS,Rubber roof,559.400813
NV,SFD_ROOFSYS,Green roof,483.118014
NV,SFD_ROOFSYS,Bermuda style roof,561.170264
NV,SFD_ROOFSYS,Concrete tiles,561.929433
NV,SFD_ROOFSYS,Slate tile,534.321512
NV,SFD_ROOFSYS,Fabric membrane,569.812177
NV,SFD_ROOFSYS,Solar tile,535.282973
NV,SFD_TODMGPROVISION,Cosmetic damage Fully covered,437.479525
NV,SFD_TODMGPROVISION,Cosmetic damage Mostly covered,422.596425
NV,SFD_TODMGPROVISION,Cosmetic damage Default,459.020853
NV,SFD_TODMGPROVISION,Cosmetic damage Rarely covered,381.913974
NV,SFD_TODMGPROVISION,Cosmetic damage Excluded,388.888854
NV,SFD_TOFLASHING,Compliant with ES1,417.159
NV,SFD_TOFLASHING,Not compliant with ES1,392.603446
NV,SFD_TREEDENSITY,High tree risk high shielding,521.51949
NV,SFD_TREEDENSITY,Some trees some shielding,562.745735
NV,SFD_TREEDENSITY,No trees no shielding,574.025643
NY,COM_Unknown,Unknown,286.429487
NY,COM_ARCHITECT,Attached screen,181.574257
NY,COM_ARCHITECT,Detached screen,206.912417
NY,COM_ARCHITECT,Fences,182.16411
NY,COM_ARCHITECT,None,218.901599
NY,COM_ARCHITECT,Skylights,191.921891
NY,COM_ARCHITECT,Skylights protection,191.031976
NY,COM_CLADRATE,10d high wind nail,159.590989
NY,COM_CLADRATE,6d any nail,160.357248
NY,COM_CLADRATE,8d high wind nail,170.203826
NY,COM_CLADRATE,8d minimum nail,165.005098
NY,COM_CLADRATE,Batten decking,183.226284
NY,COM_CLADRATE,Lumber and groove,160.78971
NY,COM_CLADSYS,Vinyl siding,370.90348
NY,COM_CLADSYS,EIFS,314.844832
NY,COM_CLADSYS,Wood,317.735124
NY,COM_CLADSYS,Metal sheathing,340.264323
NY,COM_CLADSYS,Impact rated glazing,332.177167
NY,COM_CLADSYS,Stucco,306.000748
NY,COM_CLADSYS,Brick veneer,333.313604
NY,COM_CLADSYS,Concrete block,309.265263
NY,COM_CONSTQUALI,Signs of distress,281.693489
NY,COM_CONSTQUALI,WH Roof existing,251.966277
NY,COM_CONSTQUALI,Wind Roof existing,271.997176
NY,COM_CONSTQUALI,Wind Gold existing,241.777705
NY,COM_CONSTQUALI,Wind Silver existing,237.216663
NY,COM_CONSTQUALI,WH Gold existing,282.199698
NY,COM_CONSTQUALI,WH Silver existing,274.874823
NY,COM_EXTORN,Extensive ornamentation,180.15856
NY,COM_EXTORN,Extensive ornamentation and LPS,181.333807
NY,COM_EXTORN,Large signs,192.814336
NY,COM_EXTORN,Large signs and LPS,195.171001
NY,COM_EXTORN,Lightning protection,204.408016
NY,COM_FOUNDSYS,Bolted,268.710987
NY,COM_FOUNDSYS,Engineered,292.610354
NY,COM_FOUNDSYS,Unbolted,316.911608
NY,COM_GARAGING,Attached garage,323.922876
NY,COM_GARAGING,Detached garage,281.96055
NY,COM_GARAGING,No garage,285.574455
NY,COM_MECHGROUND,Generally unprotected,154.978104
NY,COM_MECHGROUND,Generally protected,140.708562
NY,COM_RESISTOPEN,Pressure small missile rated,235.219744
NY,COM_RESISTOPEN,Pressure medium missile rated,247.164742
NY,COM_RESISTOPEN,All openings pressure small missile rated,222.808373
NY,COM_RESISTOPEN,All openings pressure medium missile rated,247.480671
NY,COM_RESISTOPEN,All openings pressure large missile rated,251.062941
NY,COM_ROOFAGE,0 to 5 years,401.65207
NY,COM_ROOFAGE,6 to 10 years,380.249006
NY,COM_ROOFAGE,11 years or more,428.595407
NY,COM_ROOFANCH,Clips,147.234662
NY,COM_ROOFANCH,Double wraps,140.241753
NY,COM_ROOFANCH,Single wraps,133.406866
NY,COM_ROOFANCH,Structural,141.754336
NY,COM_ROOFANCH,Toenailing no anchorage,124.97336
NY,COM_ROOFEQUIP,No equipment present,210.197561
NY,COM_ROOFEQUIP,Roof mounted photovoltaic array,225.060582
NY,COM_ROOFEQUIP,Roof mounted impact resistant array,192.850456
NY,COM_ROOFEQUIP,Roof mounted mechanically attached array,229.073784
NY,COM_ROOFGEOM,Complex roof,287.511885
NY,COM_ROOFGEOM,Flat roof no parapets,278.091937
NY,COM_ROOFGEOM,Flat roof parapets,239.11189
NY,COM_ROOFGEOM,Gable roof LE6:12,260.533617
NY,COM_ROOFGEOM,Braced gable LE6:12,245.857029
NY,COM_ROOFGEOM,Gable roof GT6:12,260.748886
NY,COM_ROOFGEOM,Braced gable GT6:12,266.476166
NY,COM_ROOFGEOM,Hip roof LE6:12,277.159586
NY,COM_ROOFGEOM,Hip roof GT6:12,278.009883
NY,COM_ROOFMAINT,Excellent condition,138.54067
NY,COM_ROOFMAINT,No deterioration or defects,146.126982
NY,COM_ROOFMAINT,Visible defects,135.709179
NY,COM_ROOFMAINT,Significant signs of distress,152.505133
NY,COM_ROOFSYS,Built up or single ply,242.965439
NY,COM_ROOFSYS,Built up with gutters,225.125438
NY,COM_ROOFSYS,Built up without gutters,260.452528
NY,COM_ROOFSYS,Built up unknown gutters,263.983003
NY,COM_ROOFSYS,High wind shingle,264.46745
NY,COM_ROOFSYS,High wind shingle plus SWR,218.43042
NY,COM_ROOFSYS,Normal shingle,223.854735
NY,COM_ROOFSYS,Normal shingle plus SWR,250.255225
NY,COM_ROOFSYS,Metal concealed fasteners,222.116647
NY,COM_ROOFSYS,Metal exposed fasteners,217.899805
NY,COM_ROOFSYS,Metal unknown fasteners,217.478618
NY,COM_ROOFSYS,Wood shakes,231.754876
NY,COM_ROOFSYS,Concrete roof,246.401281
NY,COM_ROOFSYS,Hail class 1,261.653262
NY,COM_ROOFSYS,Hail class 2,228.17409
NY,COM_ROOFSYS,Hail class 3,258.660505
NY,COM_ROOFSYS,Hail class 4,258.506959
NY,COM_ROOFSYS,Rubber roof,220.685772
NY,COM_ROOFSYS,Green roof,217.920319
NY,COM_ROOFSYS,Bermuda style roof,220.164563
NY,COM_ROOFSYS,Concrete tiles,244.675841
NY,COM_ROOFSYS,Slate tile,241.998583
NY,COM_ROOFSYS,Fabric membrane,248.52392
NY,COM_ROOFSYS,Solar tile,224.998696
NY,COM_TODMGPROVISION,Cosmetic damage Fully covered,308.873556
NY,COM_TODMGPROVISION,Cosmetic damage Mostly covered,270.403576
NY,COM_TODMGPROVISION,Cosmetic damage Default,279.230851
NY,COM_TODMGPROVISION,Cosmetic damage Rarely covered,305.884307
NY,COM_TODMGPROVISION,Cosmetic damage Excluded,272.709834
NY,COM_TOFLASHING,Compliant with ES1,286.421975
NY,COM_TOFLASHING,Not compliant with ES1,274.608318
NY,COM_TREEDENSITY,High tree risk high shielding,162.630789
NY,COM_TREEDENSITY,Some trees some shielding,181.863484
NY,COM_TREEDENSITY,No trees no shielding,177.296562
NY,SFD_Unknown,Unknown,286.203483
NY,SFD_ARCHITECT,Attached screen,322.36231
NY,SFD_ARCHITECT,Detached screen,302.339225
NY,SFD_ARCHITECT,Fences,350.259315
NY,SFD_ARCHITECT,None,295.266119
NY,SFD_ARCHITECT,Skylights,353.628831
NY,SFD_ARCHITECT,Skylights protection,314.957276
NY,SFD_CLADRATE,10d high wind nail,286.02285
NY,SFD_CLADRATE,6d any nail,312.281542
NY,SFD_CLADRATE,8d high wind nail,330.628606
NY,SFD_CLADRATE,8d minimum nail,328.970629
NY,SFD_CLADRATE,Batten decking,307.923786
NY,SFD_CLADRATE,Lumber and groove,300.119798
NY,SFD_CLADSYS,Vinyl siding,275.869773
NY,SFD_CLADSYS,EIFS,288.415566
NY,SFD_CLADSYS,Wood,316.915436
NY,SFD_CLADSYS,Metal sheathing,312.976519
NY,SFD_CLADSYS,Impact rated glazing,270.845706
NY,SFD_CLADSYS,Stucco,293.524801
NY,SFD_CLADSYS,Brick veneer,290.99174
NY,SFD_CLADSYS,Concrete block,284.297621
NY,SFD_CONSTQUALI,Signs of distress,298.672545
NY,SFD_CONSTQUALI,WH Roof existing,263.942394
NY,SFD_CONSTQUALI,Wind Roof existing,297.49934
NY,SFD_CONSTQUALI,Wind Gold existing,247.578336
NY,SFD_CONSTQUALI,Wind Silver existing,263.768668
NY,SFD_CONSTQUALI,WH Gold existing,262.736062
NY,SFD_CONSTQUALI,WH Silver existing,252.642525
NY,SFD_EXTORN,Extensive ornamentation,316.351058
NY,SFD_EXTORN,Extensive ornamentation and LPS,300.494661
NY,SFD_EXTORN,Large signs,340.467346
NY,SFD_EXTORN,Large signs and LPS,297.275155
NY,SFD_EXTORN,Lightning protection,334.448867
NY,SFD_FOUNDSYS,Bolted,272.238081
NY,SFD_FOUNDSYS,Engineered,282.681886
NY,SFD_FOUNDSYS,Unbolted,272.19819
NY,SFD_GARAGING,Attached garage,283.452477
NY,SFD_GARAGING,Detached garage,292.015175
NY,SFD_GARAGING,No garage,299.313983
NY,SFD_MECHGROUND,Generally unprotected,292.151156
NY,SFD_MECHGROUND,Generally protected,269.76134
NY,SFD_RESISTOPEN,Pressure small missile rated,319.547633
NY,SFD_RESISTOPEN,Pressure medium missile rated,337.633193
NY,SFD_RESISTOPEN,All openings pressure small missile rated,306.241571
NY,SFD_RESISTOPEN,All openings pressure medium missile rated,339.318167
NY,SFD_RESISTOPEN,All openings pressure large missile rated,316.979362
NY,SFD_ROOFAGE,0 to 5 years,161.566974
NY,SFD_ROOFAGE,6 to 10 years,171.013943
NY,SFD_ROOFAGE,11 years or more,174.317245
NY,SFD_ROOFANCH,Clips,151.788948
NY,SFD_ROOFANCH,Double wraps,159.843827
NY,SFD_ROOFANCH,Single wraps,172.17096
NY,SFD_ROOFANCH,Structural,153.95858
NY,SFD_ROOFANCH,Toenailing no anchorage,153.354542
NY,SFD_ROOFEQUIP,No equipment present,407.876054
NY,SFD_ROOFEQUIP,Roof mounted photovoltaic array,391.846424
NY,SFD_ROOFEQUIP,Roof mounted impact resistant array,366.593283
NY,SFD_ROOFEQUIP,Roof mounted mechanically attached array,425.876049
NY,SFD_ROOFGEOM,Complex roof,283.69124
NY,SFD_ROOFGEOM,Flat roof no parapets,278.229161
NY,SFD_ROOFGEOM,Flat roof parapets,257.749115
NY,SFD_ROOFGEOM,Gable roof LE6:12,273.67676
NY,SFD_ROOFGEOM,Braced gable LE6:12,272.89909
NY,SFD_ROOFGEOM,Gable roof GT6:12,277.605631
NY,SFD_ROOFGEOM,Braced gable GT6:12,272.693584
NY,SFD_ROOFGEOM,Hip roof LE6:12,237.86627
NY,SFD_ROOFGEOM,Hip roof GT6:12,268.779532
NY,SFD_ROOFMAINT,Excellent condition,279.810392
NY,SFD_ROOFMAINT,No deterioration or defects,278.23315
NY,SFD_ROOFMAINT,Visible defects,280.7736
NY,SFD_ROOFMAINT,Significant signs of distress,294.577345
NY,SFD_ROOFSYS,Built up or single ply,402.848962
NY,SFD_ROOFSYS,Built up with gutters,401.492038
NY,SFD_ROOFSYS,Built up without gutters,401.712373
NY,SFD_ROOFSYS,Built up unknown gutters,379.437185
NY,SFD_ROOFSYS,High wind shingle,445.307899
NY,SFD_ROOFSYS,High wind shingle plus SWR,387.195434
NY,SFD_ROOFSYS,Normal shingle,437.877878
NY,SFD_ROOFSYS,Normal shingle plus SWR,438.110229
NY,SFD_ROOFSYS,Metal concealed fasteners,370.686291
NY,SFD_ROOFSYS,Metal exposed fasteners,394.117763
NY,SFD_ROOFSYS,Metal unknown fasteners,396.062008
NY,SFD_ROOFSYS,Wood shakes,400.562625
NY,SFD_ROOFSYS,Concrete roof,380.571293
NY,SFD_ROOFSYS,Hail class 1,444.534605
NY,SFD_ROOFSYS,Hail class 2,448.997175
NY,SFD_ROOFSYS,Hail class 3,424.895422
NY,SFD_ROOFSYS,Hail class 4,392.817911
NY,SFD_ROOFSYS,Rubber roof,388.3979
NY,SFD_ROOFSYS,Green roof,438.872033
NY,SFD_ROOFSYS,Bermuda style roof,441.955032
NY,SFD_ROOFSYS,Concrete tiles,411.420585
NY,SFD_ROOFSYS,Slate tile,416.271753
NY,SFD_ROOFSYS,Fabric membrane,411.827567
NY,SFD_ROOFSYS,Solar tile,417.778753
NY,SFD_TODMGPROVISION,Cosmetic damage Fully covered,336.661206
NY,SFD_TODMGPROVISION,Cosmetic damage Mostly covered,314.47756
NY,SFD_TODMGPROVISION,Cosmetic damage Default,317.904226
NY,SFD_TODMGPROVISION,Cosmetic damage Rarely covered,337.015447
NY,SFD_TODMGPROVISION,Cosmetic damage Excluded,316.866703
NY,SFD_TOFLASHING,Compliant with ES1,307.450704
NY,SFD_TOFLASHING,Not compliant with ES1,272.913605
NY,SFD_TREEDENSITY,High tree risk high shielding,368.046098
NY,SFD_TREEDENSITY,Some trees some shielding,372.086965
NY,SFD_TREEDENSITY,No trees no shielding,368.901139
OH,COM_Unknown,Unknown,387.876267
OH,COM_ARCHITECT,Attached screen,272.988903
OH,COM_ARCHITECT,Detached screen,277.768968
OH,COM_ARCHITECT,Fences,260.57233
OH,COM_ARCHITECT,None,281.65135
OH,COM_ARCHITECT,Skylights,277.097694
OH,COM_ARCHITECT,Skylights protection,242.595049
OH,COM_CLADRATE,10d high wind nail,245.152152
OH,COM_CLADRATE,6d any nail,214.652626
OH,COM_CLADRATE,8d high wind nail,217.610879
OH,COM_CLADRATE,8d minimum nail,232.864759
OH,COM_CLADRATE,Batten decking,225.507566
OH,COM_CLADRATE,Lumber and groove,231.723155
OH,COM_CLADSYS,Vinyl siding,456.314401
OH,COM_CLADSYS,EIFS,420.554799
OH,COM_CLADSYS,Wood,413.377698
OH,COM_CLADSYS,Metal sheathing,405.443502
OH,COM_CLADSYS,Impact rated glazing,390.105002
OH,COM_CLADSYS,Stucco,393.163143
OH,COM_CLADSYS,Brick veneer,434.4063
OH,COM_CLADSYS,Concrete block,416.501509
OH,COM_CONSTQUALI,Signs of distress,340.462894
OH,COM_CONSTQUALI,WH Roof existing,360.77997
OH,COM_CONSTQUALI,Wind Roof existing,353.488098
OH,COM_CONSTQUALI,Wind Gold existing,310.052016
OH,COM_CONSTQUALI,Wind Silver existing,318.060992
OH,COM_CONSTQUALI,WH Gold existing,306.621801
OH,COM_CONSTQUALI,WH Silver existing,354.050541
OH,COM_EXTORN,Extensive ornamentation,242.893386
OH,COM_EXTORN,Extensive ornamentation and LPS,248.678212
OH,COM_EXTORN,Large signs,251.839816
OH,COM_EXTORN,Large signs and LPS,287.636431
OH,COM_EXTORN,Lightning protection,271.875952
OH,COM_FOUNDSYS,Bolted,388.239601
OH,COM_FOUNDSYS,Engineered,403.993217
OH,COM_FOUNDSYS,Unbolted,386.071646
OH,COM_GARAGING,Attached garage,384.342721
OH,COM_GARAGING,Detached garage,406.575778
OH,COM_GARAGING,No garage,386.889716
OH,COM_MECHGROUND,Generally unprotected,204.637284
OH,COM_MECHGROUND,Generally protected,208.609811
OH,COM_RESISTOPEN,Pressure small missile rated,302.29402
OH,COM_RESISTOPEN,Pressure medium missile rated,295.134711
OH,COM_RESISTOPEN,All openings pressure small missile rated,344.641507
OH,COM_RESISTOPEN,All openings pressure medium missile rated,308.86847
OH,COM_RESISTOPEN,All openings pressure large missile rated,335.388693
OH,COM_ROOFAGE,0 to 5 years,510.026451
OH,COM_ROOFAGE,6 to 10 years,514.203659
OH,COM_ROOFAGE,11 years or more,547.34285
OH,COM_ROOFANCH,Clips,209.131679
OH,COM_ROOFANCH,Double wraps,211.781212
OH,COM_ROOFANCH,Single wraps,183.408643
OH,COM_ROOFANCH,Structural,203.787303
OH,COM_ROOFANCH,Toenailing no anchorage,183.288095
OH,COM_ROOFEQUIP,No equipment present,289.061041
OH,COM_ROOFEQUIP,Roof mounted photovoltaic array,280.193039
OH,COM_ROOFEQUIP,Roof mounted impact resistant array,260.964603
OH,COM_ROOFEQUIP,Roof mounted mechanically attached array,292.749435
OH,COM_ROOFGEOM,Complex roof,329.830561
OH,COM_ROOFGEOM,Flat roof no parapets,358.749334
OH,COM_ROOFGEOM,Flat roof parapets,354.727239
OH,COM_ROOFGEOM,Gable roof LE6:12,342.649936
OH,COM_ROOFGEOM,Braced gable LE6:12,352.435257
OH,COM_ROOFGEOM,Gable roof GT6:12,325.758314
OH,COM_ROOFGEOM,Braced gable GT6:12,334.741552
OH,COM_ROOFGEOM,Hip roof LE6:12,367.274553
OH,COM_ROOFGEOM,Hip roof GT6:12,339.565291
OH,COM_ROOFMAINT,Excellent condition,200.652071
OH,COM_ROOFMAINT,No deterioration or defects,202.522234
OH,COM_ROOFMAINT,Visible defects,190.960375
OH,COM_ROOFMAINT,Significant signs of distress,200.385003
OH,COM_ROOFSYS,Built up or single ply,314.593929
OH,COM_ROOFSYS,Built up with gutters,310.832306
OH,COM_ROOFSYS,Built up without gutters,357.590672
OH,COM_ROOFSYS,Built up unknown gutters,332.841919
OH,COM_ROOFSYS,High wind shingle,318.347671
OH,COM_ROOFSYS,High wind shingle plus SWR,323.965238
OH,COM_ROOFSYS,Normal shingle,295.641603
OH,COM_ROOFSYS,Normal shingle plus SWR,315.959489
OH,COM_ROOFSYS,Metal concealed fasteners,320.784195
OH,COM_ROOFSYS,Metal exposed fasteners,329.954013
OH,COM_ROOFSYS,Metal unknown fasteners,333.730188
OH,COM_ROOFSYS,Wood shakes,307.154192
OH,COM_ROOFSYS,Concrete roof,347.907597
OH,COM_ROOFSYS,Hail class 1,306.595411
OH,COM_ROOFSYS,Hail class 2,342.380283
OH,COM_ROOFSYS,Hail class 3,352.414437
OH,COM_ROOFSYS,Hail class 4,311.540842
OH,COM_ROOFSYS,Rubber roof,305.157657
OH,COM_ROOFSYS,Green roof,356.834605
OH,COM_ROOFSYS,Bermuda style roof,333.457463
OH,COM_ROOFSYS,Concrete tiles,354.928259
OH,COM_ROOFSYS,Slate tile,303.68448
OH,COM_ROOFSYS,Fabric membrane,312.267549
OH,COM_ROOFSYS,Solar tile,319.458452
OH,COM_TODMGPROVISION,Cosmetic damage Fully covered,426.514948
OH,COM_TODMGPROVISION,Cosmetic damage Mostly covered,391.002843
OH,COM_TODMGPROVISION,Cosmetic damage Default,385.492691
OH,COM_TODMGPROVISION,Cosmetic damage Rarely covered,432.238054
OH,COM_TODMGPROVISION,Cosmetic damage Excluded,432.494387
OH,COM_TOFLASHING,Compliant with ES1,419.445847
OH,COM_TOFLASHING,Not compliant with ES1,435.893984
OH,COM_TREEDENSITY,High tree risk high shielding,217.403514
OH,COM_TREEDENSITY,Some trees some shielding,237.948016
OH,COM_TREEDENSITY,No trees no shielding,215.044704
OH,SFD_Unknown,Unknown,579.398483
OH,SFD_ARCHITECT,Attached screen,595.554983
OH,SFD_ARCHITECT,Detached screen,638.637717
OH,SFD_ARCHITECT,Fences,580.432813
OH,SFD_ARCHITECT,None,616.6887
OH,SFD_ARCHITECT,Skylights,638.849122
OH,SFD_ARCHITECT,Skylights protection,626.686071
OH,SFD_CLADRATE,10d high wind nail,585.604184
OH,SFD_CLADRATE,6d any nail,602.153382
OH,SFD_CLADRATE,8d high wind nail,546.750662
OH,SFD_CLADRATE,8d minimum nail,549.463412
OH,SFD_CLADRATE,Batten decking,553.273831
OH,SFD_CLADRATE,Lumber and groove,564.773133
OH,SFD_CLADSYS,Vinyl siding,613.312404
OH,SFD_CLADSYS,EIFS,629.029442
OH,SFD_CLADSYS,Wood,642.713498
OH,SFD_CLADSYS,Metal sheathing,660.093241
OH,SFD_CLADSYS,Impact rated glazing,608.506477
OH,SFD_CLADSYS,Stucco,548.558668
OH,SFD_CLADSYS,Brick veneer,559.606349
OH,SFD_CLADSYS,Concrete block,582.257509
OH,SFD_CONSTQUALI,Signs of distress,551.789637
OH,SFD_CONSTQUALI,WH Roof existing,593.668866
OH,SFD_CONSTQUALI,Wind Roof existing,577.137543
OH,SFD_CONSTQUALI,Wind Gold existing,575.411037
OH,SFD_CONSTQUALI,Wind Silver existing,514.262153
OH,SFD_CONSTQUALI,WH Gold existing,584.971094
OH,SFD_CONSTQUALI,WH Silver existing,563.048065
OH,SFD_EXTORN,Extensive ornamentation,589.631041
OH,SFD_EXTORN,Extensive ornamentation and LPS,643.843329
OH,SFD_EXTORN,Large signs,625.568738
OH,SFD_EXTORN,Large signs and LPS,671.272791
OH,SFD_EXTORN,Lightning protection,569.933614
OH,SFD_FOUNDSYS,Bolted,560.443879
OH,SFD_FOUNDSYS,Engineered,612.500263
OH,SFD_FOUNDSYS,Unbolted,565.23051
OH,SFD_GARAGING,Attached garage,582.371694
OH,SFD_GARAGING,Detached garage,573.897371
OH,SFD_GARAGING,No garage,607.499166
OH,SFD_MECHGROUND,Generally unprotected,555.943296
OH,SFD_MECHGROUND,Generally protected,615.952834
OH,SFD_RESISTOPEN,Pressure small missile rated,595.889233
OH,SFD_RESISTOPEN,Pressure medium missile rated,622.600071
OH,SFD_RESISTOPEN,All openings pressure small missile rated,608.226756
OH,SFD_RESISTOPEN,All openings pressure medium missile rated,607.737962
OH,SFD_RESISTOPEN,All openings pressure large missile rated,584.163983
OH,SFD_ROOFAGE,0 to 5 years,338.570936
OH,SFD_ROOFAGE,6 to 10 years,325.764866
OH,SFD_ROOFAGE,11 years or more,327.962895
OH,SFD_ROOFANCH,Clips,367.981602
OH,SFD_ROOFANCH,Double wraps,334.483954
OH,SFD_ROOFANCH,Single wraps,334.941232
OH,SFD_ROOFANCH,Structural,343.635814
OH,SFD_ROOFANCH,Toenailing no anchorage,366.279462
OH,SFD_ROOFEQUIP,No equipment present,890.200502
OH,SFD_ROOFEQUIP,Roof mounted photovoltaic array,886.291867
OH,SFD_ROOFEQUIP,Roof mounted impact resistant array,817.015529
OH,SFD_ROOFEQUIP,Roof mounted mechanically attached array,859.025428
OH,SFD_ROOFGEOM,Complex roof,559.313101
OH,SFD_ROOFGEOM,Flat roof no parapets,542.362459
OH,SFD_ROOFGEOM,Flat roof parapets,505.642329
OH,SFD_ROOFGEOM,Gable roof LE6:12,514.890794
OH,SFD_ROOFGEOM,Braced gable LE6:12,538.360414
OH,SFD_ROOFGEOM,Gable roof GT6:12,544.409682
OH,SFD_ROOFGEOM,Braced gable GT6:12,547.677598
OH,SFD_ROOFGEOM,Hip roof LE6:12,504.490584
OH,SFD_ROOFGEOM,Hip roof GT6:12,499.37637
OH,SFD_ROOFMAINT,Excellent condition,527.4915
OH,SFD_ROOFMAINT,No deterioration or defects,523.032185
OH,SFD_ROOFMAINT,Visible defects,537.022509
OH,SFD_ROOFMAINT,Significant signs of distress,603.032249
OH,SFD_ROOFSYS,Built up or single ply,701.504994
OH,SFD_ROOFSYS,Built up with gutters,700.453499
OH,SFD_ROOFSYS,Built up without gutters,719.192319
OH,SFD_ROOFSYS,Built up unknown gutters,839.638637
OH,SFD_ROOFSYS,High wind shingle,755.60717
OH,SFD_ROOFSYS,High wind shingle plus SWR,795.71827
OH,SFD_ROOFSYS,Normal shingle,736.077958
OH,SFD_ROOFSYS,Normal shingle plus SWR,811.33008
OH,SFD_ROOFSYS,Metal concealed fasteners,839.968798
OH,SFD_ROOFSYS,Metal exposed fasteners,804.787538
OH,SFD_ROOFSYS,Metal unknown fasteners,772.427797
OH,SFD_ROOFSYS,Wood shakes,789.380794
OH,SFD_ROOFSYS,Concrete roof,797.687981
OH,SFD_ROOFSYS,Hail class 1,699.423641
OH,SFD_ROOFSYS,Hail class 2,816.579844
OH,SFD_ROOFSYS,Hail class 3,779.037992
OH,SFD_ROOFSYS,Hail class 4,785.598517
OH,SFD_ROOFSYS,Rubber roof,773.014136
OH,SFD_ROOFSYS,Green roof,827.662721
OH,SFD_ROOFSYS,Bermuda style roof,704.001439
OH,SFD_ROOFSYS,Concrete tiles,802.546282
OH,SFD_ROOFSYS,Slate tile,820.376731
OH,SFD_ROOFSYS,Fabric membrane,816.136912
OH,SFD_ROOFSYS,Solar tile,709.423502
OH,SFD_TODMGPROVISION,Cosmetic damage Fully covered,607.289233
OH,SFD_TODMGPROVISION,Cosmetic damage Mostly covered,578.063935
OH,SFD_TODMGPROVISION,Cosmetic damage Default,568.766038
OH,SFD_TODMGPROVISION,Cosmetic damage Rarely covered,563.453668
OH,SFD_TODMGPROVISION,Cosmetic damage Excluded,599.933963
OH,SFD_TOFLASHING,Compliant with ES1,657.601446
OH,SFD_TOFLASHING,Not compliant with ES1,667.071504
OH,SFD_TREEDENSITY,High tree risk high shielding,731.07124
OH,SFD_TREEDENSITY,Some trees some shielding,763.794052
OH,SFD_TREEDENSITY,No trees no shielding,803.129999
OK,COM_Unknown,Unknown,551.669933
OK,COM_ARCHITECT,Attached screen,426.383958
OK,COM_ARCHITECT,Detached screen,400.811834
OK,COM_ARCHITECT,Fences,383.596379
OK,COM_ARCHITECT,None,384.592645
OK,COM_ARCHITECT,Skylights,372.055174
OK,COM_ARCHITECT,Skylights protection,375.160623
OK,COM_CLADRATE,10d high wind nail,306.230936
OK,COM_CLADRATE,6d any nail,333.254517
OK,COM_CLADRATE,8d high wind nail,321.974459
OK,COM_CLADRATE,8d minimum nail,346.157828
OK,COM_CLADRATE,Batten decking,347.450633
OK,COM_CLADRATE,Lumber and groove,298.09196
OK,COM_CLADSYS,Vinyl siding,597.163896
OK,COM_CLADSYS,EIFS,591.908156
OK,COM_CLADSYS,Wood,619.037165
OK,COM_CLADSYS,Metal sheathing,602.464131
OK,COM_CLADSYS,Impact rated glazing,562.35091
OK,COM_CLADSYS,Stucco,631.886126
OK,COM_CLADSYS,Brick veneer,549.547551
OK,COM_CLADSYS,Concrete block,586.802527
OK,COM_CONSTQUALI,Signs of distress,507.555848
OK,COM_CONSTQUALI,WH Roof existing,482.682391
OK,COM_CONSTQUALI,Wind Roof existing,442.544725
OK,COM_CONSTQUALI,Wind Gold existing,482.943435
OK,COM_CONSTQUALI,Wind Silver existing,510.0338
OK,COM_CONSTQUALI,WH Gold existing,467.65975
OK,COM_CONSTQUALI,WH Silver existing,488.197644
OK,COM_EXTORN,Extensive ornamentation,360.482729
OK,COM_EXTORN,Extensive ornamentation and LPS,354.693872
OK,COM_EXTORN,Large signs,350.630372
OK,COM_EXTORN,Large signs and LPS,410.887043
OK,COM_EXTORN,Lightning protection,377.650265
OK,COM_FOUNDSYS,Bolted,593.726211
OK,COM_FOUNDSYS,Engineered,539.959952
OK,COM_FOUNDSYS,Unbolted,579.805632
OK,COM_GARAGING,Attached garage,535.150848
OK,COM_GARAGING,Detached garage,582.39046
OK,COM_GARAGING,No garage,553.007836
OK,COM_MECHGROUND,Generally unprotected,271.599906
OK,COM_MECHGROUND,Generally protected,294.170573
OK,COM_RESISTOPEN,Pressure small missile rated,492.309724
OK,COM_RESISTOPEN,Pressure medium missile rated,462.456894
OK,COM_RESISTOPEN,All openings pressure small missile rated,435.44982
OK,COM_RESISTOPEN,All openings pressure medium missile rated,464.569568
OK,COM_RESISTOPEN,All openings pressure large missile rated,427.434278
OK,COM_ROOFAGE,0 to 5 years,819.407198
OK,COM_ROOFAGE,6 to 10 years,794.037214
OK,COM_ROOFAGE,11 years or more,781.618024
OK,COM_ROOFANCH,Clips,294.200935
OK,COM_ROOFANCH,Double wraps,291.473079
OK,COM_ROOFANCH,Single wraps,261.460626
OK,COM_ROOFANCH,Structural,294.880858
OK,COM_ROOFANCH,Toenailing no anchorage,282.297681
OK,COM_ROOFEQUIP,No equipment present,388.005755
OK,COM_ROOFEQUIP,Roof mounted photovoltaic array,399.249483
OK,COM_ROOFEQUIP,Roof mounted impact resistant array,416.236811
OK,COM_ROOFEQUIP,Roof mounted mechanically attached array,387.045411
OK,COM_ROOFGEOM,Complex roof,510.718523
OK,COM_ROOFGEOM,Flat roof no parapets,480.320372
OK,COM_ROOFGEOM,Flat roof parapets,454.345086
OK,COM_ROOFGEOM,Gable roof LE6:12,481.599993
OK,COM_ROOFGEOM,Braced gable LE6:12,517.662115
OK,COM_ROOFGEOM,Gable roof GT6:12,501.133336
OK,COM_ROOFGEOM,Braced gable GT6:12,473.515246
OK,COM_ROOFGEOM,Hip roof LE6:12,470.487618
OK,COM_ROOFGEOM,Hip roof GT6:12,542.023536
OK,COM_ROOFMAINT,Excellent condition,274.381212
OK,COM_ROOFMAINT,No deterioration or defects,263.20404
OK,COM_ROOFMAINT,Visible defects,258.664958
OK,COM_ROOFMAINT,Significant signs of distress,277.94518
OK,COM_ROOFSYS,Built up or single ply,519.262352
OK,COM_ROOFSYS,Built up with gutters,465.844867
OK,COM_ROOFSYS,Built up without gutters,485.210958
OK,COM_ROOFSYS,Built up unknown gutters,509.621466
OK,COM_ROOFSYS,High wind shingle,525.604036
OK,COM_ROOFSYS,High wind shingle plus SWR,496.538554
OK,COM_ROOFSYS,Normal shingle,488.477708
OK,COM_ROOFSYS,Normal shingle plus SWR,523.293854
OK,COM_ROOFSYS,Metal concealed fasteners,520.826629
OK,COM_ROOFSYS,Metal exposed fasteners,456.916675
OK,COM_ROOFSYS,Metal unknown fasteners,500.114482
OK,COM_ROOFSYS,Wood shakes,450.478868
OK,COM_ROOFSYS,Concrete roof,466.999545
OK,COM_ROOFSYS,Hail class 1,522.613447
OK,COM_ROOFSYS,Hail class 2,517.648675
OK,COM_ROOFSYS,Hail class 3,455.5211
OK,COM_ROOFSYS,Hail class 4,519.186419
OK,COM_ROOFSYS,Rubber roof,445.146417
OK,COM_ROOFSYS,Green roof,455.139256
OK,COM_ROOFSYS,Bermuda style roof,515.310836
OK,COM_ROOFSYS,Concrete tiles,497.220541
OK,COM_ROOFSYS,Slate tile,485.287841
OK,COM_ROOFSYS,Fabric membrane,529.987994
OK,COM_ROOFSYS,Solar tile,535.500619
OK,COM_TODMGPROVISION,Cosmetic damage Fully covered,624.094304
OK,COM_TODMGPROVISION,Cosmetic damage Mostly covered,638.552192
OK,COM_TODMGPROVISION,Cosmetic damage Default,590.981351
OK,COM_TODMGPROVISION,Cosmetic damage Rarely covered,657.838699
OK,COM_TODMGPROVISION,Cosmetic damage Excluded,579.222483
OK,COM_TOFLASHING,Compliant with ES1,622.579842
OK,COM_TOFLASHING,Not compliant with ES1,518.707129
OK,COM_TREEDENSITY,High tree risk high shielding,332.968926
OK,COM_TREEDENSITY,Some trees some shielding,353.689557
OK,COM_TREEDENSITY,No trees no shielding,357.99325
OK,SFD_Unknown,Unknown,320.035557
OK,SFD_ARCHITECT,Attached screen,346.359076
OK,SFD_ARCHITECT,Detached screen,352.959696
OK,SFD_ARCHITECT,Fences,393.736701
OK,SFD_ARCHITECT,None,349.608362
OK,SFD_ARCHITECT,Skylights,342.300273
OK,SFD_ARCHITECT,Skylights protection,326.543027
OK,SFD_CLADRATE,10d high wind nail,334.771702
OK,SFD_CLADRATE,6d any nail,325.951658
OK,SFD_CLADRATE,8d high wind nail,294.981914
OK,SFD_CLADRATE,8d minimum nail,347.407701
OK,SFD_CLADRATE,Batten decking,290.380829
OK,SFD_CLADRATE,Lumber and groove,331.008983
OK,SFD_CLADSYS,Vinyl siding,351.486716
OK,SFD_CLADSYS,EIFS,308.924361
OK,SFD_CLADSYS,Wood,304.788477
OK,SFD_CLADSYS,Metal sheathing,329.211996
OK,SFD_CLADSYS,Impact rated glazing,292.380887
OK,SFD_CLADSYS,Stucco,293.572551
OK,SFD_CLADSYS,Brick veneer,342.13477
OK,SFD_CLADSYS,Concrete block,298.250266
OK,SFD_CONSTQUALI,Signs of distress,291.940087
OK,SFD_CONSTQUALI,WH Roof existing,279.582318
OK,SFD_CONSTQUALI,Wind Roof existing,305.517931
OK,SFD_CONSTQUALI,Wind Gold existing,318.540691
OK,SFD_CONSTQUALI,Wind Silver existing,326.101359
OK,SFD_CONSTQUALI,WH Gold existing,303.216827
OK,SFD_CONSTQUALI,WH Silver existing,292.316874
OK,SFD_EXTORN,Extensive ornamentation,371.615639
OK,SFD_EXTORN,Extensive ornamentation and LPS,393.5262
OK,SFD_EXTORN,Large signs,389.710791
OK,SFD_EXTORN,Large signs and LPS,385.923936
OK,SFD_EXTORN,Lightning protection,326.689296
OK,SFD_FOUNDSYS,Bolted,330.833359
OK,SFD_FOUNDSYS,Engineered,351.032542
OK,SFD_FOUNDSYS,Unbolted,356.504258
OK,SFD_GARAGING,Attached garage,296.00096
OK,SFD_GARAGING,Detached garage,327.830251
OK,SFD_GARAGING,No garage,316.836223
OK,SFD_MECHGROUND,Generally unprotected,343.419949
OK,SFD_MECHGROUND,Generally protected,368.86409
OK,SFD_RESISTOPEN,Pressure small missile rated,323.558488
OK,SFD_RESISTOPEN,Pressure medium missile rated,350.604334
OK,SFD_RESISTOPEN,All openings pressure small missile rated,347.240646
OK,SFD_RESISTOPEN,All openings pressure medium missile rated,336.493136
OK,SFD_RESISTOPEN,All openings pressure large missile rated,313.125284
OK,SFD_ROOFAGE,0 to 5 years,202.263525
OK,SFD_ROOFAGE,6 to 10 years,193.158495
OK,SFD_ROOFAGE,11 years or more,182.78489
OK,SFD_ROOFANCH,Clips,187.194594
OK,SFD_ROOFANCH,Double wraps,204.039025
OK,SFD_ROOFANCH,Single wraps,185.604356
OK,SFD_ROOFANCH,Structural,196.146673
OK,SFD_ROOFANCH,Toenailing no anchorage,201.850856
OK,SFD_ROOFEQUIP,No equipment present,406.28131
OK,SFD_ROOFEQUIP,Roof mounted photovoltaic array,408.620094
OK,SFD_ROOFEQUIP,Roof mounted impact resistant array,405.677618
OK,SFD_ROOFEQUIP,Roof mounted mechanically attached array,400.283426
OK,SFD_ROOFGEOM,Complex roof,273.91111
OK,SFD_ROOFGEOM,Flat roof no parapets,300.574135
OK,SFD_ROOFGEOM,Flat roof parapets,281.567493
OK,SFD_ROOFGEOM,Gable roof LE6:12,308.004705
OK,SFD_ROOFGEOM,Braced gable LE6:12,295.653881
OK,SFD_ROOFGEOM,Gable roof GT6:12,282.0815
OK,SFD_ROOFGEOM,Braced gable GT6:12,314.871854
OK,SFD_ROOFGEOM,Hip roof LE6:12,311.953645
OK,SFD_ROOFGEOM,Hip roof GT6:12,303.066933
OK,SFD_ROOFMAINT,Excellent condition,280.931669
OK,SFD_ROOFMAINT,No deterioration or defects,275.029782
OK,SFD_ROOFMAINT,Visible defects,317.119962
OK,SFD_ROOFMAINT,Significant signs of distress,300.567713
OK,SFD_ROOFSYS,Built up or single ply,467.67041
OK,SFD_ROOFSYS,Built up with gutters,414.442813
OK,SFD_ROOFSYS,Built up without gutters,406.597542
OK,SFD_ROOFSYS,Built up unknown gutters,411.289653
OK,SFD_ROOFSYS,High wind shingle,405.111643
OK,SFD_ROOFSYS,High wind shingle plus SWR,444.295352
OK,SFD_ROOFSYS,Normal shingle,446.731798
OK,SFD_ROOFSYS,Normal shingle plus SWR,403.540367
OK,SFD_ROOFSYS,Metal concealed fasteners,461.51115
OK,SFD_ROOFSYS,Metal exposed fasteners,482.744198
OK,SFD_ROOFSYS,Metal unknown fasteners,401.423543
OK,SFD_ROOFSYS,Wood shakes,468.917568
OK,SFD_ROOFSYS,Concrete roof,404.491055
OK,SFD_ROOFSYS,Hail class 1,477.410905
OK,SFD_ROOFSYS,Hail class 2,455.843475
OK,SFD_ROOFSYS,Hail class 3,443.793872
OK,SFD_ROOFSYS,Hail class 4,472.939663
OK,SFD_ROOFSYS,Rubber roof,476.621841
OK,SFD_ROOFSYS,Green roof,431.876083
OK,SFD_ROOFSYS,Bermuda style roof,456.601585
OK,SFD_ROOFSYS,Concrete tiles,479.356459
OK,SFD_ROOFSYS,Slate tile,475.819008
OK,SFD_ROOFSYS,Fabric membrane,424.5814
OK,SFD_ROOFSYS,Solar tile,422.423618
OK,SFD_TODMGPROVISION,Cosmetic damage Fully covered,332.110955
OK,SFD_TODMGPROVISION,Cosmetic damage Mostly covered,377.345899
OK,SFD_TODMGPROVISION,Cosmetic damage Default,361.911915
OK,SFD_TODMGPROVISION,Cosmetic damage Rarely covered,346.388723
OK,SFD_TODMGPROVISION,Cosmetic damage Excluded,323.341708
OK,SFD_TOFLASHING,Compliant with ES1,375.859026
OK,SFD_TOFLASHING,Not compliant with ES1,321.682232
OK,SFD_TREEDENSITY,High tree risk high shielding,423.186072
OK,SFD_TREEDENSITY,Some trees some shielding,442.415093
OK,SFD_TREEDENSITY,No trees no shielding,400.707039
OR,COM_Unknown,Unknown,266.188566
OR,COM_ARCHITECT,Attached screen,204.53028
OR,COM_ARCHITECT,Detached screen,174.812827
OR,COM_ARCHITECT,Fences,180.170035
OR,COM_ARCHITECT,None,183.79674
OR,COM_ARCHITECT,Skylights,185.443278
OR,COM_ARCHITECT,Skylights protection,189.765104
OR,COM_CLADRATE,10d high wind nail,177.382011
OR,COM_CLADRATE,6d any nail,163.125494
OR,COM_CLADRATE,8d high wind nail,166.062182
OR,COM_CLADRATE,8d minimum nail,166.544247
OR,COM_CLADRATE,Batten decking,163.874896
OR,COM_CLADRATE,Lumber and groove,159.809028
OR,COM_CLADSYS,Vinyl siding,311.054571
OR,COM_CLADSYS,EIFS,321.718658
OR,COM_CLADSYS,Wood,288.958802
OR,COM_CLADSYS,Metal sheathing,290.896222
OR,COM_CLADSYS,Impact rated glazing,291.687078
OR,COM_CLADSYS,Stucco,315.185164
OR,COM_CLADSYS,Brick veneer,293.788009
OR,COM_CLADSYS,Concrete block,303.819986
OR,COM_CONSTQUALI,Signs of distress,233.933063
OR,COM_CONSTQUALI,WH Roof existing,244.128864
OR,COM_CONSTQUALI,Wind Roof existing,213.112284
OR,COM_CONSTQUALI,Wind Gold existing,228.428386
OR,COM_CONSTQUALI,Wind Silver existing,219.667561
OR,COM_CONSTQUALI,WH Gold existing,239.435839
OR,COM_CONSTQUALI,WH Silver existing,225.420568
OR,COM_EXTORN,Extensive ornamentation,174.695813
OR,COM_EXTORN,Extensive ornamentation and LPS,193.899588
OR,COM_EXTORN,Large signs,174.292965
OR,COM_EXTORN,Large signs and LPS,194.570989
OR,COM_EXTORN,Lightning protection,182.476827
OR,COM_FOUNDSYS,Bolted,288.744517
OR,COM_FOUNDSYS,Engineered,287.106728
OR,COM_FOUNDSYS,Unbolted,253.490889
OR,COM_GARAGING,Attached garage,276.618328
OR,COM_GARAGING,Detached garage,265.022381
OR,COM_GARAGING,No garage,269.632204
OR,COM_MECHGROUND,Generally unprotected,140.926721
OR,COM_MECHGROUND,Generally protected,124.627394
OR,COM_RESISTOPEN,Pressure small missile rated,253.254347
OR,COM_RESISTOPEN,Pressure medium missile rated,232.243558
OR,COM_RESISTOPEN,All openings pressure small missile rated,231.483379
OR,COM_RESISTOPEN,All openings pressure medium missile rated,225.008652
OR,COM_RESISTOPEN,All openings pressure large missile rated,233.896413
OR,COM_ROOFAGE,0 to 5 years,349.668307
OR,COM_ROOFAGE,6 to 10 years,400.75428
OR,COM_ROOFAGE,11 years or more,399.29188
OR,COM_ROOFANCH,Clips,143.977803
OR,COM_ROOFANCH,Double wraps,153.683654
OR,COM_ROOFANCH,Single wraps,143.654934
OR,COM_ROOFANCH,Structural,139.692618
OR,COM_ROOFANCH,Toenailing no anchorage,134.553765
OR,COM_ROOFEQUIP,No equipment present,184.388249
OR,COM_ROOFEQUIP,Roof mounted photovoltaic array,192.75114
OR,COM_ROOFEQUIP,Roof mounted impact resistant array,185.66684
OR,COM_ROOFEQUIP,Roof mounted mechanically attached array,177.608338
OR,COM_ROOFGEOM,Complex roof,210.018223
OR,COM_ROOFGEOM,Flat roof no parapets,227.865994
OR,COM_ROOFGEOM,Flat roof parapets,215.278252
OR,COM_ROOFGEOM,Gable roof LE6:12,251.500763
OR,COM_ROOFGEOM,Braced gable LE6:12,249.168584
OR,COM_ROOFGEOM,Gable roof GT6:12,230.308748
OR,COM_ROOFGEOM,Braced gable GT6:12,250.333843
OR,COM_ROOFGEOM,Hip roof LE6:12,238.895279
OR,COM_ROOFGEOM,Hip roof GT6:12,236.513195
OR,COM_ROOFMAINT,Excellent condition,132.901645
OR,COM_ROOFMAINT,No deterioration or defects,139.556998
OR,COM_ROOFMAINT,Visible defects,124.454472
OR,COM_ROOFMAINT,Significant signs of distress,126.042091
OR,COM_ROOFSYS,Built up or single ply,232.12558
OR,COM_ROOFSYS,Built up with gutters,211.63508
OR,COM_ROOFSYS,Built up without gutters,205.457679
OR,COM_ROOFSYS,Built up unknown gutters,209.65079
OR,COM_ROOFSYS,High wind shingle,234.067464
OR,COM_ROOFSYS,High wind shingle plus SWR,214.236356
OR,COM_ROOFSYS,Normal shingle,230.929541
OR,COM_ROOFSYS,Normal shingle plus SWR,212.990558
OR,COM_ROOFSYS,Metal concealed fasteners,201.578324
OR,COM_ROOFSYS,Metal exposed fasteners,232.413757
OR,COM_ROOFSYS,Metal unknown fasteners,210.3875
OR,COM_ROOFSYS,Wood shakes,235.90597
OR,COM_ROOFSYS,Concrete roof,207.87942
OR,COM_ROOFSYS,Hail class 1,243.321488
OR,COM_ROOFSYS,Hail class 2,237.580857
OR,COM_ROOFSYS,Hail class 3,201.392115
OR,COM_ROOFSYS,Hail class 4,232.946792
OR,COM_ROOFSYS,Rubber roof,231.89121
OR,COM_ROOFSYS,Green roof,210.425734
OR,COM_ROOFSYS,Bermuda style roof,217.830605
OR,COM_ROOFSYS,Concrete tiles,219.659613
OR,COM_ROOFSYS,Slate tile,218.719985
OR,COM_ROOFSYS,Fabric membrane,236.036413
OR,COM_ROOFSYS,Solar tile,203.320414
OR,COM_TODMGPROVISION,Cosmetic damage Fully covered,294.987762
OR,COM_TODMGPROVISION,Cosmetic damage Mostly covered,296.469378
OR,COM_TODMGPROVISION,Cosmetic damage Default,279.134039
OR,COM_TODMGPROVISION,Cosmetic damage Rarely covered,302.325897
OR,COM_TODMGPROVISION,Cosmetic damage Excluded,303.985108
OR,COM_TOFLASHING,Compliant with ES1,278.740394
OR,COM_TOFLASHING,Not compliant with ES1,279.32345
OR,COM_TREEDENSITY,High tree risk high shielding,150.177233
OR,COM_TREEDENSITY,Some trees some shielding,149.001773
OR,COM_TREEDENSITY,No trees no shielding,163.341592
OR,SFD_Unknown,Unknown,506.934907
OR,SFD_ARCHITECT,Attached screen,521.139872
OR,SFD_ARCHITECT,Detached screen,598.701438
OR,SFD_ARCHITECT,Fences,550.867375
OR,SFD_ARCHITECT,None,603.125826
OR,SFD_ARCHITECT,Skylights,619.951719
OR,SFD_ARCHITECT,Skylights protection,571.756877
OR,SFD_CLADRATE,10d high wind nail,571.857463
OR,SFD_CLADRATE,6d any nail,547.32864
OR,SFD_CLADRATE,8d high wind nail,529.730561
OR,SFD_CLADRATE,8d minimum nail,489.187995
OR,SFD_CLADRATE,Batten decking,538.189381
OR,SFD_CLADRATE,Lumber and groove,569.192274
OR,SFD_CLADSYS,Vinyl siding,563.947379
OR,SFD_CLADSYS,EIFS,503.737303
OR,SFD_CLADSYS,Wood,515.672922
OR,SFD_CLADSYS,Metal sheathing,550.405708
OR,SFD_CLADSYS,Impact rated glazing,554.246531
OR,SFD_CLADSYS,Stucco,530.640872
OR,SFD_CLADSYS,Brick veneer,527.934227
OR,SFD_CLADSYS,Concrete block,552.93502
OR,SFD_CONSTQUALI,Signs of distress,486.277502
OR,SFD_CONSTQUALI,WH Roof existing,458.572916
OR,SFD_CONSTQUALI,Wind Roof existing,471.486989
OR,SFD_CONSTQUALI,Wind Gold existing,504.268294
OR,SFD_CONSTQUALI,Wind Silver existing,449.965386
OR,SFD_CONSTQUALI,WH Gold existing,530.065465
OR,SFD_CONSTQUALI,WH Silver existing,454.390302
OR,SFD_EXTORN,Extensive ornamentation,519.824731
OR,SFD_EXTORN,Extensive ornamentation and LPS,589.210968
OR,SFD_EXTORN,Large signs,588.023186
OR,SFD_EXTORN,Large signs and LPS,590.462413
OR,SFD_EXTORN,Lightning protection,568.277322
OR,SFD_FOUNDSYS,Bolted,564.364267
OR,SFD_FOUNDSYS,Engineered,572.571539
OR,SFD_FOUNDSYS,Unbolted,550.393692
OR,SFD_GARAGING,Attached garage,462.232465
OR,SFD_GARAGING,Detached garage,508.329485
OR,SFD_GARAGING,No garage,464.786962
OR,SFD_MECHGROUND,Generally unprotected,478.902699
OR,SFD_MECHGROUND,Generally protected,530.30388
OR,SFD_RESISTOPEN,Pressure small missile rated,552.578829
OR,SFD_RESISTOPEN,Pressure medium missile rated,576.552809
OR,SFD_RESISTOPEN,All openings pressure small missile rated,527.249125
OR,SFD_RESISTOPEN,All openings pressure medium missile rated,550.994227
OR,SFD_RESISTOPEN,All openings pressure large missile rated,560.942965
OR,SFD_ROOFAGE,0 to 5 years,287.325476
OR,SFD_ROOFAGE,6 to 10 years,268.260465
OR,SFD_ROOFAGE,11 years or more,301.743852
OR,SFD_ROOFANCH,Clips,297.842942
OR,SFD_ROOFANCH,Double wraps,308.168103
OR,SFD_ROOFANCH,Single wraps,275.766078
OR,SFD_ROOFANCH,Structural,303.736604
OR,SFD_ROOFANCH,Toenailing no anchorage,319.93055
OR,SFD_ROOFEQUIP,No equipment present,632.683601
OR,SFD_ROOFEQUIP,Roof mounted photovoltaic array,649.773056
OR,SFD_ROOFEQUIP,Roof mounted impact resistant array,739.653428
OR,SFD_ROOFEQUIP,Roof mounted mechanically attached array,699.461596
OR,SFD_ROOFGEOM,Complex roof,502.304039
OR,SFD_ROOFGEOM,Flat roof no parapets,449.843533
OR,SFD_ROOFGEOM,Flat roof parapets,530.413038
OR,SFD_ROOFGEOM,Gable roof LE6:12,511.808381
OR,SFD_ROOFGEOM,Braced gable LE6:12,474.735122
OR,SFD_ROOFGEOM,Gable roof GT6:12,479.20863
OR,SFD_ROOFGEOM,Braced gable GT6:12,471.732245
OR,SFD_ROOFGEOM,Hip roof LE6:12,437.251806
OR,SFD_ROOFGEOM,Hip roof GT6:12,497.820949
OR,SFD_ROOFMAINT,Excellent condition,445.592218
OR,SFD_ROOFMAINT,No deterioration or defects,422.02506
OR,SFD_ROOFMAINT,Visible defects,498.415742
OR,SFD_ROOFMAINT,Significant signs of distress,444.303415
OR,SFD_ROOFSYS,Built up or single ply,678.254183
OR,SFD_ROOFSYS,Built up with gutters,751.27978
OR,SFD_ROOFSYS,Built up without gutters,711.067979
OR,SFD_ROOFSYS,Built up unknown gutters,672.632225
OR,SFD_ROOFSYS,High wind shingle,748.263791
OR,SFD_ROOFSYS,High wind shingle plus SWR,774.89669
OR,SFD_ROOFSYS,Normal shingle,723.600315
OR,SFD_ROOFSYS,Normal shingle plus SWR,729.84376
OR,SFD_ROOFSYS,Metal concealed fasteners,710.520418
OR,SFD_ROOFSYS,Metal exposed fasteners,808.089392
OR,SFD_ROOFSYS,Metal unknown fasteners,733.346105
OR,SFD_ROOFSYS,Wood shakes,689.915852
OR,SFD_ROOFSYS,Concrete roof,758.779878
OR,SFD_ROOFSYS,Hail class 1,685.569179
OR,SFD_ROOFSYS,Hail class 2,697.84782
OR,SFD_ROOFSYS,Hail class 3,803.662481
OR,SFD_ROOFSYS,Hail class 4,671.535422
OR,SFD_ROOFSYS,Rubber roof,750.132859
OR,SFD_ROOFSYS,Green roof,695.053742
OR,SFD_ROOFSYS,Bermuda style roof,674.573389
OR,SFD_ROOFSYS,Concrete tiles,672.937023
OR,SFD_ROOFSYS,Slate tile,781.523722
OR,SFD_ROOFSYS,Fabric membrane,778.291027
OR,SFD_ROOFSYS,Solar tile,698.971199
OR,SFD_TODMGPROVISION,Cosmetic damage Fully covered,551.350438
OR,SFD_TODMGPROVISION,Cosmetic damage Mostly covered,494.641901
OR,SFD_TODMGPROVISION,Cosmetic damage Default,572.362141
OR,SFD_TODMGPROVISION,Cosmetic damage Rarely covered,501.266196
OR,SFD_TODMGPROVISION,Cosmetic damage Excluded,533.466806
OR,SFD_TOFLASHING,Compliant with ES1,588.361304
OR,SFD_TOFLASHING,Not compliant with ES1,595.001257
OR,SFD_TREEDENSITY,High tree risk high shielding,640.081884
OR,SFD_TREEDENSITY,Some trees some shielding,610.481711
OR,SFD_TREEDENSITY,No trees no shielding,662.436278
PA,COM_Unknown,Unknown,600.903595
PA,COM_ARCHITECT,Attached screen,447.387497
PA,COM_ARCHITECT,Detached screen,435.99919
PA,COM_ARCHITECT,Fences,433.798501
PA,COM_ARCHITECT,None,442.413096
PA,COM_ARCHITECT,Skylights,435.023397
PA,COM_ARCHITECT,Skylights protection,395.343157
PA,COM_CLADRATE,10d high wind nail,345.175947
PA,COM_CLADRATE,6d any nail,352.733064
PA,COM_CLADRATE,8d high wind nail,330.852885
PA,COM_CLADRATE,8d minimum nail,360.905071
PA,COM_CLADRATE,Batten decking,318.854991
PA,COM_CLADRATE,Lumber and groove,319.823268
PA,COM_CLADSYS,Vinyl siding,720.61948
PA,COM_CLADSYS,EIFS,742.561865
PA,COM_CLADSYS,Wood,763.470931
PA,COM_CLADSYS,Metal sheathing,640.909087
PA,COM_CLADSYS,Impact rated glazing,696.671909
PA,COM_CLADSYS,Stucco,675.247244
PA,COM_CLADSYS,Brick veneer,674.566605
PA,COM_CLADSYS,Concrete block,744.139043
PA,COM_CONSTQUALI,Signs of distress,533.44628
PA,COM_CONSTQUALI,WH Roof existing,561.715507
PA,COM_CONSTQUALI,Wind Roof existing,545.291588
PA,COM_CONSTQUALI,Wind Gold existing,518.260159
PA,COM_CONSTQUALI,Wind Silver existing,533.529567
PA,COM_CONSTQUALI,WH Gold existing,541.081049
PA,COM_CONSTQUALI,WH Silver existing,513.873047
PA,COM_EXTORN,Extensive ornamentation,395.254609
PA,COM_EXTORN,Extensive ornamentation and LPS,416.447956
PA,COM_EXTORN,Large signs,417.793685
PA,COM_EXTORN,Large signs and LPS,421.871333
PA,COM_EXTORN,Lightning protection,401.396377
PA,COM_FOUNDSYS,Bolted,585.226277
PA,COM_FOUNDSYS,Engineered,655.915523
PA,COM_FOUNDSYS,Unbolted,660.881721
PA,COM_GARAGING,Attached garage,626.06669
PA,COM_GARAGING,Detached garage,628.399126
PA,COM_GARAGING,No garage,586.564987
PA,COM_MECHGROUND,Generally unprotected,325.270381
PA,COM_MECHGROUND,Generally protected,280.290702
PA,COM_RESISTOPEN,Pressure small missile rated,522.394725
PA,COM_RESISTOPEN,Pressure medium missile rated,508.945086
PA,COM_RESISTOPEN,All openings pressure small missile rated,495.500573
PA,COM_RESISTOPEN,All openings pressure medium missile rated,503.001944
PA,COM_RESISTOPEN,All openings pressure large missile rated,464.679739
PA,COM_ROOFAGE,0 to 5 years,906.483535
PA,COM_ROOFAGE,6 to 10 years,855.899491
PA,COM_ROOFAGE,11 years or more,826.252047
PA,COM_ROOFANCH,Clips,282.59114
PA,COM_ROOFANCH,Double wraps,312.547091
PA,COM_ROOFANCH,Single wraps,339.311481
PA,COM_ROOFANCH,Structural,294.874947
PA,COM_ROOFANCH,Toenailing no anchorage,327.284122
PA,COM_ROOFEQUIP,No equipment present,430.272514
PA,COM_ROOFEQUIP,Roof mounted photovoltaic array,379.345528
PA,COM_ROOFEQUIP,Roof mounted impact resistant array,404.707409
PA,COM_ROOFEQUIP,Roof mounted mechanically attached array,432.323242
PA,COM_ROOFGEOM,Complex roof,506.905298
PA,COM_ROOFGEOM,Flat roof no parapets,517.375918
PA,COM_ROOFGEOM,Flat roof parapets,573.130305
PA,COM_ROOFGEOM,Gable roof LE6:12,496.860423
PA,COM_ROOFGEOM,Braced gable LE6:12,586.500162
PA,COM_ROOFGEOM,Gable roof GT6:12,523.36832
PA,COM_ROOFGEOM,Braced gable GT6:12,585.784234
PA,COM_ROOFGEOM,Hip roof LE6:12,555.303626
PA,COM_ROOFGEOM,Hip roof GT6:12,538.628185
PA,COM_ROOFMAINT,Excellent condition,321.228716
PA,COM_ROOFMAINT,No deterioration or defects,307.3061
PA,COM_ROOFMAINT,Visible defects,276.040444
PA,COM_ROOFMAINT,Significant signs of distress,279.735315
PA,COM_ROOFSYS,Built up or single ply,527.668086
PA,COM_ROOFSYS,Built up with gutters,501.147275
PA,COM_ROOFSYS,Built up without gutters,477.585422
PA,COM_ROOFSYS,Built up unknown gutters,528.366013
PA,COM_ROOFSYS,High wind shingle,456.768021
PA,COM_ROOFSYS,High wind shingle plus SWR,509.925157
PA,COM_ROOFSYS,Normal shingle,463.215295
PA,COM_ROOFSYS,Normal shingle plus SWR,546.223583
PA,COM_ROOFSYS,Metal concealed fasteners,534.416514
PA,COM_ROOFSYS,Metal exposed fasteners,498.696557
PA,COM_ROOFSYS,Metal unknown fasteners,517.078572
PA,COM_ROOFSYS,Wood shakes,532.689226
PA,COM_ROOFSYS,Concrete roof,476.740253
PA,COM_ROOFSYS,Hail class 1,501.280853
PA,COM_ROOFSYS,Hail class 2,455.001596
PA,COM_ROOFSYS,Hail class 3,530.218649
PA,COM_ROOFSYS,Hail class 4,528.393699
PA,COM_ROOFSYS,Rubber roof,466.02433
PA,COM_ROOFSYS,Green roof,527.269412
PA,COM_ROOFSYS,Bermuda style roof,528.592824
PA,COM_ROOFSYS,Concrete tiles,498.163252
PA,COM_ROOFSYS,Slate tile,490.220611
PA,COM_ROOFSYS,Fabric membrane,477.773195
PA,COM_ROOFSYS,Solar tile,521.068126
PA,COM_TODMGPROVISION,Cosmetic damage Fully covered,596.14128
PA,COM_TODMGPROVISION,Cosmetic damage Mostly covered,607.821951
PA,COM_TODMGPROVISION,Cosmetic damage Default,661.626551
PA,COM_TODMGPROVISION,Cosmetic damage Rarely covered,616.958431
PA,COM_TODMGPROVISION,Cosmetic damage Excluded,698.818817
PA,COM_TOFLASHING,Compliant with ES1,727.147903
PA,COM_TOFLASHING,Not compliant with ES1,621.08382
PA,COM_TREEDENSITY,High tree risk high shielding,391.206804
PA,COM_TREEDENSITY,Some trees some shielding,348.188274
PA,COM_TREEDENSITY,No trees no shielding,350.471268
PA,SFD_Unknown,Unknown,535.60225
PA,SFD_ARCHITECT,Attached screen,591.311391
PA,SFD_ARCHITECT,Detached screen,611.097889
PA,SFD_ARCHITECT,Fences,541.783274
PA,SFD_ARCHITECT,None,619.170087
PA,SFD_ARCHITECT,Skylights,587.479372
PA,SFD_ARCHITECT,Skylights protection,576.267657
PA,SFD_CLADRATE,10d high wind nail,570.671345
PA,SFD_CLADRATE,6d any nail,543.052992
PA,SFD_CLADRATE,8d high wind nail,553.204884
PA,SFD_CLADRATE,8d minimum nail,524.792216
PA,SFD_CLADRATE,Batten decking,589.149766
PA,SFD_CLADRATE,Lumber and groove,573.513566
PA,SFD_CLADSYS,Vinyl siding,619.3067
PA,SFD_CLADSYS,EIFS,536.43716
PA,SFD_CLADSYS,Wood,608.398264
PA,SFD_CLADSYS,Metal sheathing,616.547886
PA,SFD_CLADSYS,Impact rated glazing,593.61217
PA,SFD_CLADSYS,Stucco,553.591044
PA,SFD_CLADSYS,Brick veneer,568.322165
PA,SFD_CLADSYS,Concrete block,574.151231
PA,SFD_CONSTQUALI,Signs of distress,556.799502
PA,SFD_CONSTQUALI,WH Roof existing,549.558345
PA,SFD_CONSTQUALI,Wind Roof existing,523.661577
PA,SFD_CONSTQUALI,Wind Gold existing,551.965165
PA,SFD_CONSTQUALI,Wind Silver existing,537.110383
PA,SFD_CONSTQUALI,WH Gold existing,488.277378
PA,SFD_CONSTQUALI,WH Silver existing,460.758663
PA,SFD_EXTORN,Extensive ornamentation,576.018523
PA,SFD_EXTORN,Extensive ornamentation and LPS,577.11057
PA,SFD_EXTORN,Large signs,581.915309
PA,SFD_EXTORN,Large signs and LPS,576.875488
PA,SFD_EXTORN,Lightning protection,638.003936
PA,SFD_FOUNDSYS,Bolted,587.910759
PA,SFD_FOUNDSYS,Engineered,563.030759
PA,SFD_FOUNDSYS,Unbolted,514.376207
PA,SFD_GARAGING,Attached garage,526.704024
PA,SFD_GARAGING,Detached garage,531.287786
PA,SFD_GARAGING,No garage,547.567216
PA,SFD_MECHGROUND,Generally unprotected,586.453172
PA,SFD_MECHGROUND,Generally protected,515.295445
PA,SFD_RESISTOPEN,Pressure small missile rated,609.425552
PA,SFD_RESISTOPEN,Pressure medium missile rated,556.440593
PA,SFD_RESISTOPEN,All openings pressure small missile rated,547.788647
PA,SFD_RESISTOPEN,All openings pressure medium missile rated,574.102288
PA,SFD_RESISTOPEN,All openings pressure large missile rated,580.88648
PA,SFD_ROOFAGE,0 to 5 years,313.344775
PA,SFD_ROOFAGE,6 to 10 years,314.370826
PA,SFD_ROOFAGE,11 years or more,290.299326
PA,SFD_ROOFANCH,Clips,317.052655
PA,SFD_ROOFANCH,Double wraps,334.862906
PA,SFD_ROOFANCH,Single wraps,295.715023
PA,SFD_ROOFANCH,Structural,341.048907
PA,SFD_ROOFANCH,Toenailing no anchorage,335.431272
PA,SFD_ROOFEQUIP,No equipment present,740.179134
PA,SFD_ROOFEQUIP,Roof mounted photovoltaic array,774.412408
PA,SFD_ROOFEQUIP,Roof mounted impact resistant array,702.074784
PA,SFD_ROOFEQUIP,Roof mounted mechanically attached array,722.324364
PA,SFD_ROOFGEOM,Complex roof,449.482293
PA,SFD_ROOFGEOM,Flat roof no parapets,480.148325
PA,SFD_ROOFGEOM,Flat roof parapets,515.891052
PA,SFD_ROOFGEOM,Gable roof LE6:12,483.745587
PA,SFD_ROOFGEOM,Braced gable LE6:12,469.918657
PA,SFD_ROOFGEOM,Gable roof GT6:12,490.420461
PA,SFD_ROOFGEOM,Braced gable GT6:12,504.019567
PA,SFD_ROOFGEOM,Hip roof LE6:12,467.418723
PA,SFD_ROOFGEOM,Hip roof GT6:12,449.51176
PA,SFD_ROOFMAINT,Excellent condition,506.371522
PA,SFD_ROOFMAINT,No deterioration or defects,520.37019
PA,SFD_ROOFMAINT,Visible defects,448.418606
PA,SFD_ROOFMAINT,Significant signs of distress,540.880649
PA,SFD_ROOFSYS,Built up or single ply,693.823459
PA,SFD_ROOFSYS,Built up with gutters,819.062939
PA,SFD_ROOFSYS,Built up without gutters,758.034554
PA,SFD_ROOFSYS,Built up unknown gutters,728.228908
PA,SFD_ROOFSYS,High wind shingle,817.858689
PA,SFD_ROOFSYS,High wind shingle plus SWR,762.510648
PA,SFD_ROOFSYS,Normal shingle,707.936589
PA,SFD_ROOFSYS,Normal shingle plus SWR,708.223318
PA,SFD_ROOFSYS,Metal concealed fasteners,824.292373
PA,SFD_ROOFSYS,Metal exposed fasteners,697.524507
PA,SFD_ROOFSYS,Metal unknown fasteners,743.662126
PA,SFD_ROOFSYS,Wood shakes,753.2109
PA,SFD_ROOFSYS,Concrete roof,806.221869
PA,SFD_ROOFSYS,Hail class 1,796.236713
PA,SFD_ROOFSYS,Hail class 2,832.165472
PA,SFD_ROOFSYS,Hail class 3,714.855778
PA,SFD_ROOFSYS,Hail class 4,814.668168
PA,SFD_ROOFSYS,Rubber roof,774.604057
PA,SFD_ROOFSYS,Green roof,825.722167
PA,SFD_ROOFSYS,Bermuda style roof,833.549211
PA,SFD_ROOFSYS,Concrete tiles,691.76315
PA,SFD_ROOFSYS,Slate tile,753.401637
PA,SFD_ROOFSYS,Fabric membrane,705.221995
PA,SFD_ROOFSYS,Solar tile,760.901893
PA,SFD_TODMGPROVISION,Cosmetic damage Fully covered,602.583598
PA,SFD_TODMGPROVISION,Cosmetic damage Mostly covered,568.48159
PA,SFD_TODMGPROVISION,Cosmetic damage Default,616.65434
PA,SFD_TODMGPROVISION,Cosmetic damage Rarely covered,581.756313
PA,SFD_TODMGPROVISION,Cosmetic damage Excluded,635.455604
PA,SFD_TOFLASHING,Compliant with ES1,556.277897
PA,SFD_TOFLASHING,Not compliant with ES1,589.881768
PA,SFD_TREEDENSITY,High tree risk high shielding,702.995425
PA,SFD_TREEDENSITY,Some trees some shielding,661.053755
PA,SFD_TREEDENSITY,No trees no shielding,686.874743
RI,COM_Unknown,Unknown,274.764902
RI,COM_ARCHITECT,Attached screen,205.480231
RI,COM_ARCHITECT,Detached screen,176.761198
RI,COM_ARCHITECT,Fences,180.707439
RI,COM_ARCHITECT,None,191.736711
RI,COM_ARCHITECT,Skylights,199.467382
RI,COM_ARCHITECT,Skylights protection,200.508475
RI,COM_CLADRATE,10d high wind nail,154.396125
RI,COM_CLADRATE,6d any nail,165.39779
RI,COM_CLADRATE,8d high wind nail,152.437486
RI,COM_CLADRATE,8d minimum nail,161.889297
RI,COM_CLADRATE,Batten decking,181.464612
RI,COM_CLADRATE,Lumber and groove,159.291461
RI,COM_CLADSYS,Vinyl siding,323.927892
RI,COM_CLADSYS,EIFS,311.472718
RI,COM_CLADSYS,Wood,276.870477
RI,COM_CLADSYS,Metal sheathing,319.601634
RI,COM_CLADSYS,Impact rated glazing,312.366671
RI,COM_CLADSYS,Stucco,312.994555
RI,COM_CLADSYS,Brick veneer,297.446813
RI,COM_CLADSYS,Concrete block,279.062772
RI,COM_CONSTQUALI,Signs of distress,258.287032
RI,COM_CONSTQUALI,WH Roof existing,224.777145
RI,COM_CONSTQUALI,Wind Roof existing,220.286887
RI,COM_CONSTQUALI,Wind Gold existing,223.812486
RI,COM_CONSTQUALI,Wind Silver existing,230.599361
RI,COM_CONSTQUALI,WH Gold existing,247.743759
RI,COM_CONSTQUALI,WH Silver existing,245.659871
RI,COM_EXTORN,Extensive ornamentation,192.777221
RI,COM_EXTORN,Extensive ornamentation and LPS,203.161753
RI,COM_EXTORN,Large signs,196.984503
RI,COM_EXTORN,Large signs and LPS,188.358886
RI,COM_EXTORN,Lightning protection,200.283709
RI,COM_FOUNDSYS,Bolted,261.314577
RI,COM_FOUNDSYS,Engineered,266.074209
RI,COM_FOUNDSYS,Unbolted,255.205405
RI,COM_GARAGING,Attached garage,249.611419
RI,COM_GARAGING,Detached garage,268.726479
RI,COM_GARAGING,No garage,281.787222
RI,COM_MECHGROUND,Generally unprotected,134.607268
RI,COM_MECHGROUND,Generally protected,138.985781
RI,COM_RESISTOPEN,Pressure small missile rated,250.904676
RI,COM_RESISTOPEN,Pressure medium missile rated,261.733761
RI,COM_RESISTOPEN,All openings pressure small missile rated,220.63659
RI,COM_RESISTOPEN,All openings pressure medium missile rated,231.058919
RI,COM_RESISTOPEN,All openings pressure large missile rated,234.90817
RI,COM_ROOFAGE,0 to 5 years,403.181353
RI,COM_ROOFAGE,6 to 10 years,374.638319
RI,COM_ROOFAGE,11 years or more,392.65452
RI,COM_ROOFANCH,Clips,130.912082
RI,COM_ROOFANCH,Double wraps,142.279753
RI,COM_ROOFANCH,Single wraps,146.33755
RI,COM_ROOFANCH,Structural,133.310608
RI,COM_ROOFANCH,Toenailing no anchorage,141.52284
RI,COM_ROOFEQUIP,No equipment present,199.82532
RI,COM_ROOFEQUIP,Roof mounted photovoltaic array,196.313213
RI,COM_ROOFEQUIP,Roof mounted impact resistant array,191.942884
RI,COM_ROOFEQUIP,Roof mounted mechanically attached array,174.9666
RI,COM_ROOFGEOM,Complex roof,241.341061
RI,COM_ROOFGEOM,Flat roof no parapets,252.905464
RI,COM_ROOFGEOM,Flat roof parapets,264.398698
RI,COM_ROOFGEOM,Gable roof LE6:12,233.486494
RI,COM_ROOFGEOM,Braced gable LE6:12,227.434794
RI,COM_ROOFGEOM,Gable roof GT6:12,250.93112
RI,COM_ROOFGEOM,Braced gable GT6:12,237.431543
RI,COM_ROOFGEOM,Hip roof LE6:12,260.933234
RI,COM_ROOFGEOM,Hip roof GT6:12,260.813668
RI,COM_ROOFMAINT,Excellent condition,124.137341
RI,COM_ROOFMAINT,No deterioration or defects,140.910182
RI,COM_ROOFMAINT,Visible defects,147.145586
RI,COM_ROOFMAINT,Significant signs of distress,121.736402
RI,COM_ROOFSYS,Built up or single ply,218.312251
RI,COM_ROOFSYS,Built up with gutters,232.719919
RI,COM_ROOFSYS,Built up without gutters,219.903787
RI,COM_ROOFSYS,Built up unknown gutters,241.619067
RI,COM_ROOFSYS,High wind shingle,244.681267
RI,COM_ROOFSYS,High wind shingle plus SWR,259.753603
RI,COM_ROOFSYS,Normal shingle,218.367478
RI,COM_ROOFSYS,Normal shingle plus SWR,266.571448
RI,COM_ROOFSYS,Metal concealed fasteners,218.33408
RI,COM_ROOFSYS,Metal exposed fasteners,251.359245
RI,COM_ROOFSYS,Metal unknown fasteners,265.962174
RI,COM_ROOFSYS,Wood shakes,253.622004
RI,COM_ROOFSYS,Concrete roof,248.529322
RI,COM_ROOFSYS,Hail class 1,222.238199
RI,COM_ROOFSYS,Hail class 2,247.51798
RI,COM_ROOFSYS,Hail class 3,245.086693
RI,COM_ROOFSYS,Hail class 4,241.196487
RI,COM_ROOFSYS,Rubber roof,218.571166
RI,COM_ROOFSYS,Green roof,261.800918
RI,COM_ROOFSYS,Bermuda style roof,237.424947
RI,COM_ROOFSYS,Concrete tiles,237.794229
RI,COM_ROOFSYS,Slate tile,263.113278
RI,COM_ROOFSYS,Fabric membrane,255.70148
RI,COM_ROOFSYS,Solar tile,238.559073
RI,COM_TODMGPROVISION,Cosmetic damage Fully covered,285.133948
RI,COM_TODMGPROVISION,Cosmetic damage Mostly covered,273.824527
RI,COM_TODMGPROVISION,Cosmetic damage Default,287.342823
RI,COM_TODMGPROVISION,Cosmetic damage Rarely covered,268.561721
RI,COM_TODMGPROVISION,Cosmetic damage Excluded,283.629972
RI,COM_TOFLASHING,Compliant with ES1,285.141665
RI,COM_TOFLASHING,Not compliant with ES1,281.204083
RI,COM_TREEDENSITY,High tree risk high shielding,148.235548
RI,COM_TREEDENSITY,Some trees some shielding,156.646924
RI,COM_TREEDENSITY,No trees no shielding,156.692869
RI,SFD_Unknown,Unknown,303.367873
RI,SFD_ARCHITECT,Attached screen,369.085486
RI,SFD_ARCHITECT,Detached screen,356.633014
RI,SFD_ARCHITECT,Fences,359.642332
RI,SFD_ARCHITECT,None,382.298013
RI,SFD_ARCHITECT,Skylights,334.301494
RI,SFD_ARCHITECT,Skylights protection,377.471447
RI,SFD_CLADRATE,10d high wind nail,278.542866
RI,SFD_CLADRATE,6d any nail,319.930739
RI,SFD_CLADRATE,8d high wind nail,268.096751
RI,SFD_CLADRATE,8d minimum nail,273.060934
RI,SFD_CLADRATE,Batten decking,291.951041
RI,SFD_CLADRATE,Lumber and groove,301.114033
RI,SFD_CLADSYS,Vinyl siding,306.550647
RI,SFD_CLADSYS,EIFS,310.740608
RI,SFD_CLADSYS,Wood,309.444582
RI,SFD_CLADSYS,Metal sheathing,332.373662
RI,SFD_CLADSYS,Impact rated glazing,334.812315
RI,SFD_CLADSYS,Stucco,322.062884
RI,SFD_CLADSYS,Brick veneer,343.720171
RI,SFD_CLADSYS,Concrete block,355.928962
RI,SFD_CONSTQUALI,Signs of distress,271.258397
RI,SFD_CONSTQUALI,WH Roof existing,259.738402
RI,SFD_CONSTQUALI,Wind Roof existing,290.109551
RI,SFD_CONSTQUALI,Wind Gold existing,290.839698
RI,SFD_CONSTQUALI,Wind Silver existing,252.030602
RI,SFD_CONSTQUALI,WH Gold existing,289.66116
RI,SFD_CONSTQUALI,WH Silver existing,266.028541
RI,SFD_EXTORN,Extensive ornamentation,373.538925
RI,SFD_EXTORN,Extensive ornamentation and LPS,362.034727
RI,SFD_EXTORN,Large signs,371.069751
RI,SFD_EXTORN,Large signs and LPS,326.711892
RI,SFD_EXTORN,Lightning protection,324.34297
RI,SFD_FOUNDSYS,Bolted,313.681978
RI,SFD_FOUNDSYS,Engineered,335.877565
RI,SFD_FOUNDSYS,Unbolted,328.682775
RI,SFD_GARAGING,Attached garage,279.191717
RI,SFD_GARAGING,Detached garage,291.501918
RI,SFD_GARAGING,No garage,271.249359
RI,SFD_MECHGROUND,Generally unprotected,308.789842
RI,SFD_MECHGROUND,Generally protected,352.865527
RI,SFD_RESISTOPEN,Pressure small missile rated,303.45825
RI,SFD_RESISTOPEN,Pressure medium missile rated,345.703214
RI,SFD_RESISTOPEN,All openings pressure small missile rated,299.597358
RI,SFD_RESISTOPEN,All openings pressure medium missile rated,351.269686
RI,SFD_RESISTOPEN,All openings pressure large missile rated,311.90578
RI,SFD_ROOFAGE,0 to 5 years,188.879062
RI,SFD_ROOFAGE,6 to 10 years,198.404979
RI,SFD_ROOFAGE,11 years or more,179.094153
RI,SFD_ROOFANCH,Clips,168.60682
RI,SFD_ROOFANCH,Double wraps,173.348757
RI,SFD_ROOFANCH,Single wraps,186.11174
RI,SFD_ROOFANCH,Structural,165.955977
RI,SFD_ROOFANCH,Toenailing no anchorage,168.14666
RI,SFD_ROOFEQUIP,No equipment present,448.591489
RI,SFD_ROOFEQUIP,Roof mounted photovoltaic array,430.446513
RI,SFD_ROOFEQUIP,Roof mounted impact resistant array,396.854625
RI,SFD_ROOFEQUIP,Roof mounted mechanically attached array,448.799962
RI,SFD_ROOFGEOM,Complex roof,281.608868
RI,SFD_ROOFGEOM,Flat roof no parapets,270.227619
RI,SFD_ROOFGEOM,Flat roof parapets,268.968551
RI,SFD_ROOFGEOM,Gable roof LE6:12,277.733526
RI,SFD_ROOFGEOM,Braced gable LE6:12,304.397924
RI,SFD_ROOFGEOM,Gable roof GT6:12,265.538363
RI,SFD_ROOFGEOM,Braced gable GT6:12,266.69009
RI,SFD_ROOFGEOM,Hip roof LE6:12,297.124769
RI,SFD_ROOFGEOM,Hip roof GT6:12,282.65999
RI,SFD_ROOFMAINT,Excellent condition,276.930517
RI,SFD_ROOFMAINT,No deterioration or defects,284.721266
RI,SFD_ROOFMAINT,Visible defects,296.205537
RI,SFD_ROOFMAINT,Significant signs of distress,303.939825
RI,SFD_ROOFSYS,Built up or single ply,391.841841
RI,SFD_ROOFSYS,Built up with gutters,449.318369
RI,SFD_ROOFSYS,Built up without gutters,406.968576
RI,SFD_ROOFSYS,Built up unknown gutters,401.661375
RI,SFD_ROOFSYS,High wind shingle,447.778111
RI,SFD_ROOFSYS,High wind shingle plus SWR,419.104413
RI,SFD_ROOFSYS,Normal shingle,450.935947
RI,SFD_ROOFSYS,Normal shingle plus SWR,431.022318
RI,SFD_ROOFSYS,Metal concealed fasteners,441.585099
RI,SFD_ROOFSYS,Metal exposed fasteners,430.285443
RI,SFD_ROOFSYS,Metal unknown fasteners,470.122078
RI,SFD_ROOFSYS,Wood shakes,425.740788
RI,SFD_ROOFSYS,Concrete roof,469.562704
RI,SFD_ROOFSYS,Hail class 1,401.554491
RI,SFD_ROOFSYS,Hail class 2,393.714598
RI,SFD_ROOFSYS,Hail class 3,442.519807
RI,SFD_ROOFSYS,Hail class 4,416.615552
RI,SFD_ROOFSYS,Rubber roof,441.254465
RI,SFD_ROOFSYS,Green roof,394.019487
RI,SFD_ROOFSYS,Bermuda style roof,414.406306
RI,SFD_ROOFSYS,Concrete tiles,400.524394
RI,SFD_ROOFSYS,Slate tile,449.38784
RI,SFD_ROOFSYS,Fabric membrane,438.990367
RI,SFD_ROOFSYS,Solar tile,467.715884
RI,SFD_TODMGPROVISION,Cosmetic damage Fully covered,329.753507
RI,SFD_TODMGPROVISION,Cosmetic damage Mostly covered,303.20029
RI,SFD_TODMGPROVISION,Cosmetic damage Default,340.114948
RI,SFD_TODMGPROVISION,Cosmetic damage Rarely covered,328.97015
RI,SFD_TODMGPROVISION,Cosmetic damage Excluded,332.54782
RI,SFD_TOFLASHING,Compliant with ES1,347.680071
RI,SFD_TOFLASHING,Not compliant with ES1,334.736853
RI,SFD_TREEDENSITY,High tree risk high shielding,403.293938
RI,SFD_TREEDENSITY,Some trees some shielding,391.492826
RI,SFD_TREEDENSITY,No trees no shielding,390.756204
SC,COM_Unknown,Unknown,325.826953
SC,COM_ARCHITECT,Attached screen,249.569811
SC,COM_ARCHITECT,Detached screen,228.346955
SC,COM_ARCHITECT,Fences,222.789244
SC,COM_ARCHITECT,None,245.753644
SC,COM_ARCHITECT,Skylights,241.05629
SC,COM_ARCHITECT,Skylights protection,227.860952
SC,COM_CLADRATE,10d high wind nail,190.318152
SC,COM_CLADRATE,6d any nail,185.887553
SC,COM_CLADRATE,8d high wind nail,181.332883
SC,COM_CLADRATE,8d minimum nail,195.057363
SC,COM_CLADRATE,Batten decking,188.744178
SC,COM_CLADRATE,Lumber and groove,193.235189
SC,COM_CLADSYS,Vinyl siding,391.087667
SC,COM_CLADSYS,EIFS,342.364546
SC,COM_CLADSYS,Wood,340.145435
SC,COM_CLADSYS,Metal sheathing,350.900136
SC,COM_CLADSYS,Impact rated glazing,365.356457
SC,COM_CLADSYS,Stucco,335.315199
SC,COM_CLADSYS,Brick veneer,354.21529
SC,COM_CLADSYS,Concrete block,381.437159
SC,COM_CONSTQUALI,Signs of distress,321.390349
SC,COM_CONSTQUALI,WH Roof existing,321.316142
SC,COM_CONSTQUALI,Wind Roof existing,283.249235
SC,COM_CONSTQUALI,Wind Gold existing,300.579151
SC,COM_CONSTQUALI,Wind Silver existing,303.417777
SC,COM_CONSTQUALI,WH Gold existing,313.867148
SC,COM_CONSTQUALI,WH Silver existing,318.855745
SC,COM_EXTORN,Extensive ornamentation,221.794124
SC,COM_EXTORN,Extensive ornamentation and LPS,243.404723
SC,COM_EXTORN,Large signs,221.714211
SC,COM_EXTORN,Large signs and LPS,250.574707
SC,COM_EXTORN,Lightning protection,239.671291
SC,COM_FOUNDSYS,Bolted,330.11968
SC,COM_FOUNDSYS,Engineered,376.180178
SC,COM_FOUNDSYS,Unbolted,348.554461
SC,COM_GARAGING,Attached garage,332.003604
SC,COM_GARAGING,Detached garage,375.05525
SC,COM_GARAGING,No garage,323.442875
SC,COM_MECHGROUND,Generally unprotected,167.296204
SC,COM_MECHGROUND,Generally protected,165.677035
SC,COM_RESISTOPEN,Pressure small missile rated,287.444115
SC,COM_RESISTOPEN,Pressure medium missile rated,313.829632
SC,COM_RESISTOPEN,All openings pressure small missile rated,291.857374
SC,COM_RESISTOPEN,All openings pressure medium missile rated,257.600745
SC,COM_RESISTOPEN,All openings pressure large missile rated,306.546736
SC,COM_ROOFAGE,0 to 5 years,481.481282
SC,COM_ROOFAGE,6 to 10 years,424.475032
SC,COM_ROOFAGE,11 years or more,462.023968
SC,COM_ROOFANCH,Clips,175.734913
SC,COM_ROOFANCH,Double wraps,157.35413
SC,COM_ROOFANCH,Single wraps,181.015979
SC,COM_ROOFANCH,Structural,177.044335
SC,COM_ROOFANCH,Toenailing no anchorage,154.696685
SC,COM_ROOFEQUIP,No equipment present,248.73065
SC,COM_ROOFEQUIP,Roof mounted photovoltaic array,238.729
SC,COM_ROOFEQUIP,Roof mounted impact resistant array,215.230859
SC,COM_ROOFEQUIP,Roof mounted mechanically attached array,215.411326
SC,COM_ROOFGEOM,Complex roof,314.019142
SC,COM_ROOFGEOM,Flat roof no parapets,314.738314
SC,COM_ROOFGEOM,Flat roof parapets,284.511904
SC,COM_ROOFGEOM,Gable roof LE6:12,293.571964
SC,COM_ROOFGEOM,Braced gable LE6:12,292.350028
SC,COM_ROOFGEOM,Gable roof GT6:12,273.814656
SC,COM_ROOFGEOM,Braced gable GT6:12,287.128817
SC,COM_ROOFGEOM,Hip roof LE6:12,279.05172
SC,COM_ROOFGEOM,Hip roof GT6:12,283.335706
SC,COM_ROOFMAINT,Excellent condition,170.123246
SC,COM_ROOFMAINT,No deterioration or defects,157.3903
SC,COM_ROOFMAINT,Visible defects,157.246546
SC,COM_ROOFMAINT,Significant signs of distress,168.6992
SC,COM_ROOFSYS,Built up or single ply,285.1188
SC,COM_ROOFSYS,Built up with gutters,300.820159
SC,COM_ROOFSYS,Built up without gutters,282.022943
SC,COM_ROOFSYS,Built up unknown gutters,288.792368
SC,COM_ROOFSYS,High wind shingle,295.65168
SC,COM_ROOFSYS,High wind shingle plus SWR,305.802711
SC,COM_ROOFSYS,Normal shingle,285.378204
SC,COM_ROOFSYS,Normal shingle plus SWR,264.651421
SC,COM_ROOFSYS,Metal concealed fasteners,276.602595
SC,COM_ROOFSYS,Metal exposed fasteners,307.713693
SC,COM_ROOFSYS,Metal unknown fasteners,276.487309
SC,COM_ROOFSYS,Wood shakes,291.807574
SC,COM_ROOFSYS,Concrete roof,274.892935
SC,COM_ROOFSYS,Hail class 1,298.043754
SC,COM_ROOFSYS,Hail class 2,274.842428
SC,COM_ROOFSYS,Hail class 3,276.904302
SC,COM_ROOFSYS,Hail class 4,275.63206
SC,COM_ROOFSYS,Rubber roof,270.746805
SC,COM_ROOFSYS,Green roof,272.492287
SC,COM_ROOFSYS,Bermuda style roof,275.077021
SC,COM_ROOFSYS,Concrete tiles,268.971065
SC,COM_ROOFSYS,Slate tile,307.076015
SC,COM_ROOFSYS,Fabric membrane,292.985427
SC,COM_ROOFSYS,Solar tile,307.785249
SC,COM_TODMGPROVISION,Cosmetic damage Fully covered,397.248336
SC,COM_TODMGPROVISION,Cosmetic damage Mostly covered,395.061411
SC,COM_TODMGPROVISION,Cosmetic damage Default,363.312212
SC,COM_TODMGPROVISION,Cosmetic damage Rarely covered,340.372575
SC,COM_TODMGPROVISION,Cosmetic damage Excluded,345.021678
SC,COM_TOFLASHING,Compliant with ES1,364.08667
SC,COM_TOFLASHING,Not compliant with ES1,319.17525
SC,COM_TREEDENSITY,High tree risk high shielding,205.367855
SC,COM_TREEDENSITY,Some trees some shielding,197.406693
SC,COM_TREEDENSITY,No trees no shielding,181.226068
SC,SFD_Unknown,Unknown,343.276288
SC,SFD_ARCHITECT,Attached screen,375.37798
SC,SFD_ARCHITECT,Detached screen,438.332107
SC,SFD_ARCHITECT,Fences,370.246491
SC,SFD_ARCHITECT,None,431.409597
SC,SFD_ARCHITECT,Skylights,421.26607
SC,SFD_ARCHITECT,Skylights protection,408.372197
SC,SFD_CLADRATE,10d high wind nail,337.113686
SC,SFD_CLADRATE,6d any nail,321.725681
SC,SFD_CLADRATE,8d high wind nail,325.958423
SC,SFD_CLADRATE,8d minimum nail,322.320178
SC,SFD_CLADRATE,Batten decking,337.038625
SC,SFD_CLADRATE,Lumber and groove,317.36653
SC,SFD_CLADSYS,Vinyl siding,384.036436
SC,SFD_CLADSYS,EIFS,337.575276
SC,SFD_CLADSYS,Wood,335.126796
SC,SFD_CLADSYS,Metal sheathing,386.134791
SC,SFD_CLADSYS,Impact rated glazing,332.417127
SC,SFD_CLADSYS,Stucco,374.261378
SC,SFD_CLADSYS,Brick veneer,333.090157
SC,SFD_CLADSYS,Concrete block,388.596694
SC,SFD_CONSTQUALI,Signs of distress,343.478166
SC,SFD_CONSTQUALI,WH Roof existing,308.385481
SC,SFD_CONSTQUALI,Wind Roof existing,318.07718
SC,SFD_CONSTQUALI,Wind Gold existing,337.633713
SC,SFD_CONSTQUALI,Wind Silver existing,332.111258
SC,SFD_CONSTQUALI,WH Gold existing,330.573428
SC,SFD_CONSTQUALI,WH Silver existing,328.957199
SC,SFD_EXTORN,Extensive ornamentation,393.262181
SC,SFD_EXTORN,Extensive ornamentation and LPS,347.094549
SC,SFD_EXTORN,Large signs,354.701678
SC,SFD_EXTORN,Large signs and LPS,383.61915
SC,SFD_EXTORN,Lightning protection,398.959859
SC,SFD_FOUNDSYS,Bolted,343.040833
SC,SFD_FOUNDSYS,Engineered,388.976749
SC,SFD_FOUNDSYS,Unbolted,357.690521
SC,SFD_GARAGING,Attached garage,324.168163
SC,SFD_GARAGING,Detached garage,317.140123
SC,SFD_GARAGING,No garage,321.761951
SC,SFD_MECHGROUND,Generally unprotected,386.861231
SC,SFD_MECHGROUND,Generally protected,326.543586
SC,SFD_RESISTOPEN,Pressure small missile rated,339.605914
SC,SFD_RESISTOPEN,Pressure medium missile rated,371.893118
SC,SFD_RESISTOPEN,All openings pressure small missile rated,359.568681
SC,SFD_RESISTOPEN,All openings pressure medium missile rated,324.338825
SC,SFD_RESISTOPEN,All openings pressure large missile rated,325.034721
SC,SFD_ROOFAGE,0 to 5 years,198.187378
SC,SFD_ROOFAGE,6 to 10 years,210.535597
SC,SFD_ROOFAGE,11 years or more,198.249448
SC,SFD_ROOFANCH,Clips,198.51439
SC,SFD_ROOFANCH,Double wraps,203.417208
SC,SFD_ROOFANCH,Single wraps,186.653915
SC,SFD_ROOFANCH,Structural,190.296318
SC,SFD_ROOFANCH,Toenailing no anchorage,218.332888
SC,SFD_ROOFEQUIP,No equipment present,429.475573
SC,SFD_ROOFEQUIP,Roof mounted photovoltaic array,437.291994
SC,SFD_ROOFEQUIP,Roof mounted impact resistant array,429.578911
SC,SFD_ROOFEQUIP,Roof mounted mechanically attached array,467.938496
SC,SFD_ROOFGEOM,Complex roof,318.935396
SC,SFD_ROOFGEOM,Flat roof no parapets,344.197184
SC,SFD_ROOFGEOM,Flat roof parapets,307.060395
SC,SFD_ROOFGEOM,Gable roof LE6:12,319.088867
SC,SFD_ROOFGEOM,Braced gable LE6:12,286.293587
SC,SFD_ROOFGEOM,Gable roof GT6:12,322.875613
SC,SFD_ROOFGEOM,Braced gable GT6:12,305.895837
SC,SFD_ROOFGEOM,Hip roof LE6:12,310.985288
SC,SFD_ROOFGEOM,Hip roof GT6:12,285.986844
SC,SFD_ROOFMAINT,Excellent condition,304.885047
SC,SFD_ROOFMAINT,No deterioration or defects,338.388228
SC,SFD_ROOFMAINT,Visible defects,333.374112
SC,SFD_ROOFMAINT,Significant signs of distress,339.917597
SC,SFD_ROOFSYS,Built up or single ply,537.250921
SC,SFD_ROOFSYS,Built up with gutters,458.296343
SC,SFD_ROOFSYS,Built up without gutters,468.144934
SC,SFD_ROOFSYS,Built up unknown gutters,523.48786
SC,SFD_ROOFSYS,High wind shingle,489.865676
SC,SFD_ROOFSYS,High wind shingle plus SWR,453.727891
SC,SFD_ROOFSYS,Normal shingle,512.012529
SC,SFD_ROOFSYS,Normal shingle plus SWR,462.225948
SC,SFD_ROOFSYS,Metal concealed fasteners,525.401398
SC,SFD_ROOFSYS,Metal exposed fasteners,509.368897
SC,SFD_ROOFSYS,Metal unknown fasteners,483.155954
SC,SFD_ROOFSYS,Wood shakes,449.530487
SC,SFD_ROOFSYS,Concrete roof,520.149513
SC,SFD_ROOFSYS,Hail class 1,518.172731
SC,SFD_ROOFSYS,Hail class 2,475.429899
SC,SFD_ROOFSYS,Hail class 3,507.339044
SC,SFD_ROOFSYS,Hail class 4,482.839812
SC,SFD_ROOFSYS,Rubber roof,523.027815
SC,SFD_ROOFSYS,Green roof,530.25618
SC,SFD_ROOFSYS,Bermuda style roof,530.074803
SC,SFD_ROOFSYS,Concrete tiles,449.451838
SC,SFD_ROOFSYS,Slate tile,456.072816
SC,SFD_ROOFSYS,Fabric membrane,504.796544
SC,SFD_ROOFSYS,Solar tile,490.429374
SC,SFD_TODMGPROVISION,Cosmetic damage Fully covered,329.750562
SC,SFD_TODMGPROVISION,Cosmetic damage Mostly covered,354.057924
SC,SFD_TODMGPROVISION,Cosmetic damage Default,390.784747
SC,SFD_TODMGPROVISION,Cosmetic damage Rarely covered,380.899821
SC,SFD_TODMGPROVISION,Cosmetic damage Excluded,395.664228
SC,SFD_TOFLASHING,Compliant with ES1,394.443983
SC,SFD_TOFLASHING,Not compliant with ES1,369.46838
SC,SFD_TREEDENSITY,High tree risk high shielding,442.00938
SC,SFD_TREEDENSITY,Some trees some shielding,435.578898
SC,SFD_TREEDENSITY,No trees no shielding,440.657357
SD,COM_Unknown,Unknown,295.456912
SD,COM_ARCHITECT,Attached screen,224.59794
SD,COM_ARCHITECT,Detached screen,207.543322
SD,COM_ARCHITECT,Fences,200.508364
SD,COM_ARCHITECT,None,197.972949
SD,COM_ARCHITECT,Skylights,197.488521
SD,COM_ARCHITECT,Skylights protection,204.353652
SD,COM_CLADRATE,10d high wind nail,190.359751
SD,COM_CLADRATE,6d any nail,167.166229
SD,COM_CLADRATE,8d high wind nail,170.365043
SD,COM_CLADRATE,8d minimum nail,175.616868
SD,COM_CLADRATE,Batten decking,177.536714
SD,COM_CLADRATE,Lumber and groove,187.166814
SD,COM_CLADSYS,Vinyl siding,384.641535
SD,COM_CLADSYS,EIFS,346.559317
SD,COM_CLADSYS,Wood,328.642996
SD,COM_CLADSYS,Metal sheathing,372.246995
SD,COM_CLADSYS,Impact rated glazing,329.647819
SD,COM_CLADSYS,Stucco,350.655309
SD,COM_CLADSYS,Brick veneer,335.67242
SD,COM_CLADSYS,Concrete block,356.177778
SD,COM_CONSTQUALI,Signs of distress,233.930915
SD,COM_CONSTQUALI,WH Roof existing,260.89975
SD,COM_CONSTQUALI,Wind Roof existing,242.140665
SD,COM_CONSTQUALI,Wind Gold existing,257.574206
SD,COM_CONSTQUALI,Wind Silver existing,237.53258
SD,COM_CONSTQUALI,WH Gold existing,234.635022
SD,COM_CONSTQUALI,WH Silver existing,258.672992
SD,COM_EXTORN,Extensive ornamentation,217.310946
SD,COM_EXTORN,Extensive ornamentation and LPS,210.676353
SD,COM_EXTORN,Large signs,194.965875
SD,COM_EXTORN,Large signs and LPS,221.291967
SD,COM_EXTORN,Lightning protection,182.467099
SD,COM_FOUNDSYS,Bolted,300.370594
SD,COM_FOUNDSYS,Engineered,305.243654
SD,COM_FOUNDSYS,Unbolted,298.847202
SD,COM_GARAGING,Attached garage,306.479487
SD,COM_GARAGING,Detached garage,311.448103
SD,COM_GARAGING,No garage,288.009359
SD,COM_MECHGROUND,Generally unprotected,163.267322
SD,COM_MECHGROUND,Generally protected,150.118816
SD,COM_RESISTOPEN,Pressure small missile rated,247.193606
SD,COM_RESISTOPEN,Pressure medium missile rated,224.76977
SD,COM_RESISTOPEN,All openings pressure small missile rated,257.832851
SD,COM_RESISTOPEN,All openings pressure medium missile rated,255.758657
SD,COM_RESISTOPEN,All openings pressure large missile rated,256.737397
SD,COM_ROOFAGE,0 to 5 years,400.193138
SD,COM_ROOFAGE,6 to 10 years,411.984926
SD,COM_ROOFAGE,11 years or more,449.281604
SD,COM_ROOFANCH,Clips,141.419569
SD,COM_ROOFANCH,Double wraps,152.938659
SD,COM_ROOFANCH,Single wraps,153.432258
SD,COM_ROOFANCH,Structural,150.693979
SD,COM_ROOFANCH,Toenailing no anchorage,152.174282
SD,COM_ROOFEQUIP,No equipment present,193.892479
SD,COM_ROOFEQUIP,Roof mounted photovoltaic array,233.188904
SD,COM_ROOFEQUIP,Roof mounted impact resistant array,235.992782
SD,COM_ROOFEQUIP,Roof mounted mechanically attached array,201.11271
SD,COM_ROOFGEOM,Complex roof,255.366331
SD,COM_ROOFGEOM,Flat roof no parapets,268.964271
SD,COM_ROOFGEOM,Flat roof parapets,270.273023
SD,COM_ROOFGEOM,Gable roof LE6:12,252.818444
SD,COM_ROOFGEOM,Braced gable LE6:12,269.753842
SD,COM_ROOFGEOM,Gable roof GT6:12,261.926931
SD,COM_ROOFGEOM,Braced gable GT6:12,235.582996
SD,COM_ROOFGEOM,Hip roof LE6:12,237.736302
SD,COM_ROOFGEOM,Hip roof GT6:12,272.560419
SD,COM_ROOFMAINT,Excellent condition,141.000758
SD,COM_ROOFMAINT,No deterioration or defects,160.830564
SD,COM_ROOFMAINT,Visible defects,150.217054
SD,COM_ROOFMAINT,Significant signs of distress,156.341947
SD,COM_ROOFSYS,Built up or single ply,261.714694
SD,COM_ROOFSYS,Built up with gutters,234.352129
SD,COM_ROOFSYS,Built up without gutters,261.198842
SD,COM_ROOFSYS,Built up unknown gutters,256.068957
SD,COM_ROOFSYS,High wind shingle,252.927046
SD,COM_ROOFSYS,High wind shingle plus SWR,233.856134
SD,COM_ROOFSYS,Normal shingle,273.271057
SD,COM_ROOFSYS,Normal shingle plus SWR,234.207206
SD,COM_ROOFSYS,Metal concealed fasteners,261.620659
SD,COM_ROOFSYS,Metal exposed fasteners,265.320824
SD,COM_ROOFSYS,Metal unknown fasteners,253.45912
SD,COM_ROOFSYS,Wood shakes,265.726056
SD,COM_ROOFSYS,Concrete roof,270.17364
SD,COM_ROOFSYS,Hail class 1,276.157022
SD,COM_ROOFSYS,Hail class 2,249.982407
SD,COM_ROOFSYS,Hail class 3,266.467247
SD,COM_ROOFSYS,Hail class 4,263.556519
SD,COM_ROOFSYS,Rubber roof,245.884839
SD,COM_ROOFSYS,Green roof,271.8987
SD,COM_ROOFSYS,Bermuda style roof,243.887618
SD,COM_ROOFSYS,Concrete tiles,262.813901
SD,COM_ROOFSYS,Slate tile,273.796993
SD,COM_ROOFSYS,Fabric membrane,235.977349
SD,COM_ROOFSYS,Solar tile,280.89643
SD,COM_TODMGPROVISION,Cosmetic damage Fully covered,345.796515
SD,COM_TODMGPROVISION,Cosmetic damage Mostly covered,326.564335
SD,COM_TODMGPROVISION,Cosmetic damage Default,332.591359
SD,COM_TODMGPROVISION,Cosmetic damage Rarely covered,315.959882
SD,COM_TODMGPROVISION,Cosmetic damage Excluded,325.177464
SD,COM_TOFLASHING,Compliant with ES1,329.418762
SD,COM_TOFLASHING,Not compliant with ES1,318.098164
SD,COM_TREEDENSITY,High tree risk high shielding,188.86616
SD,COM_TREEDENSITY,Some trees some shielding,188.054795
SD,COM_TREEDENSITY,No trees no shielding,171.763182
SD,SFD_Unknown,Unknown,412.718415
SD,SFD_ARCHITECT,Attached screen,438.48695
SD,SFD_ARCHITECT,Detached screen,441.445474
SD,SFD_ARCHITECT,Fences,501.824217
SD,SFD_ARCHITECT,None,504.776713
SD,SFD_ARCHITECT,Skylights,441.671477
SD,SFD_ARCHITECT,Skylights protection,484.129123
SD,SFD_CLADRATE,10d high wind nail,401.519763
SD,SFD_CLADRATE,6d any nail,433.374557
SD,SFD_CLADRATE,8d high wind nail,452.517118
SD,SFD_CLADRATE,8d minimum nail,431.883914
SD,SFD_CLADRATE,Batten decking,403.424328
SD,SFD_CLADRATE,Lumber and groove,387.113282
SD,SFD_CLADSYS,Vinyl siding,423.907755
SD,SFD_CLADSYS,EIFS,454.641857
SD,SFD_CLADSYS,Wood,402.683595
SD,SFD_CLADSYS,Metal sheathing,415.055161
SD,SFD_CLADSYS,Impact rated glazing,396.811112
SD,SFD_CLADSYS,Stucco,444.834896
SD,SFD_CLADSYS,Brick veneer,386.557525
SD,SFD_CLADSYS,Concrete block,401.878493
SD,SFD_CONSTQUALI,Signs of distress,409.754918
SD,SFD_CONSTQUALI,WH Roof existing,362.198237
SD,SFD_CONSTQUALI,Wind Roof existing,392.692065
SD,SFD_CONSTQUALI,Wind Gold existing,415.763279
SD,SFD_CONSTQUALI,Wind Silver existing,361.836746
SD,SFD_CONSTQUALI,WH Gold existing,405.181854
SD,SFD_CONSTQUALI,WH Silver existing,379.254335
SD,SFD_EXTORN,Extensive ornamentation,511.022418
SD,SFD_EXTORN,Extensive ornamentation and LPS,519.010614
SD,SFD_EXTORN,Large signs,448.934219
SD,SFD_EXTORN,Large signs and LPS,518.018096
SD,SFD_EXTORN,Lightning protection,467.167383
SD,SFD_FOUNDSYS,Bolted,425.173344
SD,SFD_FOUNDSYS,Engineered,415.941754
SD,SFD_FOUNDSYS,Unbolted,463.481897
SD,SFD_GARAGING,Attached garage,396.968076
SD,SFD_GARAGING,Detached garage,376.773173
SD,SFD_GARAGING,No garage,384.80495
SD,SFD_MECHGROUND,Generally unprotected,404.042304
SD,SFD_MECHGROUND,Generally protected,423.583378
SD,SFD_RESISTOPEN,Pressure small missile rated,435.037372
SD,SFD_RESISTOPEN,Pressure medium missile rated,424.706881
SD,SFD_RESISTOPEN,All openings pressure small missile rated,416.476419
SD,SFD_RESISTOPEN,All openings pressure medium missile rated,465.332492
SD,SFD_RESISTOPEN,All openings pressure large missile rated,454.792894
SD,SFD_ROOFAGE,0 to 5 years,244.086359
SD,SFD_ROOFAGE,6 to 10 years,277.49651
SD,SFD_ROOFAGE,11 years or more,242.627316
SD,SFD_ROOFANCH,Clips,252.41679
SD,SFD_ROOFANCH,Double wraps,252.745509
SD,SFD_ROOFANCH,Single wraps,243.35423
SD,SFD_ROOFANCH,Structural,280.113999
SD,SFD_ROOFANCH,Toenailing no anchorage,260.73353
SD,SFD_ROOFEQUIP,No equipment present,583.568975
SD,SFD_ROOFEQUIP,Roof mounted photovoltaic array,574.368464
SD,SFD_ROOFEQUIP,Roof mounted impact resistant array,574.440146
SD,SFD_ROOFEQUIP,Roof mounted mechanically attached array,615.298306
SD,SFD_ROOFGEOM,Complex roof,424.196331
SD,SFD_ROOFGEOM,Flat roof no parapets,357.932446
SD,SFD_ROOFGEOM,Flat roof parapets,370.499921
SD,SFD_ROOFGEOM,Gable roof LE6:12,402.586004
SD,SFD_ROOFGEOM,Braced gable LE6:12,404.481273
SD,SFD_ROOFGEOM,Gable roof GT6:12,419.686945
SD,SFD_ROOFGEOM,Braced gable GT6:12,392.845484
SD,SFD_ROOFGEOM,Hip roof LE6:12,419.246269
SD,SFD_ROOFGEOM,Hip roof GT6:12,369.579515
SD,SFD_ROOFMAINT,Excellent condition,428.336921
SD,SFD_ROOFMAINT,No deterioration or defects,372.421671
SD,SFD_ROOFMAINT,Visible defects,394.467655
SD,SFD_ROOFMAINT,Significant signs of distress,364.785529
SD,SFD_ROOFSYS,Built up or single ply,571.604847
SD,SFD_ROOFSYS,Built up with gutters,586.183677
SD,SFD_ROOFSYS,Built up without gutters,506.744664
SD,SFD_ROOFSYS,Built up unknown gutters,601.187378
SD,SFD_ROOFSYS,High wind shingle,600.494651
SD,SFD_ROOFSYS,High wind shingle plus SWR,590.167677
SD,SFD_ROOFSYS,Normal shingle,518.06508
SD,SFD_ROOFSYS,Normal shingle plus SWR,598.844538
SD,SFD_ROOFSYS,Metal concealed fasteners,576.250982
SD,SFD_ROOFSYS,Metal exposed fasteners,501.78959
SD,SFD_ROOFSYS,Metal unknown fasteners,542.614542
SD,SFD_ROOFSYS,Wood shakes,561.989631
SD,SFD_ROOFSYS,Concrete roof,502.586749
SD,SFD_ROOFSYS,Hail class 1,547.141888
SD,SFD_ROOFSYS,Hail class 2,568.761276
SD,SFD_ROOFSYS,Hail class 3,527.395349
SD,SFD_ROOFSYS,Hail class 4,516.67046
SD,SFD_ROOFSYS,Rubber roof,594.356798
SD,SFD_ROOFSYS,Green roof,593.229073
SD,SFD_ROOFSYS,Bermuda style roof,538.348532
SD,SFD_ROOFSYS,Concrete tiles,502.413373
SD,SFD_ROOFSYS,Slate tile,526.371155
SD,SFD_ROOFSYS,Fabric membrane,551.546857
SD,SFD_ROOFSYS,Solar tile,560.207158
SD,SFD_TODMGPROVISION,Cosmetic damage Fully covered,468.490328
SD,SFD_TODMGPROVISION,Cosmetic damage Mostly covered,498.103148
SD,SFD_TODMGPROVISION,Cosmetic damage Default,505.643115
SD,SFD_TODMGPROVISION,Cosmetic damage Rarely covered,439.036927
SD,SFD_TODMGPROVISION,Cosmetic damage Excluded,436.856119
SD,SFD_TOFLASHING,Compliant with ES1,479.751499
SD,SFD_TOFLASHING,Not compliant with ES1,428.555409
SD,SFD_TREEDENSITY,High tree risk high shielding,555.301271
SD,SFD_TREEDENSITY,Some trees some shielding,518.386876
SD,SFD_TREEDENSITY,No trees no shielding,596.691452
TN,COM_Unknown,Unknown,361.404668
TN,COM_ARCHITECT,Attached screen,258.732626
TN,COM_ARCHITECT,Detached screen,286.395023
TN,COM_ARCHITECT,Fences,275.07691
TN,COM_ARCHITECT,None,279.711729
TN,COM_ARCHITECT,Skylights,282.602668
TN,COM_ARCHITECT,Skylights protection,282.989995
TN,COM_CLADRATE,10d high wind nail,201.09785
TN,COM_CLADRATE,6d any nail,237.649121
TN,COM_CLADRATE,8d high wind nail,219.849049
TN,COM_CLADRATE,8d minimum nail,206.858126
TN,COM_CLADRATE,Batten decking,203.722845
TN,COM_CLADRATE,Lumber and groove,203.086869
TN,COM_CLADSYS,Vinyl siding,446.129857
TN,COM_CLADSYS,EIFS,463.132155
TN,COM_CLADSYS,Wood,395.473378
TN,COM_CLADSYS,Metal sheathing,409.778845
TN,COM_CLADSYS,Impact rated glazing,420.330528
TN,COM_CLADSYS,Stucco,412.869414
TN,COM_CLADSYS,Brick veneer,453.280473
TN,COM_CLADSYS,Concrete block,391.217253
TN,COM_CONSTQUALI,Signs of distress,321.940786
TN,COM_CONSTQUALI,WH Roof existing,315.610088
TN,COM_CONSTQUALI,Wind Roof existing,330.623765
TN,COM_CONSTQUALI,Wind Gold existing,299.487484
TN,COM_CONSTQUALI,Wind Silver existing,276.810201
TN,COM_CONSTQUALI,WH Gold existing,326.033089
TN,COM_CONSTQUALI,WH Silver existing,276.224338
TN,COM_EXTORN,Extensive ornamentation,273.150283
TN,COM_EXTORN,Extensive ornamentation and LPS,243.554834
TN,COM_EXTORN,Large signs,275.058495
TN,COM_EXTORN,Large signs and LPS,237.811681
TN,COM_EXTORN,Lightning protection,261.518725
TN,COM_FOUNDSYS,Bolted,370.533406
TN,COM_FOUNDSYS,Engineered,348.827514
TN,COM_FOUNDSYS,Unbolted,346.647194
TN,COM_GARAGING,Attached garage,369.284616
TN,COM_GARAGING,Detached garage,336.318209
TN,COM_GARAGING,No garage,347.187767
TN,COM_MECHGROUND,Generally unprotected,194.597179
TN,COM_MECHGROUND,Generally protected,175.150203
TN,COM_RESISTOPEN,Pressure small missile rated,314.961583
TN,COM_RESISTOPEN,Pressure medium missile rated,267.893376
TN,COM_RESISTOPEN,All openings pressure small missile rated,290.647036
TN,COM_RESISTOPEN,All openings pressure medium missile rated,308.998107
TN,COM_RESISTOPEN,All openings pressure large missile rated,314.426947
TN,COM_ROOFAGE,0 to 5 years,525.783207
TN,COM_ROOFAGE,6 to 10 years,512.267168
TN,COM_ROOFAGE,11 years or more,478.298685
TN,COM_ROOFANCH,Clips,187.329278
TN,COM_ROOFANCH,Double wraps,175.628377
TN,COM_ROOFANCH,Single wraps,180.942669
TN,COM_ROOFANCH,Structural,184.735565
TN,COM_ROOFANCH,Toenailing no anchorage,185.785815
TN,COM_ROOFEQUIP,No equipment present,265.079987
TN,COM_ROOFEQUIP,Roof mounted photovoltaic array,225.026061
TN,COM_ROOFEQUIP,Roof mounted impact resistant array,272.77817
TN,COM_ROOFEQUIP,Roof mounted mechanically attached array,227.558236
TN,COM_ROOFGEOM,Complex roof,313.087352
TN,COM_ROOFGEOM,Flat roof no parapets,356.861066
TN,COM_ROOFGEOM,Flat roof parapets,363.095242
TN,COM_ROOFGEOM,Gable roof LE6:12,307.822931
TN,COM_ROOFGEOM,Braced gable LE6:12,329.8874
TN,COM_ROOFGEOM,Gable roof GT6:12,331.003034
TN,COM_ROOFGEOM,Braced gable GT6:12,359.835417
TN,COM_ROOFGEOM,Hip roof LE6:12,307.488058
TN,COM_ROOFGEOM,Hip roof GT6:12,337.992769
TN,COM_ROOFMAINT,Excellent condition,167.349582
TN,COM_ROOFMAINT,No deterioration or defects,167.834118
TN,COM_ROOFMAINT,Visible defects,186.818972
TN,COM_ROOFMAINT,Significant signs of distress,167.978617
TN,COM_ROOFSYS,Built up or single ply,301.751385
TN,COM_ROOFSYS,Built up with gutters,337.447751
TN,COM_ROOFSYS,Built up without gutters,333.997861
TN,COM_ROOFSYS,Built up unknown gutters,330.582693
TN,COM_ROOFSYS,High wind shingle,280.969678
TN,COM_ROOFSYS,High wind shingle plus SWR,318.840039
TN,COM_ROOFSYS,Normal shingle,328.140681
TN,COM_ROOFSYS,Normal shingle plus SWR,324.184305
TN,COM_ROOFSYS,Metal concealed fasteners,291.161016
TN,COM_ROOFSYS,Metal exposed fasteners,315.69825
TN,COM_ROOFSYS,Metal unknown fasteners,305.328443
TN,COM_ROOFSYS,Wood shakes,299.961914
TN,COM_ROOFSYS,Concrete roof,305.765791
TN,COM_ROOFSYS,Hail class 1,302.33423
TN,COM_ROOFSYS,Hail class 2,333.720011
TN,COM_ROOFSYS,Hail class 3,296.578783
TN,COM_ROOFSYS,Hail class 4,304.05673
TN,COM_ROOFSYS,Rubber roof,335.059663
TN,COM_ROOFSYS,Green roof,330.759363
TN,COM_ROOFSYS,Bermuda style roof,324.702096
TN,COM_ROOFSYS,Concrete tiles,306.946623
TN,COM_ROOFSYS,Slate tile,307.995254
TN,COM_ROOFSYS,Fabric membrane,309.469642
TN,COM_ROOFSYS,Solar tile,287.531936
TN,COM_TODMGPROVISION,Cosmetic damage Fully covered,406.525687
TN,COM_TODMGPROVISION,Cosmetic damage Mostly covered,411.509231
TN,COM_TODMGPROVISION,Cosmetic damage Default,369.375753
TN,COM_TODMGPROVISION,Cosmetic damage Rarely covered,420.376192
TN,COM_TODMGPROVISION,Cosmetic damage Excluded,372.559355
TN,COM_TOFLASHING,Compliant with ES1,408.435673
TN,COM_TOFLASHING,Not compliant with ES1,366.525147
TN,COM_TREEDENSITY,High tree risk high shielding,198.081644
TN,COM_TREEDENSITY,Some trees some shielding,198.879166
TN,COM_TREEDENSITY,No trees no shielding,192.108342
TN,SFD_Unknown,Unknown,413.786297
TN,SFD_ARCHITECT,Attached screen,431.768537
TN,SFD_ARCHITECT,Detached screen,417.635082
TN,SFD_ARCHITECT,Fences,418.61514
TN,SFD_ARCHITECT,None,485.693451
TN,SFD_ARCHITECT,Skylights,445.318898
TN,SFD_ARCHITECT,Skylights protection,415.907957
TN,SFD_CLADRATE,10d high wind nail,433.370158
TN,SFD_CLADRATE,6d any nail,434.936273
TN,SFD_CLADRATE,8d high wind nail,429.473872
TN,SFD_CLADRATE,8d minimum nail,405.904989
TN,SFD_CLADRATE,Batten decking,383.051894
TN,SFD_CLADRATE,Lumber and groove,426.440411
TN,SFD_CLADSYS,Vinyl siding,399.495154
TN,SFD_CLADSYS,EIFS,416.797091
TN,SFD_CLADSYS,Wood,435.632055
TN,SFD_CLADSYS,Metal sheathing,467.191099
TN,SFD_CLADSYS,Impact rated glazing,454.219133
TN,SFD_CLADSYS,Stucco,428.789161
TN,SFD_CLADSYS,Brick veneer,439.543813
TN,SFD_CLADSYS,Concrete block,405.017981
TN,SFD_CONSTQUALI,Signs of distress,342.45817
TN,SFD_CONSTQUALI,WH Roof existing,345.277153
TN,SFD_CONSTQUALI,Wind Roof existing,400.722918
TN,SFD_CONSTQUALI,Wind Gold existing,353.760736
TN,SFD_CONSTQUALI,Wind Silver existing,389.81531
TN,SFD_CONSTQUALI,WH Gold existing,359.55244
TN,SFD_CONSTQUALI,WH Silver existing,381.297334
TN,SFD_EXTORN,Extensive ornamentation,502.257606
TN,SFD_EXTORN,Extensive ornamentation and LPS,507.585204
TN,SFD_EXTORN,Large signs,525.108296
TN,SFD_EXTORN,Large signs and LPS,525.210414
TN,SFD_EXTORN,Lightning protection,477.632433
TN,SFD_FOUNDSYS,Bolted,446.100527
TN,SFD_FOUNDSYS,Engineered,445.197044
TN,SFD_FOUNDSYS,Unbolted,444.103085
TN,SFD_GARAGING,Attached garage,377.637165
TN,SFD_GARAGING,Detached garage,392.968575
TN,SFD_GARAGING,No garage,369.294134
TN,SFD_MECHGROUND,Generally unprotected,428.422905
TN,SFD_MECHGROUND,Generally protected,445.182334
TN,SFD_RESISTOPEN,Pressure small missile rated,460.962316
TN,SFD_RESISTOPEN,Pressure medium missile rated,446.035661
TN,SFD_RESISTOPEN,All openings pressure small missile rated,410.318292
TN,SFD_RESISTOPEN,All openings pressure medium missile rated,427.398581
TN,SFD_RESISTOPEN,All openings pressure large missile rated,497.809158
TN,SFD_ROOFAGE,0 to 5 years,222.495358
TN,SFD_ROOFAGE,6 to 10 years,250.910438
TN,SFD_ROOFAGE,11 years or more,218.27074
TN,SFD_ROOFANCH,Clips,254.489223
TN,SFD_ROOFANCH,Double wraps,243.599863
TN,SFD_ROOFANCH,Single wraps,256.673089
TN,SFD_ROOFANCH,Structural,261.628349
TN,SFD_ROOFANCH,Toenailing no anchorage,254.333622
TN,SFD_ROOFEQUIP,No equipment present,598.853535
TN,SFD_ROOFEQUIP,Roof mounted photovoltaic array,635.847573
TN,SFD_ROOFEQUIP,Roof mounted impact resistant array,546.98931
TN,SFD_ROOFEQUIP,Roof mounted mechanically attached array,629.533901
TN,SFD_ROOFGEOM,Complex roof,411.650122
TN,SFD_ROOFGEOM,Flat roof no parapets,407.785264
TN,SFD_ROOFGEOM,Flat roof parapets,347.489075
TN,SFD_ROOFGEOM,Gable roof LE6:12,353.91632
TN,SFD_ROOFGEOM,Braced gable LE6:12,388.158838
TN,SFD_ROOFGEOM,Gable roof GT6:12,385.487662
TN,SFD_ROOFGEOM,Braced gable GT6:12,412.81278
TN,SFD_ROOFGEOM,Hip roof LE6:12,368.403533
TN,SFD_ROOFGEOM,Hip roof GT6:12,411.634188
TN,SFD_ROOFMAINT,Excellent condition,388.505798
TN,SFD_ROOFMAINT,No deterioration or defects,430.961521
TN,SFD_ROOFMAINT,Visible defects,411.613274
TN,SFD_ROOFMAINT,Significant signs of distress,412.707339
TN,SFD_ROOFSYS,Built up or single ply,649.538257
TN,SFD_ROOFSYS,Built up with gutters,594.971843
TN,SFD_ROOFSYS,Built up without gutters,577.921557
TN,SFD_ROOFSYS,Built up unknown gutters,555.202637
TN,SFD_ROOFSYS,High wind shingle,644.496032
TN,SFD_ROOFSYS,High wind shingle plus SWR,573.935569
TN,SFD_ROOFSYS,Normal shingle,572.519992
TN,SFD_ROOFSYS,Normal shingle plus SWR,638.269722
TN,SFD_ROOFSYS,Metal concealed fasteners,582.513904
TN,SFD_ROOFSYS,Metal exposed fasteners,650.260866
TN,SFD_ROOFSYS,Metal unknown fasteners,578.153509
TN,SFD_ROOFSYS,Wood shakes,607.148412
TN,SFD_ROOFSYS,Concrete roof,606.813181
TN,SFD_ROOFSYS,Hail class 1,546.710168
TN,SFD_ROOFSYS,Hail class 2,614.680572
TN,SFD_ROOFSYS,Hail class 3,534.155987
TN,SFD_ROOFSYS,Hail class 4,600.217177
TN,SFD_ROOFSYS,Rubber roof,598.050455
TN,SFD_ROOFSYS,Green roof,620.132278
TN,SFD_ROOFSYS,Bermuda style roof,574.137497
TN,SFD_ROOFSYS,Concrete tiles,559.799156
TN,SFD_ROOFSYS,Slate tile,558.351897
TN,SFD_ROOFSYS,Fabric membrane,582.16592
TN,SFD_ROOFSYS,Solar tile,539.417538
TN,SFD_TODMGPROVISION,Cosmetic damage Fully covered,499.343253
TN,SFD_TODMGPROVISION,Cosmetic damage Mostly covered,494.457123
TN,SFD_TODMGPROVISION,Cosmetic damage Default,442.625019
TN,SFD_TODMGPROVISION,Cosmetic damage Rarely covered,474.316478
TN,SFD_TODMGPROVISION,Cosmetic damage Excluded,432.18876
TN,SFD_TOFLASHING,Compliant with ES1,481.006107
TN,SFD_TOFLASHING,Not compliant with ES1,478.802778
TN,SFD_TREEDENSITY,High tree risk high shielding,557.690353
TN,SFD_TREEDENSITY,Some trees some shielding,547.583348
TN,SFD_TREEDENSITY,No trees no shielding,523.8427
TX,COM_Unknown,Unknown,445.628593
TX,COM_ARCHITECT,Attached screen,299.403954
TX,COM_ARCHITECT,Detached screen,319.7928
TX,COM_ARCHITECT,Fences,313.739007
TX,COM_ARCHITECT,None,294.822417
TX,COM_ARCHITECT,Skylights,295.713276
TX,COM_ARCHITECT,Skylights protection,302.344018
TX,COM_CLADRATE,10d high wind nail,271.145497
TX,COM_CLADRATE,6d any nail,296.601178
TX,COM_CLADRATE,8d high wind nail,248.903546
TX,COM_CLADRATE,8d minimum nail,253.646059
TX,COM_CLADRATE,Batten decking,280.29339
TX,COM_CLADRATE,Lumber and groove,254.465396
TX,COM_CLADSYS,Vinyl siding,459.271668
TX,COM_CLADSYS,EIFS,491.609415
TX,COM_CLADSYS,Wood,472.278105
TX,COM_CLADSYS,Metal sheathing,539.821498
TX,COM_CLADSYS,Impact rated glazing,515.378575
TX,COM_CLADSYS,Stucco,487.123155
TX,COM_CLADSYS,Brick veneer,482.299433
TX,COM_CLADSYS,Concrete block,515.618537
TX,COM_CONSTQUALI,Signs of distress,423.445545
TX,COM_CONSTQUALI,WH Roof existing,396.134642
TX,COM_CONSTQUALI,Wind Roof existing,430.02449
TX,COM_CONSTQUALI,Wind Gold existing,420.891902
TX,COM_CONSTQUALI,Wind Silver existing,420.114938
TX,COM_CONSTQUALI,WH Gold existing,389.9154
TX,COM_CONSTQUALI,WH Silver existing,400.763613
TX,COM_EXTORN,Extensive ornamentation,329.414867
TX,COM_EXTORN,Extensive ornamentation and LPS,303.638652
TX,COM_EXTORN,Large signs,322.253657
TX,COM_EXTORN,Large signs and LPS,308.08082
TX,COM_EXTORN,Lightning protection,322.009242
TX,COM_FOUNDSYS,Bolted,475.058144
TX,COM_FOUNDSYS,Engineered,424.138869
TX,COM_FOUNDSYS,Unbolted,476.506431
TX,COM_GARAGING,Attached garage,430.456698
TX,COM_GARAGING,Detached garage,446.189557
TX,COM_GARAGING,No garage,417.707594
TX,COM_MECHGROUND,Generally unprotected,241.50313
TX,COM_MECHGROUND,Generally protected,205.121728
TX,COM_RESISTOPEN,Pressure small missile rated,411.287354
TX,COM_RESISTOPEN,Pressure medium missile rated,374.816009
TX,COM_RESISTOPEN,All openings pressure small missile rated,389.893173
TX,COM_RESISTOPEN,All openings pressure medium missile rated,360.810964
TX,COM_RESISTOPEN,All openings pressure large missile rated,368.071708
TX,COM_ROOFAGE,0 to 5 years,616.554807
TX,COM_ROOFAGE,6 to 10 years,618.744283
TX,COM_ROOFAGE,11 years or more,650.466476
TX,COM_ROOFANCH,Clips,228.720509
TX,COM_ROOFANCH,Double wraps,198.485465
TX,COM_ROOFANCH,Single wraps,220.853169
TX,COM_ROOFANCH,Structural,219.433594
TX,COM_ROOFANCH,Toenailing no anchorage,222.073763
TX,COM_ROOFEQUIP,No equipment present,318.157151
TX,COM_ROOFEQUIP,Roof mounted photovoltaic array,346.069767
TX,COM_ROOFEQUIP,Roof mounted impact resistant array,298.220268
TX,COM_ROOFEQUIP,Roof mounted mechanically attached array,296.367272
TX,COM_ROOFGEOM,Complex roof,369.86549
TX,COM_ROOFGEOM,Flat roof no parapets,401.363204
TX,COM_ROOFGEOM,Flat roof parapets,403.233803
TX,COM_ROOFGEOM,Gable roof LE6:12,371.425996
TX,COM_ROOFGEOM,Braced gable LE6:12,420.098383
TX,COM_ROOFGEOM,Gable roof GT6:12,387.165433
TX,COM_ROOFGEOM,Braced gable GT6:12,410.546717
TX,COM_ROOFGEOM,Hip roof LE6:12,393.337329
TX,COM_ROOFGEOM,Hip roof GT6:12,401.591055
TX,COM_ROOFMAINT,Excellent condition,231.450564
TX,COM_ROOFMAINT,No deterioration or defects,241.458001
TX,COM_ROOFMAINT,Visible defects,212.275969
TX,COM_ROOFMAINT,Significant signs of distress,208.663449
TX,COM_ROOFSYS,Built up or single ply,408.517016
TX,COM_ROOFSYS,Built up with gutters,367.6142
TX,COM_ROOFSYS,Built up without gutters,398.407915
TX,COM_ROOFSYS,Built up unknown gutters,368.267451
TX,COM_ROOFSYS,High wind shingle,371.191129
TX,COM_ROOFSYS,High wind shingle plus SWR,394.215605
TX,COM_ROOFSYS,Normal shingle,370.050942
TX,COM_ROOFSYS,Normal shingle plus SWR,403.373579
TX,COM_ROOFSYS,Metal concealed fasteners,360.487355
TX,COM_ROOFSYS,Metal exposed fasteners,366.845054
TX,COM_ROOFSYS,Metal unknown fasteners,415.183459
TX,COM_ROOFSYS,Wood shakes,356.530406
TX,COM_ROOFSYS,Concrete roof,405.132058
TX,COM_ROOFSYS,Hail class 1,363.715796
TX,COM_ROOFSYS,Hail class 2,363.503152
TX,COM_ROOFSYS,Hail class 3,353.581946
TX,COM_ROOFSYS,Hail class 4,379.928303
TX,COM_ROOFSYS,Rubber roof,394.90634
TX,COM_ROOFSYS,Green roof,363.571147
TX,COM_ROOFSYS,Bermuda style roof,408.143593
TX,COM_ROOFSYS,Concrete tiles,394.213242
TX,COM_ROOFSYS,Slate tile,427.185843
TX,COM_ROOFSYS,Fabric membrane,425.774199
TX,COM_ROOFSYS,Solar tile,366.303732
TX,COM_TODMGPROVISION,Cosmetic damage Fully covered,492.321592
TX,COM_TODMGPROVISION,Cosmetic damage Mostly covered,544.228363
TX,COM_TODMGPROVISION,Cosmetic damage Default,506.475763
TX,COM_TODMGPROVISION,Cosmetic damage Rarely covered,558.881009
TX,COM_TODMGPROVISION,Cosmetic damage Excluded,520.484547
TX,COM_TOFLASHING,Compliant with ES1,466.683613
TX,COM_TOFLASHING,Not compliant with ES1,455.044171
TX,COM_TREEDENSITY,High tree risk high shielding,264.400573
TX,COM_TREEDENSITY,Some trees some shielding,268.230494
TX,COM_TREEDENSITY,No trees no shielding,285.516143
TX,SFD_Unknown,Unknown,562.494719
TX,SFD_ARCHITECT,Attached screen,568.777144
TX,SFD_ARCHITECT,Detached screen,623.986395
TX,SFD_ARCHITECT,Fences,616.753103
TX,SFD_ARCHITECT,None,675.305181
TX,SFD_ARCHITECT,Skylights,641.705769
TX,SFD_ARCHITECT,Skylights protection,596.055866
TX,SFD_CLADRATE,10d high wind nail,593.336574
TX,SFD_CLADRATE,6d any nail,575.637736
TX,SFD_CLADRATE,8d high wind nail,625.757022
TX,SFD_CLADRATE,8d minimum nail,569.15267
TX,SFD_CLADRATE,Batten decking,634.964682
TX,SFD_CLADRATE,Lumber and groove,602.543176
TX,SFD_CLADSYS,Vinyl siding,666.384713
TX,SFD_CLADSYS,EIFS,613.951487
TX,SFD_CLADSYS,Wood,574.546571
TX,SFD_CLADSYS,Metal sheathing,586.470998
TX,SFD_CLADSYS,Impact rated glazing,612.544792
TX,SFD_CLADSYS,Stucco,627.776619
TX,SFD_CLADSYS,Brick veneer,594.532837
TX,SFD_CLADSYS,Concrete block,582.2379
TX,SFD_CONSTQUALI,Signs of distress,577.674247
TX,SFD_CONSTQUALI,WH Roof existing,592.364621
TX,SFD_CONSTQUALI,Wind Roof existing,501.796784
TX,SFD_CONSTQUALI,Wind Gold existing,561.914918
TX,SFD_CONSTQUALI,Wind Silver existing,593.857865
TX,SFD_CONSTQUALI,WH Gold existing,544.025571
TX,SFD_CONSTQUALI,WH Silver existing,575.388684
TX,SFD_EXTORN,Extensive ornamentation,630.116903
TX,SFD_EXTORN,Extensive ornamentation and LPS,627.285875
TX,SFD_EXTORN,Large signs,610.548902
TX,SFD_EXTORN,Large signs and LPS,647.470341
TX,SFD_EXTORN,Lightning protection,691.707976
TX,SFD_FOUNDSYS,Bolted,625.491727
TX,SFD_FOUNDSYS,Engineered,582.876139
TX,SFD_FOUNDSYS,Unbolted,521.660194
TX,SFD_GARAGING,Attached garage,566.636253
TX,SFD_GARAGING,Detached garage,525.410525
TX,SFD_GARAGING,No garage,496.796316
TX,SFD_MECHGROUND,Generally unprotected,553.667619
TX,SFD_MECHGROUND,Generally protected,653.036837
TX,SFD_RESISTOPEN,Pressure small missile rated,602.477678
TX,SFD_RESISTOPEN,Pressure medium missile rated,602.120263
TX,SFD_RESISTOPEN,All openings pressure small missile rated,661.574344
TX,SFD_RESISTOPEN,All openings pressure medium missile rated,670.878442
TX,SFD_RESISTOPEN,All openings pressure large missile rated,621.068025
TX,SFD_ROOFAGE,0 to 5 years,374.818701
TX,SFD_ROOFAGE,6 to 10 years,329.045592
TX,SFD_ROOFAGE,11 years or more,368.976567
TX,SFD_ROOFANCH,Clips,322.679368
TX,SFD_ROOFANCH,Double wraps,332.16364
TX,SFD_ROOFANCH,Single wraps,346.604585
TX,SFD_ROOFANCH,Structural,337.845957
TX,SFD_ROOFANCH,Toenailing no anchorage,335.142728
TX,SFD_ROOFEQUIP,No equipment present,832.599335
TX,SFD_ROOFEQUIP,Roof mounted photovoltaic array,796.719386
TX,SFD_ROOFEQUIP,Roof mounted impact resistant array,798.777025
TX,SFD_ROOFEQUIP,Roof mounted mechanically attached array,744.367129
TX,SFD_ROOFGEOM,Complex roof,559.29435
TX,SFD_ROOFGEOM,Flat roof no parapets,507.77514
TX,SFD_ROOFGEOM,Flat roof parapets,485.912982
TX,SFD_ROOFGEOM,Gable roof LE6:12,546.414631
TX,SFD_ROOFGEOM,Braced gable LE6:12,480.426585
TX,SFD_ROOFGEOM,Gable roof GT6:12,525.148961
TX,SFD_ROOFGEOM,Braced gable GT6:12,469.393747
TX,SFD_ROOFGEOM,Hip roof LE6:12,470.940486
TX,SFD_ROOFGEOM,Hip roof GT6:12,530.831894
TX,SFD_ROOFMAINT,Excellent condition,509.793567
TX,SFD_ROOFMAINT,No deterioration or defects,529.868472
TX,SFD_ROOFMAINT,Visible defects,524.877521
TX,SFD_ROOFMAINT,Significant signs of distress,584.257034
TX,SFD_ROOFSYS,Built up or single ply,726.941732
TX,SFD_ROOFSYS,Built up with gutters,762.612544
TX,SFD_ROOFSYS,Built up without gutters,710.547123
TX,SFD_ROOFSYS,Built up unknown gutters,771.920623
TX,SFD_ROOFSYS,High wind shingle,814.221219
TX,SFD_ROOFSYS,High wind shingle plus SWR,794.211146
TX,SFD_ROOFSYS,Normal shingle,837.312187
TX,SFD_ROOFSYS,Normal shingle plus SWR,829.310601
TX,SFD_ROOFSYS,Metal concealed fasteners,813.388409
TX,SFD_ROOFSYS,Metal exposed fasteners,860.72826
TX,SFD_ROOFSYS,Metal unknown fasteners,850.679818
TX,SFD_ROOFSYS,Wood shakes,733.053572
TX,SFD_ROOFSYS,Concrete roof,835.672083
TX,SFD_ROOFSYS,Hail class 1,842.463976
TX,SFD_ROOFSYS,Hail class 2,735.017432
TX,SFD_ROOFSYS,Hail class 3,832.685347
TX,SFD_ROOFSYS,Hail class 4,836.84949
TX,SFD_ROOFSYS,Rubber roof,707.655788
TX,SFD_ROOFSYS,Green roof,751.034714
TX,SFD_ROOFSYS,Bermuda style roof,782.220448
TX,SFD_ROOFSYS,Concrete tiles,843.370947
TX,SFD_ROOFSYS,Slate tile,818.303045
TX,SFD_ROOFSYS,Fabric membrane,839.311948
TX,SFD_ROOFSYS,Solar tile,856.869054
TX,SFD_TODMGPROVISION,Cosmetic damage Fully covered,580.110329
TX,SFD_TODMGPROVISION,Cosmetic damage Mostly covered,678.463216
TX,SFD_TODMGPROVISION,Cosmetic damage Default,622.851578
TX,SFD_TODMGPROVISION,Cosmetic damage Rarely covered,619.847518
TX,SFD_TODMGPROVISION,Cosmetic damage Excluded,572.204549
TX,SFD_TOFLASHING,Compliant with ES1,644.315787
TX,SFD_TOFLASHING,Not compliant with ES1,560.319274
TX,SFD_TREEDENSITY,High tree risk high shielding,697.298746
TX,SFD_TREEDENSITY,Some trees some shielding,756.458439
TX,SFD_TREEDENSITY,No trees no shielding,759.144149
UT,COM_Unknown,Unknown,387.157613
UT,COM_ARCHITECT,Attached screen,255.545986
UT,COM_ARCHITECT,Detached screen,246.008875
UT,COM_ARCHITECT,Fences,292.973663
UT,COM_ARCHITECT,None,256.822907
UT,COM_ARCHITECT,Skylights,272.152293
UT,COM_ARCHITECT,Skylights protection,297.513143
UT,COM_CLADRATE,10d high wind nail,214.488944
UT,COM_CLADRATE,6d any nail,233.691767
UT,COM_CLADRATE,8d high wind nail,235.546336
UT,COM_CLADRATE,8d minimum nail,240.801431
UT,COM_CLADRATE,Batten decking,223.662681
UT,COM_CLADRATE,Lumber and groove,240.995505
UT,COM_CLADSYS,Vinyl siding,465.990258
UT,COM_CLADSYS,EIFS,433.574217
UT,COM_CLADSYS,Wood,465.436727
UT,COM_CLADSYS,Metal sheathing,435.010813
UT,COM_CLADSYS,Impact rated glazing,478.499118
UT,COM_CLADSYS,Stucco,435.477294
UT,COM_CLADSYS,Brick veneer,463.324132
UT,COM_CLADSYS,Concrete block,397.085113
UT,COM_CONSTQUALI,Signs of distress,353.204749
UT,COM_CONSTQUALI,WH Roof existing,319.845397
UT,COM_CONSTQUALI,Wind Roof existing,356.796082
UT,COM_CONSTQUALI,Wind Gold existing,356.121158
UT,COM_CONSTQUALI,Wind Silver existing,364.487754
UT,COM_CONSTQUALI,WH Gold existing,322.381023
UT,COM_CONSTQUALI,WH Silver existing,382.448908
UT,COM_EXTORN,Extensive ornamentation,280.745035
UT,COM_EXTORN,Extensive ornamentation and LPS,259.974852
UT,COM_EXTORN,Large signs,285.898713
UT,COM_EXTORN,Large signs and LPS,269.165566
UT,COM_EXTORN,Lightning protection,256.225553
UT,COM_FOUNDSYS,Bolted,415.449404
UT,COM_FOUNDSYS,Engineered,384.997096
UT,COM_FOUNDSYS,Unbolted,375.90157
UT,COM_GARAGING,Attached garage,411.706167
UT,COM_GARAGING,Detached garage,346.42885
UT,COM_GARAGING,No garage,365.35545
UT,COM_MECHGROUND,Generally unprotected,202.299365
UT,COM_MECHGROUND,Generally protected,206.967277
UT,COM_RESISTOPEN,Pressure small missile rated,332.705216
UT,COM_RESISTOPEN,Pressure medium missile rated,294.157457
UT,COM_RESISTOPEN,All openings pressure small missile rated,322.227731
UT,COM_RESISTOPEN,All openings pressure medium missile rated,331.550876
UT,COM_RESISTOPEN,All openings pressure large missile rated,300.152822
UT,COM_ROOFAGE,0 to 5 years,543.764528
UT,COM_ROOFAGE,6 to 10 years,548.158221
UT,COM_ROOFAGE,11 years or more,568.71741
UT,COM_ROOFANCH,Clips,193.902629
UT,COM_ROOFANCH,Double wraps,186.461353
UT,COM_ROOFANCH,Single wraps,207.429
UT,COM_ROOFANCH,Structural,202.654696
UT,COM_ROOFANCH,Toenailing no anchorage,208.191801
UT,COM_ROOFEQUIP,No equipment present,266.066827
UT,COM_ROOFEQUIP,Roof mounted photovoltaic array,261.356454
UT,COM_ROOFEQUIP,Roof mounted impact resistant array,271.254875
UT,COM_ROOFEQUIP,Roof mounted mechanically attached array,252.241435
UT,COM_ROOFGEOM,Complex roof,362.034793
UT,COM_ROOFGEOM,Flat roof no parapets,338.835021
UT,COM_ROOFGEOM,Flat roof parapets,355.163606
UT,COM_ROOFGEOM,Gable roof LE6:12,348.586971
UT,COM_ROOFGEOM,Braced gable LE6:12,380.178365
UT,COM_ROOFGEOM,Gable roof GT6:12,322.125094
UT,COM_ROOFGEOM,Braced gable GT6:12,339.697054
UT,COM_ROOFGEOM,Hip roof LE6:12,362.752443
UT,COM_ROOFGEOM,Hip roof GT6:12,353.057755
UT,COM_ROOFMAINT,Excellent condition,215.133275
UT,COM_ROOFMAINT,No deterioration or defects,203.876886
UT,COM_ROOFMAINT,Visible defects,180.293039
UT,COM_ROOFMAINT,Significant signs of distress,212.776341
UT,COM_ROOFSYS,Built up or single ply,329.657713
UT,COM_ROOFSYS,Built up with gutters,340.466779
UT,COM_ROOFSYS,Built up without gutters,298.618968
UT,COM_ROOFSYS,Built up unknown gutters,318.519664
UT,COM_ROOFSYS,High wind shingle,317.04276
UT,COM_ROOFSYS,High wind shingle plus SWR,312.725519
UT,COM_ROOFSYS,Normal shingle,315.730355
UT,COM_ROOFSYS,Normal shingle plus SWR,301.743227
UT,COM_ROOFSYS,Metal concealed fasteners,352.019478
UT,COM_ROOFSYS,Metal exposed fasteners,302.114375
UT,COM_ROOFSYS,Metal unknown fasteners,345.323665
UT,COM_ROOFSYS,Wood shakes,323.081362
UT,COM_ROOFSYS,Concrete roof,359.919217
UT,COM_ROOFSYS,Hail class 1,356.009027
UT,COM_ROOFSYS,Hail class 2,322.383848
UT,COM_ROOFSYS,Hail class 3,331.365403
UT,COM_ROOFSYS,Hail class 4,349.423454
UT,COM_ROOFSYS,Rubber roof,358.91627
UT,COM_ROOFSYS,Green roof,321.135654
UT,COM_ROOFSYS,Bermuda style roof,315.005878
UT,COM_ROOFSYS,Concrete tiles,315.732522
UT,COM_ROOFSYS,Slate tile,344.37577
UT,COM_ROOFSYS,Fabric membrane,340.443694
UT,COM_ROOFSYS,Solar tile,333.218692
UT,COM_TODMGPROVISION,Cosmetic damage Fully covered,432.678456
UT,COM_TODMGPROVISION,Cosmetic damage Mostly covered,450.875626
UT,COM_TODMGPROVISION,Cosmetic damage Default,427.612775
UT,COM_TODMGPROVISION,Cosmetic damage Rarely covered,432.451316
UT,COM_TODMGPROVISION,Cosmetic damage Excluded,444.465631
UT,COM_TOFLASHING,Compliant with ES1,430.350284
UT,COM_TOFLASHING,Not compliant with ES1,407.578223
UT,COM_TREEDENSITY,High tree risk high shielding,216.251062
UT,COM_TREEDENSITY,Some trees some shielding,240.937067
UT,COM_TREEDENSITY,No trees no shielding,209.290999
UT,SFD_Unknown,Unknown,573.219702
UT,SFD_ARCHITECT,Attached screen,636.4576
UT,SFD_ARCHITECT,Detached screen,624.886189
UT,SFD_ARCHITECT,Fences,590.958274
UT,SFD_ARCHITECT,None,612.85455
UT,SFD_ARCHITECT,Skylights,611.180571
UT,SFD_ARCHITECT,Skylights protection,685.922575
UT,SFD_CLADRATE,10d high wind nail,658.695862
UT,SFD_CLADRATE,6d any nail,638.881813
UT,SFD_CLADRATE,8d high wind nail,598.423171
UT,SFD_CLADRATE,8d minimum nail,634.125153
UT,SFD_CLADRATE,Batten decking,609.06722
UT,SFD_CLADRATE,Lumber and groove,565.071948
UT,SFD_CLADSYS,Vinyl siding,588.009961
UT,SFD_CLADSYS,EIFS,664.934328
UT,SFD_CLADSYS,Wood,666.367366
UT,SFD_CLADSYS,Metal sheathing,621.735339
UT,SFD_CLADSYS,Impact rated glazing,558.954042
UT,SFD_CLADSYS,Stucco,607.051016
UT,SFD_CLADSYS,Brick veneer,619.046345
UT,SFD_CLADSYS,Concrete block,615.062313
UT,SFD_CONSTQUALI,Signs of distress,563.787227
UT,SFD_CONSTQUALI,WH Roof existing,534.491938
UT,SFD_CONSTQUALI,Wind Roof existing,571.273831
UT,SFD_CONSTQUALI,Wind Gold existing,509.70325
UT,SFD_CONSTQUALI,Wind Silver existing,526.837755
UT,SFD_CONSTQUALI,WH Gold existing,538.830909
UT,SFD_CONSTQUALI,WH Silver existing,544.626318
UT,SFD_EXTORN,Extensive ornamentation,585.771256
UT,SFD_EXTORN,Extensive ornamentation and LPS,639.128271
UT,SFD_EXTORN,Large signs,633.903529
UT,SFD_EXTORN,Large signs and LPS,633.38001
UT,SFD_EXTORN,Lightning protection,619.612565
UT,SFD_FOUNDSYS,Bolted,652.460984
UT,SFD_FOUNDSYS,Engineered,569.724488
UT,SFD_FOUNDSYS,Unbolted,613.941769
UT,SFD_GARAGING,Attached garage,494.853504
UT,SFD_GARAGING,Detached garage,557.62357
UT,SFD_GARAGING,No garage,508.167473
UT,SFD_MECHGROUND,Generally unprotected,568.585911
UT,SFD_MECHGROUND,Generally protected,586.901388
UT,SFD_RESISTOPEN,Pressure small missile rated,604.030435
UT,SFD_RESISTOPEN,Pressure medium missile rated,670.933741
UT,SFD_RESISTOPEN,All openings pressure small missile rated,660.340193
UT,SFD_RESISTOPEN,All openings pressure medium missile rated,640.11226
UT,SFD_RESISTOPEN,All openings pressure large missile rated,571.586162
UT,SFD_ROOFAGE,0 to 5 years,324.703723
UT,SFD_ROOFAGE,6 to 10 years,301.284844
UT,SFD_ROOFAGE,11 years or more,345.951797
UT,SFD_ROOFANCH,Clips,369.73864
UT,SFD_ROOFANCH,Double wraps,324.902013
UT,SFD_ROOFANCH,Single wraps,317.376535
UT,SFD_ROOFANCH,Structural,365.758648
UT,SFD_ROOFANCH,Toenailing no anchorage,313.976496
UT,SFD_ROOFEQUIP,No equipment present,817.533651
UT,SFD_ROOFEQUIP,Roof mounted photovoltaic array,886.325783
UT,SFD_ROOFEQUIP,Roof mounted impact resistant array,820.85722
UT,SFD_ROOFEQUIP,Roof mounted mechanically attached array,856.17239
UT,SFD_ROOFGEOM,Complex roof,531.347973
UT,SFD_ROOFGEOM,Flat roof no parapets,534.09202
UT,SFD_ROOFGEOM,Flat roof parapets,511.054843
UT,SFD_ROOFGEOM,Gable roof LE6:12,515.605658
UT,SFD_ROOFGEOM,Braced gable LE6:12,583.488273
UT,SFD_ROOFGEOM,Gable roof GT6:12,589.733265
UT,SFD_ROOFGEOM,Braced gable GT6:12,563.319025
UT,SFD_ROOFGEOM,Hip roof LE6:12,525.096631
UT,SFD_ROOFGEOM,Hip roof GT6:12,537.95762
UT,SFD_ROOFMAINT,Excellent condition,584.322142
UT,SFD_ROOFMAINT,No deterioration or defects,608.87979
UT,SFD_ROOFMAINT,Visible defects,550.646322
UT,SFD_ROOFMAINT,Significant signs of distress,557.872004
UT,SFD_ROOFSYS,Built up or single ply,902.393644
UT,SFD_ROOFSYS,Built up with gutters,864.275994
UT,SFD_ROOFSYS,Built up without gutters,765.356616
UT,SFD_ROOFSYS,Built up unknown gutters,880.201573
UT,SFD_ROOFSYS,High wind shingle,773.683656
UT,SFD_ROOFSYS,High wind shingle plus SWR,771.272404
UT,SFD_ROOFSYS,Normal shingle,890.249599
UT,SFD_ROOFSYS,Normal shingle plus SWR,754.812275
UT,SFD_ROOFSYS,Metal concealed fasteners,754.729921
UT,SFD_ROOFSYS,Metal exposed fasteners,906.306206
UT,SFD_ROOFSYS,Metal unknown fasteners,867.015945
UT,SFD_ROOFSYS,Wood shakes,832.267147
UT,SFD_ROOFSYS,Concrete roof,840.566802
UT,SFD_ROOFSYS,Hail class 1,793.245987
UT,SFD_ROOFSYS,Hail class 2,872.335223
UT,SFD_ROOFSYS,Hail class 3,822.957014
UT,SFD_ROOFSYS,Hail class 4,874.410335
UT,SFD_ROOFSYS,Rubber roof,797.04258
UT,SFD_ROOFSYS,Green roof,786.703615
UT,SFD_ROOFSYS,Bermuda style roof,885.203539
UT,SFD_ROOFSYS,Concrete tiles,785.711336
UT,SFD_ROOFSYS,Slate tile,870.791541
UT,SFD_ROOFSYS,Fabric membrane,875.988637
UT,SFD_ROOFSYS,Solar tile,908.533489
UT,SFD_TODMGPROVISION,Cosmetic damage Fully covered,552.016075
UT,SFD_TODMGPROVISION,Cosmetic damage Mostly covered,557.275411
UT,SFD_TODMGPROVISION,Cosmetic damage Default,585.529848
UT,SFD_TODMGPROVISION,Cosmetic damage Rarely covered,554.422669
UT,SFD_TODMGPROVISION,Cosmetic damage Excluded,624.224952
UT,SFD_TOFLASHING,Compliant with ES1,641.437471
UT,SFD_TOFLASHING,Not compliant with ES1,587.608246
UT,SFD_TREEDENSITY,High tree risk high shielding,732.534184
UT,SFD_TREEDENSITY,Some trees some shielding,734.957806
UT,SFD_TREEDENSITY,No trees no shielding,805.68113
VA,COM_Unknown,Unknown,567.054702
VA,COM_ARCHITECT,Attached screen,345.056422
VA,COM_ARCHITECT,Detached screen,373.992954
VA,COM_ARCHITECT,Fences,351.387072
VA,COM_ARCHITECT,None,363.299847
VA,COM_ARCHITECT,Skylights,349.776484
VA,COM_ARCHITECT,Skylights protection,363.113229
VA,COM_CLADRATE,10d high wind nail,308.22561
VA,COM_CLADRATE,6d any nail,329.256161
VA,COM_CLADRATE,8d high wind nail,299.77429
VA,COM_CLADRATE,8d minimum nail,327.42664
VA,COM_CLADRATE,Batten decking,327.730005
VA,COM_CLADRATE,Lumber and groove,340.528675
VA,COM_CLADSYS,Vinyl siding,700.095913
VA,COM_CLADSYS,EIFS,599.611601
VA,COM_CLADSYS,Wood,587.267996
VA,COM_CLADSYS,Metal sheathing,692.799229
VA,COM_CLADSYS,Impact rated glazing,627.807103
VA,COM_CLADSYS,Stucco,656.468674
VA,COM_CLADSYS,Brick veneer,601.237755
VA,COM_CLADSYS,Concrete block,676.07795
VA,COM_CONSTQUALI,Signs of distress,470.579893
VA,COM_CONSTQUALI,WH Roof existing,525.700065
VA,COM_CONSTQUALI,Wind Roof existing,533.908969
VA,COM_CONSTQUALI,Wind Gold existing,506.95369
VA,COM_CONSTQUALI,Wind Silver existing,480.957817
VA,COM_CONSTQUALI,WH Gold existing,489.247731
VA,COM_CONSTQUALI,WH Silver existing,514.293814
VA,COM_EXTORN,Extensive ornamentation,410.014814
VA,COM_EXTORN,Extensive ornamentation and LPS,411.099849
VA,COM_EXTORN,Large signs,424.645372
VA,COM_EXTORN,Large signs and LPS,434.409788
VA,COM_EXTORN,Lightning protection,395.597
VA,COM_FOUNDSYS,Bolted,660.892838
VA,COM_FOUNDSYS,Engineered,631.476415
VA,COM_FOUNDSYS,Unbolted,588.484183
VA,COM_GARAGING,Attached garage,658.866045
VA,COM_GARAGING,Detached garage,601.616365
VA,COM_GARAGING,No garage,591.501394
VA,COM_MECHGROUND,Generally unprotected,279.717228
VA,COM_MECHGROUND,Generally protected,258.007134
VA,COM_RESISTOPEN,Pressure small missile rated,508.456433
VA,COM_RESISTOPEN,Pressure medium missile rated,524.426318
VA,COM_RESISTOPEN,All openings pressure small missile rated,451.421799
VA,COM_RESISTOPEN,All openings pressure medium missile rated,505.181948
VA,COM_RESISTOPEN,All openings pressure large missile rated,515.65182
VA,COM_ROOFAGE,0 to 5 years,695.907773
VA,COM_ROOFAGE,6 to 10 years,812.184326
VA,COM_ROOFAGE,11 years or more,754.403365
VA,COM_ROOFANCH,Clips,287.043559
VA,COM_ROOFANCH,Double wraps,302.117293
VA,COM_ROOFANCH,Single wraps,296.282287
VA,COM_ROOFANCH,Structural,263.407312
VA,COM_ROOFANCH,Toenailing no anchorage,272.471691
VA,COM_ROOFEQUIP,No equipment present,371.781859
VA,COM_ROOFEQUIP,Roof mounted photovoltaic array,413.155835
VA,COM_ROOFEQUIP,Roof mounted impact resistant array,389.850998
VA,COM_ROOFEQUIP,Roof mounted mechanically attached array,353.851644
VA,COM_ROOFGEOM,Complex roof,504.647382
VA,COM_ROOFGEOM,Flat roof no parapets,541.60129
VA,COM_ROOFGEOM,Flat roof parapets,506.113072
VA,COM_ROOFGEOM,Gable roof LE6:12,544.070951
VA,COM_ROOFGEOM,Braced gable LE6:12,472.267731
VA,COM_ROOFGEOM,Gable roof GT6:12,481.721772
VA,COM_ROOFGEOM,Braced gable GT6:12,514.080608
VA,COM_ROOFGEOM,Hip roof LE6:12,509.224727
VA,COM_ROOFGEOM,Hip roof GT6:12,566.393813
VA,COM_ROOFMAINT,Excellent condition,255.72165
VA,COM_ROOFMAINT,No deterioration or defects,268.274864
VA,COM_ROOFMAINT,Visible defects,258.855887
VA,COM_ROOFMAINT,Significant signs of distress,266.119043
VA,COM_ROOFSYS,Built up or single ply,515.68944
VA,COM_ROOFSYS,Built up with gutters,481.142092
VA,COM_ROOFSYS,Built up without gutters,445.397807
VA,COM_ROOFSYS,Built up unknown gutters,487.474197
VA,COM_ROOFSYS,High wind shingle,468.260589
VA,COM_ROOFSYS,High wind shingle plus SWR,490.681226
VA,COM_ROOFSYS,Normal shingle,459.800005
VA,COM_ROOFSYS,Normal shingle plus SWR,472.84025
VA,COM_ROOFSYS,Metal concealed fasteners,441.490431
VA,COM_ROOFSYS,Metal exposed fasteners,530.892428
VA,COM_ROOFSYS,Metal unknown fasteners,473.538589
VA,COM_ROOFSYS,Wood shakes,466.727706
VA,COM_ROOFSYS,Concrete roof,491.392798
VA,COM_ROOFSYS,Hail class 1,443.877826
VA,COM_ROOFSYS,Hail class 2,459.343919
VA,COM_ROOFSYS,Hail class 3,440.77778
VA,COM_ROOFSYS,Hail class 4,479.592068
VA,COM_ROOFSYS,Rubber roof,475.790682
VA,COM_ROOFSYS,Green roof,499.962654
VA,COM_ROOFSYS,Bermuda style roof,463.585296
VA,COM_ROOFSYS,Concrete tiles,491.51619
VA,COM_ROOFSYS,Slate tile,517.568884
VA,COM_ROOFSYS,Fabric membrane,463.158035
VA,COM_ROOFSYS,Solar tile,476.255887
VA,COM_TODMGPROVISION,Cosmetic damage Fully covered,619.279432
VA,COM_TODMGPROVISION,Cosmetic damage Mostly covered,633.990691
VA,COM_TODMGPROVISION,Cosmetic damage Default,560.36213
VA,COM_TODMGPROVISION,Cosmetic damage Rarely covered,655.571672
VA,COM_TODMGPROVISION,Cosmetic damage Excluded,603.72535
VA,COM_TOFLASHING,Compliant with ES1,572.198881
VA,COM_TOFLASHING,Not compliant with ES1,543.59514
VA,COM_TREEDENSITY,High tree risk high shielding,297.389976
VA,COM_TREEDENSITY,Some trees some shielding,308.668276
VA,COM_TREEDENSITY,No trees no shielding,305.949544
VA,SFD_Unknown,Unknown,360.560585
VA,SFD_ARCHITECT,Attached screen,450.529839
VA,SFD_ARCHITECT,Detached screen,458.248539
VA,SFD_ARCHITECT,Fences,443.354178
VA,SFD_ARCHITECT,None,431.439743
VA,SFD_ARCHITECT,Skylights,447.157283
VA,SFD_ARCHITECT,Skylights protection,435.905071
VA,SFD_CLADRATE,10d high wind nail,356.448878
VA,SFD_CLADRATE,6d any nail,346.14933
VA,SFD_CLADRATE,8d high wind nail,335.164359
VA,SFD_CLADRATE,8d minimum nail,382.202808
VA,SFD_CLADRATE,Batten decking,368.808821
VA,SFD_CLADRATE,Lumber and groove,347.659651
VA,SFD_CLADSYS,Vinyl siding,426.769436
VA,SFD_CLADSYS,EIFS,416.714614
VA,SFD_CLADSYS,Wood,365.55838
VA,SFD_CLADSYS,Metal sheathing,371.053714
VA,SFD_CLADSYS,Impact rated glazing,378.875377
VA,SFD_CLADSYS,Stucco,419.315559
VA,SFD_CLADSYS,Brick veneer,422.267872
VA,SFD_CLADSYS,Concrete block,431.918972
VA,SFD_CONSTQUALI,Signs of distress,305.675397
VA,SFD_CONSTQUALI,WH Roof existing,330.468021
VA,SFD_CONSTQUALI,Wind Roof existing,307.769767
VA,SFD_CONSTQUALI,Wind Gold existing,322.891226
VA,SFD_CONSTQUALI,Wind Silver existing,352.972136
VA,SFD_CONSTQUALI,WH Gold existing,347.034235
VA,SFD_CONSTQUALI,WH Silver existing,362.267987
VA,SFD_EXTORN,Extensive ornamentation,400.42202
VA,SFD_EXTORN,Extensive ornamentation and LPS,417.728981
VA,SFD_EXTORN,Large signs,389.575707
VA,SFD_EXTORN,Large signs and LPS,425.584295
VA,SFD_EXTORN,Lightning protection,432.945443
VA,SFD_FOUNDSYS,Bolted,401.396014
VA,SFD_FOUNDSYS,Engineered,344.504639
VA,SFD_FOUNDSYS,Unbolted,354.957802
VA,SFD_GARAGING,Attached garage,324.569011
VA,SFD_GARAGING,Detached garage,335.926164
VA,SFD_GARAGING,No garage,311.201496
VA,SFD_MECHGROUND,Generally unprotected,404.000809
VA,SFD_MECHGROUND,Generally protected,412.979078
VA,SFD_RESISTOPEN,Pressure small missile rated,373.125247
VA,SFD_RESISTOPEN,Pressure medium missile rated,415.831447
VA,SFD_RESISTOPEN,All openings pressure small missile rated,364.488566
VA,SFD_RESISTOPEN,All openings pressure medium missile rated,392.371862
VA,SFD_RESISTOPEN,All openings pressure large missile rated,397.296344
VA,SFD_ROOFAGE,0 to 5 years,231.14578
VA,SFD_ROOFAGE,6 to 10 years,223.919304
VA,SFD_ROOFAGE,11 years or more,200.11928
VA,SFD_ROOFANCH,Clips,201.516379
VA,SFD_ROOFANCH,Double wraps,231.356532
VA,SFD_ROOFANCH,Single wraps,218.2609
VA,SFD_ROOFANCH,Structural,200.512384
VA,SFD_ROOFANCH,Toenailing no anchorage,237.321128
VA,SFD_ROOFEQUIP,No equipment present,512.344724
VA,SFD_ROOFEQUIP,Roof mounted photovoltaic array,554.642885
VA,SFD_ROOFEQUIP,Roof mounted impact resistant array,547.418131
VA,SFD_ROOFEQUIP,Roof mounted mechanically attached array,523.959444
VA,SFD_ROOFGEOM,Complex roof,359.691461
VA,SFD_ROOFGEOM,Flat roof no parapets,313.350207
VA,SFD_ROOFGEOM,Flat roof parapets,360.135498
VA,SFD_ROOFGEOM,Gable roof LE6:12,360.421728
VA,SFD_ROOFGEOM,Braced gable LE6:12,316.336022
VA,SFD_ROOFGEOM,Gable roof GT6:12,331.232314
VA,SFD_ROOFGEOM,Braced gable GT6:12,348.849473
VA,SFD_ROOFGEOM,Hip roof LE6:12,343.211533
VA,SFD_ROOFGEOM,Hip roof GT6:12,362.208438
VA,SFD_ROOFMAINT,Excellent condition,357.554944
VA,SFD_ROOFMAINT,No deterioration or defects,346.8168
VA,SFD_ROOFMAINT,Visible defects,332.319869
VA,SFD_ROOFMAINT,Significant signs of distress,359.852091
VA,SFD_ROOFSYS,Built up or single ply,471.462037
VA,SFD_ROOFSYS,Built up with gutters,480.538114
VA,SFD_ROOFSYS,Built up without gutters,522.57107
VA,SFD_ROOFSYS,Built up unknown gutters,464.005016
VA,SFD_ROOFSYS,High wind shingle,500.759978
VA,SFD_ROOFSYS,High wind shingle plus SWR,497.747092
VA,SFD_ROOFSYS,Normal shingle,496.457989
VA,SFD_ROOFSYS,Normal shingle plus SWR,526.362243
VA,SFD_ROOFSYS,Metal concealed fasteners,527.13209
VA,SFD_ROOFSYS,Metal exposed fasteners,555.212397
VA,SFD_ROOFSYS,Metal unknown fasteners,461.86139
VA,SFD_ROOFSYS,Wood shakes,477.658836
VA,SFD_ROOFSYS,Concrete roof,547.994177
VA,SFD_ROOFSYS,Hail class 1,463.40347
VA,SFD_ROOFSYS,Hail class 2,555.171387
VA,SFD_ROOFSYS,Hail class 3,555.002013
VA,SFD_ROOFSYS,Hail class 4,488.491417
VA,SFD_ROOFSYS,Rubber roof,543.550194
VA,SFD_ROOFSYS,Green roof,525.765755
VA,SFD_ROOFSYS,Bermuda style roof,503.17554
VA,SFD_ROOFSYS,Concrete tiles,554.284466
VA,SFD_ROOFSYS,Slate tile,532.341314
VA,SFD_ROOFSYS,Fabric membrane,474.263973
VA,SFD_ROOFSYS,Solar tile,531.243431
VA,SFD_TODMGPROVISION,Cosmetic damage Fully covered,411.478271
VA,SFD_TODMGPROVISION,Cosmetic damage Mostly covered,445.047593
VA,SFD_TODMGPROVISION,Cosmetic damage Default,436.585233
VA,SFD_TODMGPROVISION,Cosmetic damage Rarely covered,379.208586
VA,SFD_TODMGPROVISION,Cosmetic damage Excluded,403.096417
VA,SFD_TOFLASHING,Compliant with ES1,412.73595
VA,SFD_TOFLASHING,Not compliant with ES1,413.522067
VA,SFD_TREEDENSITY,High tree risk high shielding,434.761742
VA,SFD_TREEDENSITY,Some trees some shielding,408.635778
VA,SFD_TREEDENSITY,No trees no shielding,460.088575
VT,COM_Unknown,Unknown,416.442446
VT,COM_ARCHITECT,Attached screen,312.156654
VT,COM_ARCHITECT,Detached screen,304.720185
VT,COM_ARCHITECT,Fences,308.320989
VT,COM_ARCHITECT,None,277.501699
VT,COM_ARCHITECT,Skylights,295.709187
VT,COM_ARCHITECT,Skylights protection,262.155603
VT,COM_CLADRATE,10d high wind nail,256.606859
VT,COM_CLADRATE,6d any nail,255.142434
VT,COM_CLADRATE,8d high wind nail,260.452312
VT,COM_CLADRATE,8d minimum nail,220.562741
VT,COM_CLADRATE,Batten decking,244.603526
VT,COM_CLADRATE,Lumber and groove,234.534305
VT,COM_CLADSYS,Vinyl siding,427.565579
VT,COM_CLADSYS,EIFS,439.618206
VT,COM_CLADSYS,Wood,500.994052
VT,COM_CLADSYS,Metal sheathing,419.457026
VT,COM_CLADSYS,Impact rated glazing,423.109656
VT,COM_CLADSYS,Stucco,418.432111
VT,COM_CLADSYS,Brick veneer,430.058838
VT,COM_CLADSYS,Concrete block,490.437475
VT,COM_CONSTQUALI,Signs of distress,329.668827
VT,COM_CONSTQUALI,WH Roof existing,331.00742
VT,COM_CONSTQUALI,Wind Roof existing,380.146034
VT,COM_CONSTQUALI,Wind Gold existing,366.95851
VT,COM_CONSTQUALI,Wind Silver existing,353.786492
VT,COM_CONSTQUALI,WH Gold existing,387.109701
VT,COM_CONSTQUALI,WH Silver existing,334.971989
VT,COM_EXTORN,Extensive ornamentation,288.120369
VT,COM_EXTORN,Extensive ornamentation and LPS,321.954906
VT,COM_EXTORN,Large signs,289.115649
VT,COM_EXTORN,Large signs and LPS,266.344752
VT,COM_EXTORN,Lightning protection,316.139766
VT,COM_FOUNDSYS,Bolted,497.473221
VT,COM_FOUNDSYS,Engineered,447.229939
VT,COM_FOUNDSYS,Unbolted,495.123906
VT,COM_GARAGING,Attached garage,443.948053
VT,COM_GARAGING,Detached garage,411.693035
VT,COM_GARAGING,No garage,443.851085
VT,COM_MECHGROUND,Generally unprotected,217.806952
VT,COM_MECHGROUND,Generally protected,209.337408
VT,COM_RESISTOPEN,Pressure small missile rated,343.505506
VT,COM_RESISTOPEN,Pressure medium missile rated,351.710286
VT,COM_RESISTOPEN,All openings pressure small missile rated,353.525908
VT,COM_RESISTOPEN,All openings pressure medium missile rated,316.662388
VT,COM_RESISTOPEN,All openings pressure large missile rated,317.901188
VT,COM_ROOFAGE,0 to 5 years,588.202003
VT,COM_ROOFAGE,6 to 10 years,527.214121
VT,COM_ROOFAGE,11 years or more,613.671329
VT,COM_ROOFANCH,Clips,205.995445
VT,COM_ROOFANCH,Double wraps,228.113294
VT,COM_ROOFANCH,Single wraps,225.761356
VT,COM_ROOFANCH,Structural,218.450268
VT,COM_ROOFANCH,Toenailing no anchorage,228.026691
VT,COM_ROOFEQUIP,No equipment present,295.412545
VT,COM_ROOFEQUIP,Roof mounted photovoltaic array,276.877057
VT,COM_ROOFEQUIP,Roof mounted impact resistant array,262.704932
VT,COM_ROOFEQUIP,Roof mounted mechanically attached array,295.856751
VT,COM_ROOFGEOM,Complex roof,392.756081
VT,COM_ROOFGEOM,Flat roof no parapets,394.127088
VT,COM_ROOFGEOM,Flat roof parapets,346.243799
VT,COM_ROOFGEOM,Gable roof LE6:12,360.584138
VT,COM_ROOFGEOM,Braced gable LE6:12,334.396779
VT,COM_ROOFGEOM,Gable roof GT6:12,367.522938
VT,COM_ROOFGEOM,Braced gable GT6:12,341.55116
VT,COM_ROOFGEOM,Hip roof LE6:12,365.587416
VT,COM_ROOFGEOM,Hip roof GT6:12,355.676783
VT,COM_ROOFMAINT,Excellent condition,213.105296
VT,COM_ROOFMAINT,No deterioration or defects,196.424326
VT,COM_ROOFMAINT,Visible defects,231.647123
VT,COM_ROOFMAINT,Significant signs of distress,214.406775
VT,COM_ROOFSYS,Built up or single ply,369.605188
VT,COM_ROOFSYS,Built up with gutters,398.588113
VT,COM_ROOFSYS,Built up without gutters,393.954379
VT,COM_ROOFSYS,Built up unknown gutters,401.448392
VT,COM_ROOFSYS,High wind shingle,343.44952
VT,COM_ROOFSYS,High wind shingle plus SWR,375.420507
VT,COM_ROOFSYS,Normal shingle,349.234772
VT,COM_ROOFSYS,Normal shingle plus SWR,352.149066
VT,COM_ROOFSYS,Metal concealed fasteners,380.06148
VT,COM_ROOFSYS,Metal exposed fasteners,355.435957
VT,COM_ROOFSYS,Metal unknown fasteners,375.121141
VT,COM_ROOFSYS,Wood shakes,348.049071
VT,COM_ROOFSYS,Concrete roof,372.767778
VT,COM_ROOFSYS,Hail class 1,348.861185
VT,COM_ROOFSYS,Hail class 2,410.931375
VT,COM_ROOFSYS,Hail class 3,346.323239
VT,COM_ROOFSYS,Hail class 4,371.007459
VT,COM_ROOFSYS,Rubber roof,402.488662
VT,COM_ROOFSYS,Green roof,370.560421
VT,COM_ROOFSYS,Bermuda style roof,349.938423
VT,COM_ROOFSYS,Concrete tiles,353.547916
VT,COM_ROOFSYS,Slate tile,396.963839
VT,COM_ROOFSYS,Fabric membrane,362.427287
VT,COM_ROOFSYS,Solar tile,416.571752
VT,COM_TODMGPROVISION,Cosmetic damage Fully covered,436.701226
VT,COM_TODMGPROVISION,Cosmetic damage Mostly covered,484.988774
VT,COM_TODMGPROVISION,Cosmetic damage Default,437.188558
VT,COM_TODMGPROVISION,Cosmetic damage Rarely covered,483.303184
VT,COM_TODMGPROVISION,Cosmetic damage Excluded,470.213969
VT,COM_TOFLASHING,Compliant with ES1,435.291031
VT,COM_TOFLASHING,Not compliant with ES1,467.459563
VT,COM_TREEDENSITY,High tree risk high shielding,230.251833
VT,COM_TREEDENSITY,Some trees some shielding,229.620766
VT,COM_TREEDENSITY,No trees no shielding,235.73501
VT,SFD_Unknown,Unknown,530.528005
VT,SFD_ARCHITECT,Attached screen,604.164215
VT,SFD_ARCHITECT,Detached screen,684.043453
VT,SFD_ARCHITECT,Fences,643.899827
VT,SFD_ARCHITECT,None,628.19114
VT,SFD_ARCHITECT,Skylights,638.704611
VT,SFD_ARCHITECT,Skylights protection,668.799284
VT,SFD_CLADRATE,10d high wind nail,559.588378
VT,SFD_CLADRATE,6d any nail,588.239972
VT,SFD_CLADRATE,8d high wind nail,563.125747
VT,SFD_CLADRATE,8d minimum nail,604.706752
VT,SFD_CLADRATE,Batten decking,581.018793
VT,SFD_CLADRATE,Lumber and groove,565.947069
VT,SFD_CLADSYS,Vinyl siding,569.82238
VT,SFD_CLADSYS,EIFS,507.801444
VT,SFD_CLADSYS,Wood,527.791974
VT,SFD_CLADSYS,Metal sheathing,527.740663
VT,SFD_CLADSYS,Impact rated glazing,531.734072
VT,SFD_CLADSYS,Stucco,551.677463
VT,SFD_CLADSYS,Brick veneer,541.511633
VT,SFD_CLADSYS,Concrete block,541.425533
VT,SFD_CONSTQUALI,Signs of distress,453.550909
VT,SFD_CONSTQUALI,WH Roof existing,454.001505
VT,SFD_CONSTQUALI,Wind Roof existing,487.203664
VT,SFD_CONSTQUALI,Wind Gold existing,480.73259
VT,SFD_CONSTQUALI,Wind Silver existing,516.943997
VT,SFD_CONSTQUALI,WH Gold existing,450.707348
VT,SFD_CONSTQUALI,WH Silver existing,484.957318
VT,SFD_EXTORN,Extensive ornamentation,597.948809
VT,SFD_EXTORN,Extensive ornamentation and LPS,627.914345
VT,SFD_EXTORN,Large signs,545.291536
VT,SFD_EXTORN,Large signs and LPS,556.795719
VT,SFD_EXTORN,Lightning protection,572.984635
VT,SFD_FOUNDSYS,Bolted,540.423784
VT,SFD_FOUNDSYS,Engineered,523.096164
VT,SFD_FOUNDSYS,Unbolted,586.88196
VT,SFD_GARAGING,Attached garage,502.186032
VT,SFD_GARAGING,Detached garage,504.217907
VT,SFD_GARAGING,No garage,497.719809
VT,SFD_MECHGROUND,Generally unprotected,595.559914
VT,SFD_MECHGROUND,Generally protected,562.57503
VT,SFD_RESISTOPEN,Pressure small missile rated,647.641551
VT,SFD_RESISTOPEN,Pressure medium missile rated,648.562841
VT,SFD_RESISTOPEN,All openings pressure small missile rated,607.68287
VT,SFD_RESISTOPEN,All openings pressure medium missile rated,535.762657
VT,SFD_RESISTOPEN,All openings pressure large missile rated,583.243735
VT,SFD_ROOFAGE,0 to 5 years,326.957019
VT,SFD_ROOFAGE,6 to 10 years,311.058597
VT,SFD_ROOFAGE,11 years or more,318.249985
VT,SFD_ROOFANCH,Clips,302.31545
VT,SFD_ROOFANCH,Double wraps,320.499421
VT,SFD_ROOFANCH,Single wraps,331.949966
VT,SFD_ROOFANCH,Structural,321.071305
VT,SFD_ROOFANCH,Toenailing no anchorage,330.510755
VT,SFD_ROOFEQUIP,No equipment present,762.806443
VT,SFD_ROOFEQUIP,Roof mounted photovoltaic array,743.194478
VT,SFD_ROOFEQUIP,Roof mounted impact resistant array,720.607223
VT,SFD_ROOFEQUIP,Roof mounted mechanically attached array,799.564049
VT,SFD_ROOFGEOM,Complex roof,512.109614
VT,SFD_ROOFGEOM,Flat roof no parapets,527.948176
VT,SFD_ROOFGEOM,Flat roof parapets,461.463958
VT,SFD_ROOFGEOM,Gable roof LE6:12,533.851467
VT,SFD_ROOFGEOM,Braced gable LE6:12,467.904653
VT,SFD_ROOFGEOM,Gable roof GT6:12,508.744611
VT,SFD_ROOFGEOM,Braced gable GT6:12,448.763575
VT,SFD_ROOFGEOM,Hip roof LE6:12,468.256899
VT,SFD_ROOFGEOM,Hip roof GT6:12,519.705005
VT,SFD_ROOFMAINT,Excellent condition,501.942474
VT,SFD_ROOFMAINT,No deterioration or defects,521.302423
VT,SFD_ROOFMAINT,Visible defects,528.971607
VT,SFD_ROOFMAINT,Significant signs of distress,553.524181
VT,SFD_ROOFSYS,Built up or single ply,658.903322
VT,SFD_ROOFSYS,Built up with gutters,688.20603
VT,SFD_ROOFSYS,Built up without gutters,684.038883
VT,SFD_ROOFSYS,Built up unknown gutters,717.634567
VT,SFD_ROOFSYS,High wind shingle,752.679375
VT,SFD_ROOFSYS,High wind shingle plus SWR,771.069732
VT,SFD_ROOFSYS,Normal shingle,663.734731
VT,SFD_ROOFSYS,Normal shingle plus SWR,698.402122
VT,SFD_ROOFSYS,Metal concealed fasteners,795.232117
VT,SFD_ROOFSYS,Metal exposed fasteners,740.782487
VT,SFD_ROOFSYS,Metal unknown fasteners,679.52147
VT,SFD_ROOFSYS,Wood shakes,726.200075
VT,SFD_ROOFSYS,Concrete roof,748.306726
VT,SFD_ROOFSYS,Hail class 1,653.236355
VT,SFD_ROOFSYS,Hail class 2,657.074035
VT,SFD_ROOFSYS,Hail class 3,663.520421
VT,SFD_ROOFSYS,Hail class 4,793.679333
VT,SFD_ROOFSYS,Rubber roof,673.277662
VT,SFD_ROOFSYS,Green roof,761.816465
VT,SFD_ROOFSYS,Bermuda style roof,775.770404
VT,SFD_ROOFSYS,Concrete tiles,694.927728
VT,SFD_ROOFSYS,Slate tile,681.217145
VT,SFD_ROOFSYS,Fabric membrane,738.233029
VT,SFD_ROOFSYS,Solar tile,696.169952
VT,SFD_TODMGPROVISION,Cosmetic damage Fully covered,591.65846
VT,SFD_TODMGPROVISION,Cosmetic damage Mostly covered,507.843979
VT,SFD_TODMGPROVISION,Cosmetic damage Default,578.694941
VT,SFD_TODMGPROVISION,Cosmetic damage Rarely covered,518.487612
VT,SFD_TODMGPROVISION,Cosmetic damage Excluded,529.955429
VT,SFD_TOFLASHING,Compliant with ES1,523.34451
VT,SFD_TOFLASHING,Not compliant with ES1,623.963378
VT,SFD_TREEDENSITY,High tree risk high shielding,735.042613
VT,SFD_TREEDENSITY,Some trees some shielding,639.088033
VT,SFD_TREEDENSITY,No trees no shielding,689.073541
WA,COM_Unknown,Unknown,429.494141
WA,COM_ARCHITECT,Attached screen,311.603122
WA,COM_ARCHITECT,Detached screen,331.362913
WA,COM_ARCHITECT,Fences,313.724561
WA,COM_ARCHITECT,None,288.038779
WA,COM_ARCHITECT,Skylights,310.171189
WA,COM_ARCHITECT,Skylights protection,323.159446
WA,COM_CLADRATE,10d high wind nail,236.875201
WA,COM_CLADRATE,6d any nail,278.196339
WA,COM_CLADRATE,8d high wind nail,266.675427
WA,COM_CLADRATE,8d minimum nail,260.656767
WA,COM_CLADRATE,Batten decking,273.384168
WA,COM_CLADRATE,Lumber and groove,276.726775
WA,COM_CLADSYS,Vinyl siding,543.02067
WA,COM_CLADSYS,EIFS,526.091475
WA,COM_CLADSYS,Wood,500.890517
WA,COM_CLADSYS,Metal sheathing,458.766553
WA,COM_CLADSYS,Impact rated glazing,479.392554
WA,COM_CLADSYS,Stucco,521.09789
WA,COM_CLADSYS,Brick veneer,513.73325
WA,COM_CLADSYS,Concrete block,520.733898
WA,COM_CONSTQUALI,Signs of distress,384.35548
WA,COM_CONSTQUALI,WH Roof existing,361.981663
WA,COM_CONSTQUALI,Wind Roof existing,400.969964
WA,COM_CONSTQUALI,Wind Gold existing,371.081599
WA,COM_CONSTQUALI,Wind Silver existing,347.543835
WA,COM_CONSTQUALI,WH Gold existing,356.091753
WA,COM_CONSTQUALI,WH Silver existing,403.282778
WA,COM_EXTORN,Extensive ornamentation,284.318198
WA,COM_EXTORN,Extensive ornamentation and LPS,287.379206
WA,COM_EXTORN,Large signs,277.172474
WA,COM_EXTORN,Large signs and LPS,289.548457
WA,COM_EXTORN,Lightning protection,334.133877
WA,COM_FOUNDSYS,Bolted,496.59768
WA,COM_FOUNDSYS,Engineered,424.514805
WA,COM_FOUNDSYS,Unbolted,495.146662
WA,COM_GARAGING,Attached garage,465.970364
WA,COM_GARAGING,Detached garage,447.46967
WA,COM_GARAGING,No garage,437.60714
WA,COM_MECHGROUND,Generally unprotected,239.239453
WA,COM_MECHGROUND,Generally protected,231.272823
WA,COM_RESISTOPEN,Pressure small missile rated,371.540689
WA,COM_RESISTOPEN,Pressure medium missile rated,326.876584
WA,COM_RESISTOPEN,All openings pressure small missile rated,368.54262
WA,COM_RESISTOPEN,All openings pressure medium missile rated,331.704128
WA,COM_RESISTOPEN,All openings pressure large missile rated,387.638112
WA,COM_ROOFAGE,0 to 5 years,544.370748
WA,COM_ROOFAGE,6 to 10 years,594.729469
WA,COM_ROOFAGE,11 years or more,626.104017
WA,COM_ROOFANCH,Clips,215.661932
WA,COM_ROOFANCH,Double wraps,209.197375
WA,COM_ROOFANCH,Single wraps,204.930906
WA,COM_ROOFANCH,Structural,193.77308
WA,COM_ROOFANCH,Toenailing no anchorage,229.364906
WA,COM_ROOFEQUIP,No equipment present,290.233045
WA,COM_ROOFEQUIP,Roof mounted photovoltaic array,260.288745
WA,COM_ROOFEQUIP,Roof mounted impact resistant array,265.179193
WA,COM_ROOFEQUIP,Roof mounted mechanically attached array,307.445768
WA,COM_ROOFGEOM,Complex roof,385.140133
WA,COM_ROOFGEOM,Flat roof no parapets,392.119197
WA,COM_ROOFGEOM,Flat roof parapets,387.624478
WA,COM_ROOFGEOM,Gable roof LE6:12,420.183343
WA,COM_ROOFGEOM,Braced gable LE6:12,427.731036
WA,COM_ROOFGEOM,Gable roof GT6:12,364.296409
WA,COM_ROOFGEOM,Braced gable GT6:12,369.573902
WA,COM_ROOFGEOM,Hip roof LE6:12,354.714558
WA,COM_ROOFGEOM,Hip roof GT6:12,359.134052
WA,COM_ROOFMAINT,Excellent condition,207.580552
WA,COM_ROOFMAINT,No deterioration or defects,209.941162
WA,COM_ROOFMAINT,Visible defects,207.107286
WA,COM_ROOFMAINT,Significant signs of distress,198.341846
WA,COM_ROOFSYS,Built up or single ply,391.247708
WA,COM_ROOFSYS,Built up with gutters,381.918607
WA,COM_ROOFSYS,Built up without gutters,372.912882
WA,COM_ROOFSYS,Built up unknown gutters,358.656891
WA,COM_ROOFSYS,High wind shingle,374.696358
WA,COM_ROOFSYS,High wind shingle plus SWR,385.907733
WA,COM_ROOFSYS,Normal shingle,356.289805
WA,COM_ROOFSYS,Normal shingle plus SWR,409.215674
WA,COM_ROOFSYS,Metal concealed fasteners,423.690433
WA,COM_ROOFSYS,Metal exposed fasteners,359.477278
WA,COM_ROOFSYS,Metal unknown fasteners,378.102116
WA,COM_ROOFSYS,Wood shakes,418.37856
WA,COM_ROOFSYS,Concrete roof,406.502618
WA,COM_ROOFSYS,Hail class 1,412.018648
WA,COM_ROOFSYS,Hail class 2,424.384785
WA,COM_ROOFSYS,Hail class 3,425.558948
WA,COM_ROOFSYS,Hail class 4,360.428001
WA,COM_ROOFSYS,Rubber roof,381.560281
WA,COM_ROOFSYS,Green roof,384.064325
WA,COM_ROOFSYS,Bermuda style roof,404.446833
WA,COM_ROOFSYS,Concrete tiles,418.562128
WA,COM_ROOFSYS,Slate tile,367.443783
WA,COM_ROOFSYS,Fabric membrane,355.936957
WA,COM_ROOFSYS,Solar tile,383.6933
WA,COM_TODMGPROVISION,Cosmetic damage Fully covered,414.751704
WA,COM_TODMGPROVISION,Cosmetic damage Mostly covered,465.444404
WA,COM_TODMGPROVISION,Cosmetic damage Default,478.397583
WA,COM_TODMGPROVISION,Cosmetic damage Rarely covered,413.007289
WA,COM_TODMGPROVISION,Cosmetic damage Excluded,408.306446
WA,COM_TOFLASHING,Compliant with ES1,471.374707
WA,COM_TOFLASHING,Not compliant with ES1,411.30064
WA,COM_TREEDENSITY,High tree risk high shielding,268.65604
WA,COM_TREEDENSITY,Some trees some shielding,249.771283
WA,COM_TREEDENSITY,No trees no shielding,267.640351
WA,SFD_Unknown,Unknown,254.108653
WA,SFD_ARCHITECT,Attached screen,297.186998
WA,SFD_ARCHITECT,Detached screen,321.552356
WA,SFD_ARCHITECT,Fences,302.371018
WA,SFD_ARCHITECT,None,298.190756
WA,SFD_ARCHITECT,Skylights,299.221595
WA,SFD_ARCHITECT,Skylights protection,270.041107
WA,SFD_CLADRATE,10d high wind nail,249.085558
WA,SFD_CLADRATE,6d any nail,292.05034
WA,SFD_CLADRATE,8d high wind nail,284.847528
WA,SFD_CLADRATE,8d minimum nail,270.258845
WA,SFD_CLADRATE,Batten decking,259.327536
WA,SFD_CLADRATE,Lumber and groove,289.848213
WA,SFD_CLADSYS,Vinyl siding,242.60747
WA,SFD_CLADSYS,EIFS,250.645843
WA,SFD_CLADSYS,Wood,281.678876
WA,SFD_CLADSYS,Metal sheathing,278.490818
WA,SFD_CLADSYS,Impact rated glazing,277.811021
WA,SFD_CLADSYS,Stucco,288.403974
WA,SFD_CLADSYS,Brick veneer,272.860104
WA,SFD_CLADSYS,Concrete block,253.314048
WA,SFD_CONSTQUALI,Signs of distress,239.379804
WA,SFD_CONSTQUALI,WH Roof existing,224.794031
WA,SFD_CONSTQUALI,Wind Roof existing,220.716463
WA,SFD_CONSTQUALI,Wind Gold existing,222.137969
WA,SFD_CONSTQUALI,Wind Silver existing,253.178331
WA,SFD_CONSTQUALI,WH Gold existing,249.948978
WA,SFD_CONSTQUALI,WH Silver existing,242.316472
WA,SFD_EXTORN,Extensive ornamentation,281.677775
WA,SFD_EXTORN,Extensive ornamentation and LPS,294.92159
WA,SFD_EXTORN,Large signs,281.796029
WA,SFD_EXTORN,Large signs and LPS,265.771198
WA,SFD_EXTORN,Lightning protection,254.327686
WA,SFD_FOUNDSYS,Bolted,272.891253
WA,SFD_FOUNDSYS,Engineered,287.507071
WA,SFD_FOUNDSYS,Unbolted,289.445256
WA,SFD_GARAGING,Attached garage,223.382172
WA,SFD_GARAGING,Detached garage,246.488716
WA,SFD_GARAGING,No garage,246.066487
WA,SFD_MECHGROUND,Generally unprotected,241.288246
WA,SFD_MECHGROUND,Generally protected,263.070332
WA,SFD_RESISTOPEN,Pressure small missile rated,260.258911
WA,SFD_RESISTOPEN,Pressure medium missile rated,251.964089
WA,SFD_RESISTOPEN,All openings pressure small missile rated,292.205385
WA,SFD_RESISTOPEN,All openings pressure medium missile rated,241.724395
WA,SFD_RESISTOPEN,All openings pressure large missile rated,288.461625
WA,SFD_ROOFAGE,0 to 5 years,156.97954
WA,SFD_ROOFAGE,6 to 10 years,142.146322
WA,SFD_ROOFAGE,11 years or more,144.744629
WA,SFD_ROOFANCH,Clips,160.875581
WA,SFD_ROOFANCH,Double wraps,138.666146
WA,SFD_ROOFANCH,Single wraps,158.688505
WA,SFD_ROOFANCH,Structural,164.010287
WA,SFD_ROOFANCH,Toenailing no anchorage,137.867396
WA,SFD_ROOFEQUIP,No equipment present,380.123616
WA,SFD_ROOFEQUIP,Roof mounted photovoltaic array,336.565332
WA,SFD_ROOFEQUIP,Roof mounted impact resistant array,374.594094
WA,SFD_ROOFEQUIP,Roof mounted mechanically attached array,352.033205
WA,SFD_ROOFGEOM,Complex roof,255.715036
WA,SFD_ROOFGEOM,Flat roof no parapets,258.470279
WA,SFD_ROOFGEOM,Flat roof parapets,245.074035
WA,SFD_ROOFGEOM,Gable roof LE6:12,250.939546
WA,SFD_ROOFGEOM,Braced gable LE6:12,244.110791
WA,SFD_ROOFGEOM,Gable roof GT6:12,226.172851
WA,SFD_ROOFGEOM,Braced gable GT6:12,215.072878
WA,SFD_ROOFGEOM,Hip roof LE6:12,250.677906
WA,SFD_ROOFGEOM,Hip roof GT6:12,238.426777
WA,SFD_ROOFMAINT,Excellent condition,232.353468
WA,SFD_ROOFMAINT,No deterioration or defects,249.836441
WA,SFD_ROOFMAINT,Visible defects,274.712293
WA,SFD_ROOFMAINT,Significant signs of distress,228.047491
WA,SFD_ROOFSYS,Built up or single ply,351.581995
WA,SFD_ROOFSYS,Built up with gutters,376.122329
WA,SFD_ROOFSYS,Built up without gutters,364.43404
WA,SFD_ROOFSYS,Built up unknown gutters,379.523871
WA,SFD_ROOFSYS,High wind shingle,383.027305
WA,SFD_ROOFSYS,High wind shingle plus SWR,340.822384
WA,SFD_ROOFSYS,Normal shingle,373.754861
WA,SFD_ROOFSYS,Normal shingle plus SWR,344.101149
WA,SFD_ROOFSYS,Metal concealed fasteners,370.253711
WA,SFD_ROOFSYS,Metal exposed fasteners,395.934169
WA,SFD_ROOFSYS,Metal unknown fasteners,395.365401
WA,SFD_ROOFSYS,Wood shakes,334.886274
WA,SFD_ROOFSYS,Concrete roof,362.194923
WA,SFD_ROOFSYS,Hail class 1,370.741609
WA,SFD_ROOFSYS,Hail class 2,337.944936
WA,SFD_ROOFSYS,Hail class 3,349.192556
WA,SFD_ROOFSYS,Hail class 4,349.710832
WA,SFD_ROOFSYS,Rubber roof,362.744942
WA,SFD_ROOFSYS,Green roof,358.411559
WA,SFD_ROOFSYS,Bermuda style roof,385.006867
WA,SFD_ROOFSYS,Concrete tiles,347.925313
WA,SFD_ROOFSYS,Slate tile,375.623513
WA,SFD_ROOFSYS,Fabric membrane,329.619942
WA,SFD_ROOFSYS,Solar tile,398.316967
WA,SFD_TODMGPROVISION,Cosmetic damage Fully covered,298.586754
WA,SFD_TODMGPROVISION,Cosmetic damage Mostly covered,297.278927
WA,SFD_TODMGPROVISION,Cosmetic damage Default,280.290321
WA,SFD_TODMGPROVISION,Cosmetic damage Rarely covered,266.072011
WA,SFD_TODMGPROVISION,Cosmetic damage Excluded,253.497901
WA,SFD_TOFLASHING,Compliant with ES1,275.556279
WA,SFD_TOFLASHING,Not compliant with ES1,270.432236
WA,SFD_TREEDENSITY,High tree risk high shielding,336.207517
WA,SFD_TREEDENSITY,Some trees some shielding,336.034727
WA,SFD_TREEDENSITY,No trees no shielding,359.838351
WI,COM_Unknown,Unknown,547.930799
WI,COM_ARCHITECT,Attached screen,373.915648
WI,COM_ARCHITECT,Detached screen,349.354442
WI,COM_ARCHITECT,Fences,362.723331
WI,COM_ARCHITECT,None,345.874269
WI,COM_ARCHITECT,Skylights,340.204478
WI,COM_ARCHITECT,Skylights protection,380.550465
WI,COM_CLADRATE,10d high wind nail,308.279969
WI,COM_CLADRATE,6d any nail,304.094028
WI,COM_CLADRATE,8d high wind nail,313.689172
WI,COM_CLADRATE,8d minimum nail,356.487452
WI,COM_CLADRATE,Batten decking,358.424184
WI,COM_CLADRATE,Lumber and groove,352.000071
WI,COM_CLADSYS,Vinyl siding,680.756673
WI,COM_CLADSYS,EIFS,626.625831
WI,COM_CLADSYS,Wood,615.765203
WI,COM_CLADSYS,Metal sheathing,599.480034
WI,COM_CLADSYS,Impact rated glazing,668.175708
WI,COM_CLADSYS,Stucco,683.052951
WI,COM_CLADSYS,Brick veneer,626.736902
WI,COM_CLADSYS,Concrete block,621.598634
WI,COM_CONSTQUALI,Signs of distress,510.654616
WI,COM_CONSTQUALI,WH Roof existing,543.453318
WI,COM_CONSTQUALI,Wind Roof existing,545.560274
WI,COM_CONSTQUALI,Wind Gold existing,498.408301
WI,COM_CONSTQUALI,Wind Silver existing,497.938842
WI,COM_CONSTQUALI,WH Gold existing,465.597598
WI,COM_CONSTQUALI,WH Silver existing,542.090434
WI,COM_EXTORN,Extensive ornamentation,349.957498
WI,COM_EXTORN,Extensive ornamentation and LPS,388.258108
WI,COM_EXTORN,Large signs,343.381826
WI,COM_EXTORN,Large signs and LPS,393.047256
WI,COM_EXTORN,Lightning protection,387.963815
WI,COM_FOUNDSYS,Bolted,626.694171
WI,COM_FOUNDSYS,Engineered,610.522696
WI,COM_FOUNDSYS,Unbolted,558.736619
WI,COM_GARAGING,Attached garage,547.916139
WI,COM_GARAGING,Detached garage,586.682696
WI,COM_GARAGING,No garage,595.277946
WI,COM_MECHGROUND,Generally unprotected,254.613182
WI,COM_MECHGROUND,Generally protected,245.193496
WI,COM_RESISTOPEN,Pressure small missile rated,406.040328
WI,COM_RESISTOPEN,Pressure medium missile rated,422.602441
WI,COM_RESISTOPEN,All openings pressure small missile rated,466.751042
WI,COM_RESISTOPEN,All openings pressure medium missile rated,442.981228
WI,COM_RESISTOPEN,All openings pressure large missile rated,415.970614
WI,COM_ROOFAGE,0 to 5 years,840.932567
WI,COM_ROOFAGE,6 to 10 years,829.3131
WI,COM_ROOFAGE,11 years or more,736.542989
WI,COM_ROOFANCH,Clips,258.249453
WI,COM_ROOFANCH,Double wraps,300.243461
WI,COM_ROOFANCH,Single wraps,282.689344
WI,COM_ROOFANCH,Structural,308.095235
WI,COM_ROOFANCH,Toenailing no anchorage,295.821743
WI,COM_ROOFEQUIP,No equipment present,408.779925
WI,COM_ROOFEQUIP,Roof mounted photovoltaic array,418.720267
WI,COM_ROOFEQUIP,Roof mounted impact resistant array,398.056134
WI,COM_ROOFEQUIP,Roof mounted mechanically attached array,375.266484
WI,COM_ROOFGEOM,Complex roof,513.674054
WI,COM_ROOFGEOM,Flat roof no parapets,471.550771
WI,COM_ROOFGEOM,Flat roof parapets,438.340544
WI,COM_ROOFGEOM,Gable roof LE6:12,463.511157
WI,COM_ROOFGEOM,Braced gable LE6:12,499.645724
WI,COM_ROOFGEOM,Gable roof GT6:12,521.572561
WI,COM_ROOFGEOM,Braced gable GT6:12,520.768561
WI,COM_ROOFGEOM,Hip roof LE6:12,470.267601
WI,COM_ROOFGEOM,Hip roof GT6:12,523.523836
WI,COM_ROOFMAINT,Excellent condition,270.158966
WI,COM_ROOFMAINT,No deterioration or defects,267.871219
WI,COM_ROOFMAINT,Visible defects,278.782848
WI,COM_ROOFMAINT,Significant signs of distress,246.369165
WI,COM_ROOFSYS,Built up or single ply,477.384649
WI,COM_ROOFSYS,Built up with gutters,459.782811
WI,COM_ROOFSYS,Built up without gutters,526.734143
WI,COM_ROOFSYS,Built up unknown gutters,503.370552
WI,COM_ROOFSYS,High wind shingle,463.708934
WI,COM_ROOFSYS,High wind shingle plus SWR,515.475866
WI,COM_ROOFSYS,Normal shingle,467.232999
WI,COM_ROOFSYS,Normal shingle plus SWR,498.55731
WI,COM_ROOFSYS,Metal concealed fasteners,532.363788
WI,COM_ROOFSYS,Metal exposed fasteners,474.759683
WI,COM_ROOFSYS,Metal unknown fasteners,543.572836
WI,COM_ROOFSYS,Wood shakes,464.647013
WI,COM_ROOFSYS,Concrete roof,460.363697
WI,COM_ROOFSYS,Hail class 1,536.790345
WI,COM_ROOFSYS,Hail class 2,528.634909
WI,COM_ROOFSYS,Hail class 3,538.410503
WI,COM_ROOFSYS,Hail class 4,526.335948
WI,COM_ROOFSYS,Rubber roof,497.495795
WI,COM_ROOFSYS,Green roof,502.721618
WI,COM_ROOFSYS,Bermuda style roof,549.580256
WI,COM_ROOFSYS,Concrete tiles,494.180017
WI,COM_ROOFSYS,Slate tile,504.482678
WI,COM_ROOFSYS,Fabric membrane,489.363334
WI,COM_ROOFSYS,Solar tile,537.700801
WI,COM_TODMGPROVISION,Cosmetic damage Fully covered,568.413599
WI,COM_TODMGPROVISION,Cosmetic damage Mostly covered,637.617572
WI,COM_TODMGPROVISION,Cosmetic damage Default,625.444597
WI,COM_TODMGPROVISION,Cosmetic damage Rarely covered,632.005394
WI,COM_TODMGPROVISION,Cosmetic damage Excluded,627.569075
WI,COM_TOFLASHING,Compliant with ES1,625.061429
WI,COM_TOFLASHING,Not compliant with ES1,644.350732
WI,COM_TREEDENSITY,High tree risk high shielding,329.90134
WI,COM_TREEDENSITY,Some trees some shielding,309.735451
WI,COM_TREEDENSITY,No trees no shielding,327.038443
WI,SFD_Unknown,Unknown,337.751458
WI,SFD_ARCHITECT,Attached screen,355.291179
WI,SFD_ARCHITECT,Detached screen,350.145042
WI,SFD_ARCHITECT,Fences,385.067803
WI,SFD_ARCHITECT,None,330.838224
WI,SFD_ARCHITECT,Skylights,330.644915
WI,SFD_ARCHITECT,Skylights protection,335.313286
WI,SFD_CLADRATE,10d high wind nail,381.613357
WI,SFD_CLADRATE,6d any nail,347.791012
WI,SFD_CLADRATE,8d high wind nail,352.959713
WI,SFD_CLADRATE,8d minimum nail,350.492654
WI,SFD_CLADRATE,Batten decking,338.551107
WI,SFD_CLADRATE,Lumber and groove,374.140066
WI,SFD_CLADSYS,Vinyl siding,365.335682
WI,SFD_CLADSYS,EIFS,334.125768
WI,SFD_CLADSYS,Wood,381.399113
WI,SFD_CLADSYS,Metal sheathing,343.362796
WI,SFD_CLADSYS,Impact rated glazing,375.041824
WI,SFD_CLADSYS,Stucco,402.809607
WI,SFD_CLADSYS,Brick veneer,387.086079
WI,SFD_CLADSYS,Concrete block,371.316682
WI,SFD_CONSTQUALI,Signs of distress,300.255841
WI,SFD_CONSTQUALI,WH Roof existing,272.617208
WI,SFD_CONSTQUALI,Wind Roof existing,319.668602
WI,SFD_CONSTQUALI,Wind Gold existing,281.880087
WI,SFD_CONSTQUALI,Wind Silver existing,270.028967
WI,SFD_CONSTQUALI,WH Gold existing,315.946866
WI,SFD_CONSTQUALI,WH Silver existing,315.32378
WI,SFD_EXTORN,Extensive ornamentation,388.111921
WI,SFD_EXTORN,Extensive ornamentation and LPS,340.339075
WI,SFD_EXTORN,Large signs,346.713015
WI,SFD_EXTORN,Large signs and LPS,381.818903
WI,SFD_EXTORN,Lightning protection,352.290066
WI,SFD_FOUNDSYS,Bolted,335.123828
WI,SFD_FOUNDSYS,Engineered,354.303723
WI,SFD_FOUNDSYS,Unbolted,349.716621
WI,SFD_GARAGING,Attached garage,343.569147
WI,SFD_GARAGING,Detached garage,352.224411
WI,SFD_GARAGING,No garage,330.377629
WI,SFD_MECHGROUND,Generally unprotected,338.278287
WI,SFD_MECHGROUND,Generally protected,367.620196
WI,SFD_RESISTOPEN,Pressure small missile rated,357.781174
WI,SFD_RESISTOPEN,Pressure medium missile rated,347.563982
WI,SFD_RESISTOPEN,All openings pressure small missile rated,367.148091
WI,SFD_RESISTOPEN,All openings pressure medium missile rated,343.684532
WI,SFD_RESISTOPEN,All openings pressure large missile rated,323.901829
WI,SFD_ROOFAGE,0 to 5 years,189.457052
WI,SFD_ROOFAGE,6 to 10 years,221.159651
WI,SFD_ROOFAGE,11 years or more,215.066574
WI,SFD_ROOFANCH,Clips,216.873537
WI,SFD_ROOFANCH,Double wraps,193.571389
WI,SFD_ROOFANCH,Single wraps,195.548237
WI,SFD_ROOFANCH,Structural,215.752529
WI,SFD_ROOFANCH,Toenailing no anchorage,229.794459
WI,SFD_ROOFEQUIP,No equipment present,490.838618
WI,SFD_ROOFEQUIP,Roof mounted photovoltaic array,510.846643
WI,SFD_ROOFEQUIP,Roof mounted impact resistant array,451.632312
WI,SFD_ROOFEQUIP,Roof mounted mechanically attached array,456.669608
WI,SFD_ROOFGEOM,Complex roof,299.689551
WI,SFD_ROOFGEOM,Flat roof no parapets,317.255938
WI,SFD_ROOFGEOM,Flat roof parapets,323.508388
WI,SFD_ROOFGEOM,Gable roof LE6:12,308.183761
WI,SFD_ROOFGEOM,Braced gable LE6:12,314.266343
WI,SFD_ROOFGEOM,Gable roof GT6:12,310.996347
WI,SFD_ROOFGEOM,Braced gable GT6:12,311.38336
WI,SFD_ROOFGEOM,Hip roof LE6:12,311.854233
WI,SFD_ROOFGEOM,Hip roof GT6:12,285.529508
WI,SFD_ROOFMAINT,Excellent condition,351.445096
WI,SFD_ROOFMAINT,No deterioration or defects,355.276315
WI,SFD_ROOFMAINT,Visible defects,336.145958
WI,SFD_ROOFMAINT,Significant signs of distress,346.516379
WI,SFD_ROOFSYS,Built up or single ply,525.450906
WI,SFD_ROOFSYS,Built up with gutters,472.111669
WI,SFD_ROOFSYS,Built up without gutters,503.598366
WI,SFD_ROOFSYS,Built up unknown gutters,494.546605
WI,SFD_ROOFSYS,High wind shingle,493.394554
WI,SFD_ROOFSYS,High wind shingle plus SWR,494.493369
WI,SFD_ROOFSYS,Normal shingle,510.060194
WI,SFD_ROOFSYS,Normal shingle plus SWR,475.381422
WI,SFD_ROOFSYS,Metal concealed fasteners,476.023976
WI,SFD_ROOFSYS,Metal exposed fasteners,483.780389
WI,SFD_ROOFSYS,Metal unknown fasteners,507.01297
WI,SFD_ROOFSYS,Wood shakes,516.925648
WI,SFD_ROOFSYS,Concrete roof,527.177822
WI,SFD_ROOFSYS,Hail class 1,464.547955
WI,SFD_ROOFSYS,Hail class 2,473.286345
WI,SFD_ROOFSYS,Hail class 3,526.579614
WI,SFD_ROOFSYS,Hail class 4,514.859911
WI,SFD_ROOFSYS,Rubber roof,514.709671
WI,SFD_ROOFSYS,Green roof,482.172309
WI,SFD_ROOFSYS,Bermuda style roof,466.690993
WI,SFD_ROOFSYS,Concrete tiles,454.96946
WI,SFD_ROOFSYS,Slate tile,524.885796
WI,SFD_ROOFSYS,Fabric membrane,516.976955
WI,SFD_ROOFSYS,Solar tile,517.906308
WI,SFD_TODMGPROVISION,Cosmetic damage Fully covered,382.748648
WI,SFD_TODMGPROVISION,Cosmetic damage Mostly covered,341.651278
WI,SFD_TODMGPROVISION,Cosmetic damage Default,336.156929
WI,SFD_TODMGPROVISION,Cosmetic damage Rarely covered,382.660212
WI,SFD_TODMGPROVISION,Cosmetic damage Excluded,365.388759
WI,SFD_TOFLASHING,Compliant with ES1,349.798942
WI,SFD_TOFLASHING,Not compliant with ES1,350.06851
WI,SFD_TREEDENSITY,High tree risk high shielding,419.182144
WI,SFD_TREEDENSITY,Some trees some shielding,454.522918
WI,SFD_TREEDENSITY,No trees no shielding,421.782468
WV,COM_Unknown,Unknown,496.709101
WV,COM_ARCHITECT,Attached screen,377.722388
WV,COM_ARCHITECT,Detached screen,396.121032
WV,COM_ARCHITECT,Fences,334.469443
WV,COM_ARCHITECT,None,327.329301
WV,COM_ARCHITECT,Skylights,350.644805
WV,COM_ARCHITECT,Skylights protection,387.537471
WV,COM_CLADRATE,10d high wind nail,290.149545
WV,COM_CLADRATE,6d any nail,278.271092
WV,COM_CLADRATE,8d high wind nail,327.215643
WV,COM_CLADRATE,8d minimum nail,300.601648
WV,COM_CLADRATE,Batten decking,296.523431
WV,COM_CLADRATE,Lumber and groove,283.332673
WV,COM_CLADSYS,Vinyl siding,530.519989
WV,COM_CLADSYS,EIFS,535.488225
WV,COM_CLADSYS,Wood,513.568973
WV,COM_CLADSYS,Metal sheathing,520.073356
WV,COM_CLADSYS,Impact rated glazing,569.763953
WV,COM_CLADSYS,Stucco,502.51143
WV,COM_CLADSYS,Brick veneer,548.135648
WV,COM_CLADSYS,Concrete block,507.913517
WV,COM_CONSTQUALI,Signs of distress,427.667285
WV,COM_CONSTQUALI,WH Roof existing,468.121476
WV,COM_CONSTQUALI,Wind Roof existing,438.720159
WV,COM_CONSTQUALI,Wind Gold existing,425.929983
WV,COM_CONSTQUALI,Wind Silver existing,457.433241
WV,COM_CONSTQUALI,WH Gold existing,408.132397
WV,COM_CONSTQUALI,WH Silver existing,437.461602
WV,COM_EXTORN,Extensive ornamentation,371.921439
WV,COM_EXTORN,Extensive ornamentation and LPS,317.685649
WV,COM_EXTORN,Large signs,317.863021
WV,COM_EXTORN,Large signs and LPS,337.746809
WV,COM_EXTORN,Lightning protection,359.462619
WV,COM_FOUNDSYS,Bolted,558.807521
WV,COM_FOUNDSYS,Engineered,480.548909
WV,COM_FOUNDSYS,Unbolted,545.649685
WV,COM_GARAGING,Attached garage,498.650296
WV,COM_GARAGING,Detached garage,505.089059
WV,COM_GARAGING,No garage,484.340248
WV,COM_MECHGROUND,Generally unprotected,217.48152
WV,COM_MECHGROUND,Generally protected,257.381402
WV,COM_RESISTOPEN,Pressure small missile rated,436.056573
WV,COM_RESISTOPEN,Pressure medium missile rated,428.33088
WV,COM_RESISTOPEN,All openings pressure small missile rated,370.110469
WV,COM_RESISTOPEN,All openings pressure medium missile rated,397.176337
WV,COM_RESISTOPEN,All openings pressure large missile rated,369.248626
WV,COM_ROOFAGE,0 to 5 years,649.632526
WV,COM_ROOFAGE,6 to 10 years,743.378937
WV,COM_ROOFAGE,11 years or more,708.091557
WV,COM_ROOFANCH,Clips,260.867339
WV,COM_ROOFANCH,Double wraps,233.08445
WV,COM_ROOFANCH,Single wraps,241.798782
WV,COM_ROOFANCH,Structural,282.184037
WV,COM_ROOFANCH,Toenailing no anchorage,238.764157
WV,COM_ROOFEQUIP,No equipment present,327.547368
WV,COM_ROOFEQUIP,Roof mounted photovoltaic array,304.202224
WV,COM_ROOFEQUIP,Roof mounted impact resistant array,332.533705
WV,COM_ROOFEQUIP,Roof mounted mechanically attached array,311.335174
WV,COM_ROOFGEOM,Complex roof,444.349143
WV,COM_ROOFGEOM,Flat roof no parapets,465.948604
WV,COM_ROOFGEOM,Flat roof parapets,449.568777
WV,COM_ROOFGEOM,Gable roof LE6:12,477.890769
WV,COM_ROOFGEOM,Braced gable LE6:12,403.642871
WV,COM_ROOFGEOM,Gable roof GT6:12,449.015064
WV,COM_ROOFGEOM,Braced gable GT6:12,416.329371
WV,COM_ROOFGEOM,Hip roof LE6:12,393.754479
WV,COM_ROOFGEOM,Hip roof GT6:12,480.758598
WV,COM_ROOFMAINT,Excellent condition,256.962884
WV,COM_ROOFMAINT,No deterioration or defects,230.152601
WV,COM_ROOFMAINT,Visible defects,261.405106
WV,COM_ROOFMAINT,Significant signs of distress,224.334097
WV,COM_ROOFSYS,Built up or single ply,475.928719
WV,COM_ROOFSYS,Built up with gutters,429.448347
WV,COM_ROOFSYS,Built up without gutters,401.730605
WV,COM_ROOFSYS,Built up unknown gutters,403.844906
WV,COM_ROOFSYS,High wind shingle,420.191306
WV,COM_ROOFSYS,High wind shingle plus SWR,452.535638
WV,COM_ROOFSYS,Normal shingle,460.939605
WV,COM_ROOFSYS,Normal shingle plus SWR,438.318743
WV,COM_ROOFSYS,Metal concealed fasteners,398.359144
WV,COM_ROOFSYS,Metal exposed fasteners,483.175833
WV,COM_ROOFSYS,Metal unknown fasteners,431.941253
WV,COM_ROOFSYS,Wood shakes,429.096246
WV,COM_ROOFSYS,Concrete roof,431.565169
WV,COM_ROOFSYS,Hail class 1,440.458279
WV,COM_ROOFSYS,Hail class 2,411.618358
WV,COM_ROOFSYS,Hail class 3,411.327858
WV,COM_ROOFSYS,Hail class 4,430.731767
WV,COM_ROOFSYS,Rubber roof,448.099571
WV,COM_ROOFSYS,Green roof,461.452389
WV,COM_ROOFSYS,Bermuda style roof,415.135359
WV,COM_ROOFSYS,Concrete tiles,431.024727
WV,COM_ROOFSYS,Slate tile,409.235321
WV,COM_ROOFSYS,Fabric membrane,434.833114
WV,COM_ROOFSYS,Solar tile,436.430385
WV,COM_TODMGPROVISION,Cosmetic damage Fully covered,488.489787
WV,COM_TODMGPROVISION,Cosmetic damage Mostly covered,558.577249
WV,COM_TODMGPROVISION,Cosmetic damage Default,489.639935
WV,COM_TODMGPROVISION,Cosmetic damage Rarely covered,527.795084
WV,COM_TODMGPROVISION,Cosmetic damage Excluded,541.86473
WV,COM_TOFLASHING,Compliant with ES1,590.959106
WV,COM_TOFLASHING,Not compliant with ES1,604.307031
WV,COM_TREEDENSITY,High tree risk high shielding,307.549241
WV,COM_TREEDENSITY,Some trees some shielding,298.982933
WV,COM_TREEDENSITY,No trees no shielding,316.285526
WV,SFD_Unknown,Unknown,508.035611
WV,SFD_ARCHITECT,Attached screen,525.283979
WV,SFD_ARCHITECT,Detached screen,577.470276
WV,SFD_ARCHITECT,Fences,568.835373
WV,SFD_ARCHITECT,None,523.027225
WV,SFD_ARCHITECT,Skylights,593.84915
WV,SFD_ARCHITECT,Skylights protection,512.725189
WV,SFD_CLADRATE,10d high wind nail,574.765977
WV,SFD_CLADRATE,6d any nail,569.428998
WV,SFD_CLADRATE,8d high wind nail,512.358698
WV,SFD_CLADRATE,8d minimum nail,507.25126
WV,SFD_CLADRATE,Batten decking,535.882739
WV,SFD_CLADRATE,Lumber and groove,550.805425
WV,SFD_CLADSYS,Vinyl siding,468.680209
WV,SFD_CLADSYS,EIFS,481.158797
WV,SFD_CLADSYS,Wood,518.329542
WV,SFD_CLADSYS,Metal sheathing,535.324883
WV,SFD_CLADSYS,Impact rated glazing,552.804262
WV,SFD_CLADSYS,Stucco,489.996972
WV,SFD_CLADSYS,Brick veneer,508.190961
WV,SFD_CLADSYS,Concrete block,489.232588
WV,SFD_CONSTQUALI,Signs of distress,436.845692
WV,SFD_CONSTQUALI,WH Roof existing,499.636234
WV,SFD_CONSTQUALI,Wind Roof existing,495.139567
WV,SFD_CONSTQUALI,Wind Gold existing,431.500124
WV,SFD_CONSTQUALI,Wind Silver existing,495.730096
WV,SFD_CONSTQUALI,WH Gold existing,427.63569
WV,SFD_CONSTQUALI,WH Silver existing,496.686334
WV,SFD_EXTORN,Extensive ornamentation,600.152916
WV,SFD_EXTORN,Extensive ornamentation and LPS,535.692007
WV,SFD_EXTORN,Large signs,518.918822
WV,SFD_EXTORN,Large signs and LPS,583.797488
WV,SFD_EXTORN,Lightning protection,600.001556
WV,SFD_FOUNDSYS,Bolted,599.274065
WV,SFD_FOUNDSYS,Engineered,531.993885
WV,SFD_FOUNDSYS,Unbolted,554.948033
WV,SFD_GARAGING,Attached garage,413.732935
WV,SFD_GARAGING,Detached garage,472.613861
WV,SFD_GARAGING,No garage,491.553713
WV,SFD_MECHGROUND,Generally unprotected,543.333126
WV,SFD_MECHGROUND,Generally protected,551.363721
WV,SFD_RESISTOPEN,Pressure small missile rated,512.957121
WV,SFD_RESISTOPEN,Pressure medium missile rated,512.402249
WV,SFD_RESISTOPEN,All openings pressure small missile rated,554.204091
WV,SFD_RESISTOPEN,All openings pressure medium missile rated,545.153931
WV,SFD_RESISTOPEN,All openings pressure large missile rated,545.905263
WV,SFD_ROOFAGE,0 to 5 years,284.699878
WV,SFD_ROOFAGE,6 to 10 years,276.723505
WV,SFD_ROOFAGE,11 years or more,324.441158
WV,SFD_ROOFANCH,Clips,313.923482
WV,SFD_ROOFANCH,Double wraps,327.42011
WV,SFD_ROOFANCH,Single wraps,325.682445
WV,SFD_ROOFANCH,Structural,293.483858
WV,SFD_ROOFANCH,Toenailing no anchorage,312.149258
WV,SFD_ROOFEQUIP,No equipment present,647.749998
WV,SFD_ROOFEQUIP,Roof mounted photovoltaic array,704.651368
WV,SFD_ROOFEQUIP,Roof mounted impact resistant array,721.139968
WV,SFD_ROOFEQUIP,Roof mounted mechanically attached array,712.461487
WV,SFD_ROOFGEOM,Complex roof,476.631524
WV,SFD_ROOFGEOM,Flat roof no parapets,499.615588
WV,SFD_ROOFGEOM,Flat roof parapets,427.961581
WV,SFD_ROOFGEOM,Gable roof LE6:12,517.515507
WV,SFD_ROOFGEOM,Braced gable LE6:12,513.082147
WV,SFD_ROOFGEOM,Gable roof GT6:12,483.790245
WV,SFD_ROOFGEOM,Braced gable GT6:12,469.029751
WV,SFD_ROOFGEOM,Hip roof LE6:12,494.703428
WV,SFD_ROOFGEOM,Hip roof GT6:12,516.488346
WV,SFD_ROOFMAINT,Excellent condition,490.79748
WV,SFD_ROOFMAINT,No deterioration or defects,547.54672
WV,SFD_ROOFMAINT,Visible defects,500.076093
WV,SFD_ROOFMAINT,Significant signs of distress,467.490811
WV,SFD_ROOFSYS,Built up or single ply,667.602938
WV,SFD_ROOFSYS,Built up with gutters,778.752113
WV,SFD_ROOFSYS,Built up without gutters,719.084445
WV,SFD_ROOFSYS,Built up unknown gutters,678.919244
WV,SFD_ROOFSYS,High wind shingle,711.466856
WV,SFD_ROOFSYS,High wind shingle plus SWR,694.522591
WV,SFD_ROOFSYS,Normal shingle,661.241352
WV,SFD_ROOFSYS,Normal shingle plus SWR,692.005553
WV,SFD_ROOFSYS,Metal concealed fasteners,649.06555
WV,SFD_ROOFSYS,Metal exposed fasteners,755.518913
WV,SFD_ROOFSYS,Metal unknown fasteners,688.935669
WV,SFD_ROOFSYS,Wood shakes,745.339176
WV,SFD_ROOFSYS,Concrete roof,779.215226
WV,SFD_ROOFSYS,Hail class 1,686.545563
WV,SFD_ROOFSYS,Hail class 2,784.584756
WV,SFD_ROOFSYS,Hail class 3,665.781076
WV,SFD_ROOFSYS,Hail class 4,757.506818
WV,SFD_ROOFSYS,Rubber roof,723.352444
WV,SFD_ROOFSYS,Green roof,650.902539
WV,SFD_ROOFSYS,Bermuda style roof,711.321339
WV,SFD_ROOFSYS,Concrete tiles,753.940711
WV,SFD_ROOFSYS,Slate tile,761.468615
WV,SFD_ROOFSYS,Fabric membrane,685.495797
WV,SFD_ROOFSYS,Solar tile,654.76643
WV,SFD_TODMGPROVISION,Cosmetic damage Fully covered,578.324576
WV,SFD_TODMGPROVISION,Cosmetic damage Mostly covered,583.750973
WV,SFD_TODMGPROVISION,Cosmetic damage Default,593.416627
WV,SFD_TODMGPROVISION,Cosmetic damage Rarely covered,606.049221
WV,SFD_TODMGPROVISION,Cosmetic damage Excluded,574.843506
WV,SFD_TOFLASHING,Compliant with ES1,483.668465
WV,SFD_TOFLASHING,Not compliant with ES1,491.611252
WV,SFD_TREEDENSITY,High tree risk high shielding,730.590254
WV,SFD_TREEDENSITY,Some trees some shielding,740.451289
WV,SFD_TREEDENSITY,No trees no shielding,732.801956
WY,COM_Unknown,Unknown,617.632384
WY,COM_ARCHITECT,Attached screen,386.696948
WY,COM_ARCHITECT,Detached screen,450.300799
WY,COM_ARCHITECT,Fences,431.886987
WY,COM_ARCHITECT,None,428.510815
WY,COM_ARCHITECT,Skylights,389.712772
WY,COM_ARCHITECT,Skylights protection,391.569124
WY,COM_CLADRATE,10d high wind nail,381.751819
WY,COM_CLADRATE,6d any nail,398.993305
WY,COM_CLADRATE,8d high wind nail,342.921805
WY,COM_CLADRATE,8d minimum nail,351.397957
WY,COM_CLADRATE,Batten decking,406.086684
WY,COM_CLADRATE,Lumber and groove,350.969213
WY,COM_CLADSYS,Vinyl siding,732.085946
WY,COM_CLADSYS,EIFS,721.064134
WY,COM_CLADSYS,Wood,660.315072
WY,COM_CLADSYS,Metal sheathing,694.342143
WY,COM_CLADSYS,Impact rated glazing,672.170768
WY,COM_CLADSYS,Stucco,618.162881
WY,COM_CLADSYS,Brick veneer,684.757577
WY,COM_CLADSYS,Concrete block,654.174225
WY,COM_CONSTQUALI,Signs of distress,596.762576
WY,COM_CONSTQUALI,WH Roof existing,586.013403
WY,COM_CONSTQUALI,Wind Roof existing,547.997943
WY,COM_CONSTQUALI,Wind Gold existing,558.007731
WY,COM_CONSTQUALI,Wind Silver existing,593.538315
WY,COM_CONSTQUALI,WH Gold existing,558.94966
WY,COM_CONSTQUALI,WH Silver existing,523.585173
WY,COM_EXTORN,Extensive ornamentation,422.585939
WY,COM_EXTORN,Extensive ornamentation and LPS,419.099629
WY,COM_EXTORN,Large signs,396.908093
WY,COM_EXTORN,Large signs and LPS,428.258559
WY,COM_EXTORN,Lightning protection,394.115246
WY,COM_FOUNDSYS,Bolted,626.180629
WY,COM_FOUNDSYS,Engineered,631.981986
WY,COM_FOUNDSYS,Unbolted,693.614885
WY,COM_GARAGING,Attached garage,638.069212
WY,COM_GARAGING,Detached garage,650.35999
WY,COM_GARAGING,No garage,640.542736
WY,COM_MECHGROUND,Generally unprotected,332.450208
WY,COM_MECHGROUND,Generally protected,307.489295
WY,COM_RESISTOPEN,Pressure small missile rated,540.806693
WY,COM_RESISTOPEN,Pressure medium missile rated,567.101886
WY,COM_RESISTOPEN,All openings pressure small missile rated,495.49473
WY,COM_RESISTOPEN,All openings pressure medium missile rated,516.60037
WY,COM_RESISTOPEN,All openings pressure large missile rated,575.977144
WY,COM_ROOFAGE,0 to 5 years,841.165286
WY,COM_ROOFAGE,6 to 10 years,791.840462
WY,COM_ROOFAGE,11 years or more,843.539634
WY,COM_ROOFANCH,Clips,289.144339
WY,COM_ROOFANCH,Double wraps,330.543119
WY,COM_ROOFANCH,Single wraps,314.739885
WY,COM_ROOFANCH,Structural,332.964693
WY,COM_ROOFANCH,Toenailing no anchorage,333.278314
WY,COM_ROOFEQUIP,No equipment present,409.354184
WY,COM_ROOFEQUIP,Roof mounted photovoltaic array,373.283243
WY,COM_ROOFEQUIP,Roof mounted impact resistant array,425.639147
WY,COM_ROOFEQUIP,Roof mounted mechanically attached array,451.245523
WY,COM_ROOFGEOM,Complex roof,521.474007
WY,COM_ROOFGEOM,Flat roof no parapets,511.642603
WY,COM_ROOFGEOM,Flat roof parapets,575.831648
WY,COM_ROOFGEOM,Gable roof LE6:12,524.691507
WY,COM_ROOFGEOM,Braced gable LE6:12,497.197579
WY,COM_ROOFGEOM,Gable roof GT6:12,582.360196
WY,COM_ROOFGEOM,Braced gable GT6:12,528.141784
WY,COM_ROOFGEOM,Hip roof LE6:12,552.855583
WY,COM_ROOFGEOM,Hip roof GT6:12,596.057589
WY,COM_ROOFMAINT,Excellent condition,327.104921
WY,COM_ROOFMAINT,No deterioration or defects,307.227829
WY,COM_ROOFMAINT,Visible defects,327.119733
WY,COM_ROOFMAINT,Significant signs of distress,290.896747
WY,COM_ROOFSYS,Built up or single ply,562.802092
WY,COM_ROOFSYS,Built up with gutters,500.169883
WY,COM_ROOFSYS,Built up without gutters,582.853942
WY,COM_ROOFSYS,Built up unknown gutters,546.684915
WY,COM_ROOFSYS,High wind shingle,533.406429
WY,COM_ROOFSYS,High wind shingle plus SWR,565.212859
WY,COM_ROOFSYS,Normal shingle,524.283757
WY,COM_ROOFSYS,Normal shingle plus SWR,585.803196
WY,COM_ROOFSYS,Metal concealed fasteners,516.785361
WY,COM_ROOFSYS,Metal exposed fasteners,513.581547
WY,COM_ROOFSYS,Metal unknown fasteners,510.807149
WY,COM_ROOFSYS,Wood shakes,555.401645
WY,COM_ROOFSYS,Concrete roof,573.484212
WY,COM_ROOFSYS,Hail class 1,572.281484
WY,COM_ROOFSYS,Hail class 2,598.660135
WY,COM_ROOFSYS,Hail class 3,599.82178
WY,COM_ROOFSYS,Hail class 4,495.888172
WY,COM_ROOFSYS,Rubber roof,593.732823
WY,COM_ROOFSYS,Green roof,585.388879
WY,COM_ROOFSYS,Bermuda style roof,491.740766
WY,COM_ROOFSYS,Concrete tiles,540.242706
WY,COM_ROOFSYS,Slate tile,546.05208
WY,COM_ROOFSYS,Fabric membrane,531.672331
WY,COM_ROOFSYS,Solar tile,553.566017
WY,COM_TODMGPROVISION,Cosmetic damage Fully covered,749.862128
WY,COM_TODMGPROVISION,Cosmetic damage Mostly covered,702.117641
WY,COM_TODMGPROVISION,Cosmetic damage Default,671.784001
WY,COM_TODMGPROVISION,Cosmetic damage Rarely covered,705.474757
WY,COM_TODMGPROVISION,Cosmetic damage Excluded,756.536737
WY,COM_TOFLASHING,Compliant with ES1,628.178826
WY,COM_TOFLASHING,Not compliant with ES1,678.335845
WY,COM_TREEDENSITY,High tree risk high shielding,387.344754
WY,COM_TREEDENSITY,Some trees some shielding,378.557052
WY,COM_TREEDENSITY,No trees no shielding,339.757988
WY,SFD_Unknown,Unknown,327.59705
WY,SFD_ARCHITECT,Attached screen,359.329323
WY,SFD_ARCHITECT,Detached screen,345.055643
WY,SFD_ARCHITECT,Fences,388.517865
WY,SFD_ARCHITECT,None,390.01704
WY,SFD_ARCHITECT,Skylights,344.169828
WY,SFD_ARCHITECT,Skylights protection,369.473792
WY,SFD_CLADRATE,10d high wind nail,349.206678
WY,SFD_CLADRATE,6d any nail,352.928327
WY,SFD_CLADRATE,8d high wind nail,323.85103
WY,SFD_CLADRATE,8d minimum nail,316.12923
WY,SFD_CLADRATE,Batten decking,331.735075
WY,SFD_CLADRATE,Lumber and groove,328.04914
WY,SFD_CLADSYS,Vinyl siding,353.97017
WY,SFD_CLADSYS,EIFS,310.778203
WY,SFD_CLADSYS,Wood,352.846865
WY,SFD_CLADSYS,Metal sheathing,362.432897
WY,SFD_CLADSYS,Impact rated glazing,366.69239
WY,SFD_CLADSYS,Stucco,312.586744
WY,SFD_CLADSYS,Brick veneer,323.592923
WY,SFD_CLADSYS,Concrete block,363.689598
WY,SFD_CONSTQUALI,Signs of distress,306.381822
WY,SFD_CONSTQUALI,WH Roof existing,287.128585
WY,SFD_CONSTQUALI,Wind Roof existing,272.792529
WY,SFD_CONSTQUALI,Wind Gold existing,298.006113
WY,SFD_CONSTQUALI,Wind Silver existing,326.451655
WY,SFD_CONSTQUALI,WH Gold existing,330.687949
WY,SFD_CONSTQUALI,WH Silver existing,299.124299
WY,SFD_EXTORN,Extensive ornamentation,369.76611
WY,SFD_EXTORN,Extensive ornamentation and LPS,350.898692
WY,SFD_EXTORN,Large signs,373.75448
WY,SFD_EXTORN,Large signs and LPS,365.430186
WY,SFD_EXTORN,Lightning protection,382.339485
WY,SFD_FOUNDSYS,Bolted,360.95882
WY,SFD_FOUNDSYS,Engineered,364.67067
WY,SFD_FOUNDSYS,Unbolted,345.837537
WY,SFD_GARAGING,Attached garage,287.791902
WY,SFD_GARAGING,Detached garage,295.189525
WY,SFD_GARAGING,No garage,330.657681
WY,SFD_MECHGROUND,Generally unprotected,365.069521
WY,SFD_MECHGROUND,Generally protected,353.616673
WY,SFD_RESISTOPEN,Pressure small missile rated,343.150294
WY,SFD_RESISTOPEN,Pressure medium missile rated,338.697288
WY,SFD_RESISTOPEN,All openings pressure small missile rated,344.159434
WY,SFD_RESISTOPEN,All openings pressure medium missile rated,343.215116
WY,SFD_RESISTOPEN,All openings pressure large missile rated,377.838583
WY,SFD_ROOFAGE,0 to 5 years,181.55309
WY,SFD_ROOFAGE,6 to 10 years,184.272712
WY,SFD_ROOFAGE,11 years or more,202.014503
WY,SFD_ROOFANCH,Clips,207.927258
WY,SFD_ROOFANCH,Double wraps,201.653106
WY,SFD_ROOFANCH,Single wraps,200.756421
WY,SFD_ROOFANCH,Structural,197.232579
WY,SFD_ROOFANCH,Toenailing no anchorage,195.380602
WY,SFD_ROOFEQUIP,No equipment present,461.63729
WY,SFD_ROOFEQUIP,Roof mounted photovoltaic array,437.777675
WY,SFD_ROOFEQUIP,Roof mounted impact resistant array,464.920074
WY,SFD_ROOFEQUIP,Roof mounted mechanically attached array,469.658727
WY,SFD_ROOFGEOM,Complex roof,291.018606
WY,SFD_ROOFGEOM,Flat roof no parapets,274.520579
WY,SFD_ROOFGEOM,Flat roof parapets,284.027894
WY,SFD_ROOFGEOM,Gable roof LE6:12,317.151009
WY,SFD_ROOFGEOM,Braced gable LE6:12,273.059099
WY,SFD_ROOFGEOM,Gable roof GT6:12,287.026859
WY,SFD_ROOFGEOM,Braced gable GT6:12,293.48407
WY,SFD_ROOFGEOM,Hip roof LE6:12,276.812261
WY,SFD_ROOFGEOM,Hip roof GT6:12,288.843142
WY,SFD_ROOFMAINT,Excellent condition,330.445694
WY,SFD_ROOFMAINT,No deterioration or defects,332.016357
WY,SFD_ROOFMAINT,Visible defects,348.126979
WY,SFD_ROOFMAINT,Significant signs of distress,357.216766
WY,SFD_ROOFSYS,Built up or single ply,447.311934
WY,SFD_ROOFSYS,Built up with gutters,476.989857
WY,SFD_ROOFSYS,Built up without gutters,451.920151
WY,SFD_ROOFSYS,Built up unknown gutters,473.394739
WY,SFD_ROOFSYS,High wind shingle,462.792102
WY,SFD_ROOFSYS,High wind shingle plus SWR,451.539295
WY,SFD_ROOFSYS,Normal shingle,457.695206
WY,SFD_ROOFSYS,Normal shingle plus SWR,434.017783
WY,SFD_ROOFSYS,Metal concealed fasteners,430.723634
WY,SFD_ROOFSYS,Metal exposed fasteners,466.945109
WY,SFD_ROOFSYS,Metal unknown fasteners,486.222306
WY,SFD_ROOFSYS,Wood shakes,427.127221
WY,SFD_ROOFSYS,Concrete roof,419.803781
WY,SFD_ROOFSYS,Hail class 1,444.972499
WY,SFD_ROOFSYS,Hail class 2,424.746868
WY,SFD_ROOFSYS,Hail class 3,489.456906
WY,SFD_ROOFSYS,Hail class 4,440.72112
WY,SFD_ROOFSYS,Rubber roof,453.746593
WY,SFD_ROOFSYS,Green roof,445.40473
WY,SFD_ROOFSYS,Bermuda style roof,436.021625
WY,SFD_ROOFSYS,Concrete tiles,487.641885
WY,SFD_ROOFSYS,Slate tile,434.75958
WY,SFD_ROOFSYS,Fabric membrane,434.137034
WY,SFD_ROOFSYS,Solar tile,475.232373
WY,SFD_TODMGPROVISION,Cosmetic damage Fully covered,397.867446
WY,SFD_TODMGPROVISION,Cosmetic damage Mostly covered,362.04387
WY,SFD_TODMGPROVISION,Cosmetic damage Default,385.383366
WY,SFD_TODMGPROVISION,Cosmetic damage Rarely covered,404.853879
WY,SFD_TODMGPROVISION,Cosmetic damage Excluded,397.13505
WY,SFD_TOFLASHING,Compliant with ES1,363.043411
WY,SFD_TOFLASHING,Not compliant with ES1,322.008917
WY,SFD_TREEDENSITY,High tree risk high shielding,432.535612
WY,SFD_TREEDENSITY,Some trees some shielding,415.414784
WY,SFD_TREEDENSITY,No trees no shielding,384.71211
