LOCNUM,LOCNAME,STATECODE,COUNTY,CC_OCC_HT_YB_FA,HDv1,RLv25,Classification,Description
1,vulsens_0001,CA,IL_COUNTY,RMS_KEY_CC_MH,1048.027305,925.705249,OCC,Unk
2,vulsens_0002,NY,TX_COUNTY,RMS_KEY_FA_SFD_5000,421.719184,318.739052,HT_COM,2000
3,vulsens_0003,AL,AZ_COUNTY,RMS_KEY_HT_COM_7,297.629336,172.540156,OCC,7
4,vulsens_0004,MD,NY_COUNTY,RMS_KEY_CC_RC,761.8101,264.68566,CC_COM,3
5,vulsens_0005,CO,AL_COUNTY,RMS_KEY_HT_SFD_Unk,388.425576,500.722514,HT_SFD,Steel
6,vulsens_0006,MD,MN_COUNTY,RMS_KEY_CC_COM_Unk,319.283672,204.344459,CC,1000
7,vulsens_0007,AL,CO_COUNTY,RMS_KEY_FA_COM_Unk,414.056811,523.756167,YB,Unk
8,vulsens_0008,AZ,MN_COUNTY,RMS_KEY_HT_COM_10,327.592674,389.402984,CC,Masonry
9,vulsens_0009,NY,FL_COUNTY,RMS_KEY_FA_SFD_Unk,626.257888,540.823883,FA_COM,30000
10,vulsens_0010,NY,CO_COUNTY,RMS_KEY_CC_COM_Masonry,339.08503,729.575871,HT_COM,15000
11,vulsens_0011,NY,CA_COUNTY,RMS_KEY_CC_RC,576.575067,644.242325,OCC,LM
12,vulsens_0012,CO,AL_COUNTY,RMS_KEY_CC_COM_Masonry,434.601845,956.704485,CC_COM,Auto
13,vulsens_0013,MD,MN_COUNTY,RMS_KEY_OCC_COM,364.56602,235.860066,FA_COM,Wood
14,vulsens_0014,MN,MN_COUNTY,RMS_KEY_YB_2000,1029.936609,267.405501,YB,15
15,vulsens_0015,CA,FL_COUNTY,RMS_KEY_CC_RC,350.650456,539.287745,YB,<1995
16,vulsens_0016,CA,MD_COUNTY,RMS_KEY_YB_2000,203.25892,225.368962,HT_COM,3000
17,vulsens_0017,AL,AL_COUNTY,RMS_KEY_CC_COM_Wood,871.632997,506.740009,FA_SFD,Auto
18,vulsens_0018,AL,NY_COUNTY,RMS_KEY_OCC_SFD,1406.310845,480.897849,OCC,Steel
19,vulsens_0019,IL,AZ_COUNTY,RMS_KEY_CC_COM_Unk,450.376308,1089.031894,HT_COM,MH
20,vulsens_0020,AL,MN_COUNTY,RMS_KEY_CC_COM_Masonry,817.341889,281.317771,FA_COM,Steel
21,vulsens_0021,FL,CO_COUNTY,RMS_KEY_HT_COM_Unk,565.18355,203.550374,CC_COM,1
22,vulsens_0022,AL,CA_COUNTY,RMS_KEY_CC_COM_Steel,499.453387,696.317592,HT_COM,Unk
23,vulsens_0023,TX,AL_COUNTY,RMS_KEY_FA_SFD_3000,271.593247,478.478447,OCC,Steel
24,vulsens_0024,AZ,AZ_COUNTY,RMS_KEY_YB_2005,461.13295,492.969182,HT_COM,2000
25,vulsens_0025,NY,CA_COUNTY,RMS_KEY_CC_COM_Auto,939.538741,778.906075,FA_COM,20
26,vulsens_0026,NY,CA_COUNTY,RMS_KEY_FA_SFD_2000,924.289742,1135.543676,CC_COM,Unk
27,vulsens_0027,MN,TX_COUNTY,RMS_KEY_OCC_COM,854.026048,263.749802,CC,2
28,vulsens_0028,TX,NY_COUNTY,RMS_KEY_HT_COM_5,542.002073,272.622343,HT_COM,7
29,vulsens_0029,CO,IL_COUNTY,RMS_KEY_HT_COM_20,554.518191,693.447791,YB_COM,Auto
30,vulsens_0030,CO,AZ_COUNTY,RMS_KEY_FA_SFD_7500,434.992909,159.126878,FA_COM,Masonry
31,vulsens_0031,AL,TX_COUNTY,RMS_KEY_YB_COM_2005,582.799368,150.880877,FA_SFD,RC
32,vulsens_0032,CA,MD_COUNTY,RMS_KEY_CC_COM_Auto,702.620729,415.413594,YB_COM,<1995
33,vulsens_0033,AL,CO_COUNTY,RMS_KEY_FA_SFD_2000,509.281587,616.953054,CC,2015
34,vulsens_0034,TX,AL_COUNTY,RMS_KEY_CC_COM_Unk,655.14403,447.871997,OCC,Steel
35,vulsens_0035,CA,CA_COUNTY,RMS_KEY_OCC_COM,436.644657,302.932161,CC_COM,Unk
36,vulsens_0036,MD,AL_COUNTY,RMS_KEY_YB_2000,898.147307,555.039519,OCC,<1995
37,vulsens_0037,CA,MD_COUNTY,RMS_KEY_FA_SFD_7500,591.314902,185.485872,YB,COM
38,vulsens_0038,NY,AZ_COUNTY,RMS_KEY_CC_MH,352.638881,190.447594,YB_COM,Unk
39,vulsens_0039,CO,CA_COUNTY,RMS_KEY_FA_SFD_5000,564.854421,371.428365,FA_COM,2010
40,vulsens_0040,NY,TX_COUNTY,RMS_KEY_HT_SFD_1,744.702669,137.956129,HT_COM,Steel
41,vulsens_0041,TX,IL_COUNTY,RMS_KEY_YB_COM_<1995,582.915022,382.148725,CC_COM,1995
42,vulsens_0042,TX,AL_COUNTY,RMS_KEY_HT_COM_1,156.996731,419.212754,YB_COM,Unk
43,vulsens_0043,MD,CA_COUNTY,RMS_KEY_HT_SFD_2,736.910419,620.295442,YB_COM,5
44,vulsens_0044,AL,MN_COUNTY,RMS_KEY_HT_COM_7,370.891595,888.672737,FA_COM,IND
45,vulsens_0045,CA,CO_COUNTY,RMS_KEY_HT_COM_15,348.29909,491.368228,OCC,Wood
46,vulsens_0046,IL,CO_COUNTY,RMS_KEY_HT_SFD_Unk,397.203175,752.847198,FA_COM,<1995
47,vulsens_0047,MN,IL_COUNTY,RMS_KEY_CC_Unk,159.425306,865.148868,FA_COM,1995
48,vulsens_0048,NY,TX_COUNTY,RMS_KEY_YB_COM_<1995,711.866706,610.06305,FA_COM,LM
49,vulsens_0049,NY,CA_COUNTY,RMS_KEY_HT_SFD_2,355.031675,173.394951,CC,1995
50,vulsens_0050,NY,CA_COUNTY,RMS_KEY_HT_COM_10,347.99425,482.453375,CC,MH
51,vulsens_0051,MN,FL_COUNTY,RMS_KEY_FA_COM_25000,494.288477,320.149335,HT_SFD,2000
52,vulsens_0052,NY,CA_COUNTY,RMS_KEY_CC_LM,467.95567,849.06279,FA_COM,Masonry
53,vulsens_0053,TX,CO_COUNTY,RMS_KEY_FA_COM_30000,1299.636452,282.432577,CC,20
54,vulsens_0054,MD,MD_COUNTY,RMS_KEY_FA_SFD_3000,710.419217,571.087499,HT_COM,20
55,vulsens_0055,CA,NY_COUNTY,RMS_KEY_FA_SFD_1000,108.077299,301.988685,YB_COM,IND
56,vulsens_0056,CO,CA_COUNTY,RMS_KEY_OCC_Unk,323.894128,392.34404,YB_COM,15000
57,vulsens_0057,CO,FL_COUNTY,RMS_KEY_FA_SFD_5000,521.876551,402.546696,CC,SFD
58,vulsens_0058,TX,NY_COUNTY,RMS_KEY_OCC_IND,770.230461,827.137813,YB_COM,5000
59,vulsens_0059,CO,NY_COUNTY,RMS_KEY_OCC_SFD,427.912934,739.17166,YB_COM,MH
60,vulsens_0060,IL,CO_COUNTY,RMS_KEY_YB_COM_2020,857.133389,266.993557,CC_COM,5000
61,vulsens_0061,MN,TX_COUNTY,RMS_KEY_YB_COM_2005,413.068136,471.581401,CC_COM,Steel
62,vulsens_0062,IL,FL_COUNTY,RMS_KEY_YB_COM_2015,803.174135,678.253301,YB,Wood
63,vulsens_0063,MD,MD_COUNTY,RMS_KEY_YB_2005,933.8679,555.430445,FA_SFD,Unk
64,vulsens_0064,MN,CO_COUNTY,RMS_KEY_HT_SFD_Unk,2154.674781,196.636227,CC_COM,2015
65,vulsens_0065,MD,AL_COUNTY,RMS_KEY_CC_Wood,729.787498,804.149132,YB,20000
66,vulsens_0066,MD,CA_COUNTY,RMS_KEY_FA_COM_Unk,814.024404,334.052944,HT_COM,<1995
67,vulsens_0067,MD,CO_COUNTY,RMS_KEY_CC_RC,816.727209,532.834135,CC_COM,10
68,vulsens_0068,MD,NY_COUNTY,RMS_KEY_CC_Masonry,621.514992,304.810923,CC,Auto
69,vulsens_0069,FL,TX_COUNTY,RMS_KEY_FA_SFD_3000,574.107332,238.307194,FA_SFD,5000
70,vulsens_0070,MN,FL_COUNTY,RMS_KEY_FA_SFD_3000,464.221303,568.267664,YB_COM,Auto
71,vulsens_0071,NY,FL_COUNTY,RMS_KEY_CC_RC,1354.345087,1536.696193,FA_SFD,Unk
72,vulsens_0072,AL,MD_COUNTY,RMS_KEY_YB_2010,572.870424,300.800815,HT_SFD,LM
73,vulsens_0073,NY,IL_COUNTY,RMS_KEY_FA_COM_25000,330.047041,514.983199,HT_COM,Masonry
74,vulsens_0074,FL,CA_COUNTY,RMS_KEY_CC_Wood,477.222326,345.69159,CC_COM,SFD
75,vulsens_0075,AL,MD_COUNTY,RMS_KEY_FA_SFD_2000,645.53936,323.496886,CC_COM,Unk
76,vulsens_0076,CO,MN_COUNTY,RMS_KEY_CC_COM_Steel,415.296409,241.674032,FA_COM,LM
77,vulsens_0077,NY,AZ_COUNTY,RMS_KEY_CC_RC,684.624253,354.08115,HT_SFD,Unk
78,vulsens_0078,AZ,TX_COUNTY,RMS_KEY_CC_Steel,248.773143,610.72307,YB,<1995
79,vulsens_0079,IL,AZ_COUNTY,RMS_KEY_YB_COM_2020,891.647417,771.398551,HT_COM,2000
80,vulsens_0080,TX,AZ_COUNTY,RMS_KEY_CC_COM_Auto,564.255932,506.346014,YB_COM,20000
81,vulsens_0081,CO,AL_COUNTY,RMS_KEY_FA_COM_20000,289.844023,558.647428,FA_COM,15
82,vulsens_0082,TX,MN_COUNTY,RMS_KEY_YB_COM_2005,618.815773,294.967156,HT_COM,1
83,vulsens_0083,MD,FL_COUNTY,RMS_KEY_YB_2000,224.995628,215.625252,YB,3000
84,vulsens_0084,NY,CA_COUNTY,RMS_KEY_OCC_SFD,457.72977,918.3649,YB,15000
85,vulsens_0085,MD,FL_COUNTY,RMS_KEY_CC_Steel,531.071929,372.798466,HT_COM,5
86,vulsens_0086,NY,MN_COUNTY,RMS_KEY_YB_COM_<1995,406.328676,590.290156,CC_COM,7
87,vulsens_0087,NY,TX_COUNTY,RMS_KEY_YB_COM_2000,947.780789,192.056409,HT_COM,LM
88,vulsens_0088,CO,AZ_COUNTY,RMS_KEY_FA_SFD_2000,675.214306,878.802273,CC,Unk
89,vulsens_0089,MN,CO_COUNTY,RMS_KEY_HT_COM_5,640.728146,388.103383,YB_COM,5
90,vulsens_0090,MD,AL_COUNTY,RMS_KEY_CC_COM_LM,813.025134,429.076636,CC_COM,5
91,vulsens_0091,MN,AZ_COUNTY,RMS_KEY_HT_SFD_2,372.405802,249.25517,FA_COM,Masonry
92,vulsens_0092,AL,AZ_COUNTY,RMS_KEY_FA_SFD_5000,267.091272,542.037741,FA_SFD,RC
93,vulsens_0093,TX,MN_COUNTY,RMS_KEY_CC_LM,458.701666,105.766467,HT_COM,15
94,vulsens_0094,FL,IL_COUNTY,RMS_KEY_CC_COM_Steel,389.57446,176.954027,CC,2005
95,vulsens_0095,MD,CA_COUNTY,RMS_KEY_YB_COM_<1995,951.954698,524.626203,FA_COM,2000
96,vulsens_0096,NY,FL_COUNTY,RMS_KEY_CC_Steel,87.220923,394.974787,YB,Masonry
97,vulsens_0097,MN,TX_COUNTY,RMS_KEY_OCC_IND,746.113824,165.680933,FA_COM,3
98,vulsens_0098,AZ,FL_COUNTY,RMS_KEY_FA_SFD_1000,945.827358,518.175041,CC,LM
99,vulsens_0099,IL,NY_COUNTY,RMS_KEY_HT_SFD_1,957.922061,240.065394,HT_COM,Wood
100,vulsens_0100,MN,MN_COUNTY,RMS_KEY_YB_2025,592.746802,189.225932,OCC,2020
101,vulsens_0101,CA,TX_COUNTY,RMS_KEY_HT_COM_20,393.71093,313.064313,CC_COM,Unk
102,vulsens_0102,NY,IL_COUNTY,RMS_KEY_CC_COM_MH,349.964743,323.141129,CC_COM,7500
103,vulsens_0103,CA,CO_COUNTY,RMS_KEY_CC_Unk,684.02998,474.693609,FA_COM,IND
104,vulsens_0104,CO,NY_COUNTY,RMS_KEY_CC_COM_MH,327.646181,379.533431,FA_SFD,2005
105,vulsens_0105,FL,TX_COUNTY,RMS_KEY_YB_COM_1995,728.41309,222.61486,CC_COM,5
106,vulsens_0106,NY,AL_COUNTY,RMS_KEY_FA_SFD_2000,246.816326,237.154,YB,3
107,vulsens_0107,IL,IL_COUNTY,RMS_KEY_FA_COM_10000,522.464973,390.431595,HT_COM,MH
108,vulsens_0108,TX,AL_COUNTY,RMS_KEY_CC_LM,1021.792128,145.178771,CC_COM,RC
109,vulsens_0109,MN,MN_COUNTY,RMS_KEY_HT_COM_15,292.324117,374.641863,OCC,1995
110,vulsens_0110,IL,MD_COUNTY,RMS_KEY_FA_COM_10000,938.854941,423.200564,FA_SFD,Masonry
111,vulsens_0111,AZ,NY_COUNTY,RMS_KEY_CC_COM_RC,678.674342,497.817738,CC_COM,1995
112,vulsens_0112,NY,NY_COUNTY,RMS_KEY_FA_COM_5000,615.633516,407.236424,CC_COM,2025
113,vulsens_0113,MD,TX_COUNTY,RMS_KEY_CC_Auto,205.75183,555.990503,FA_COM,Unk
114,vulsens_0114,FL,CA_COUNTY,RMS_KEY_CC_COM_Auto,1391.060213,179.807406,FA_COM,20
115,vulsens_0115,MN,TX_COUNTY,RMS_KEY_FA_SFD_2000,218.22332,486.240894,CC_COM,Auto
116,vulsens_0116,AZ,CA_COUNTY,RMS_KEY_HT_COM_15,215.259807,552.678637,CC,Wood
117,vulsens_0117,IL,IL_COUNTY,RMS_KEY_YB_2025,435.63383,292.368987,HT_SFD,1995
118,vulsens_0118,FL,MN_COUNTY,RMS_KEY_CC_LM,533.900243,493.496015,YB,10000
119,vulsens_0119,MD,MD_COUNTY,RMS_KEY_YB_<1995,245.636823,858.464546,HT_SFD,COM
120,vulsens_0120,IL,CO_COUNTY,RMS_KEY_FA_SFD_3000,383.283024,153.073154,OCC,Masonry
121,vulsens_0121,NY,MN_COUNTY,RMS_KEY_YB_COM_1995,1001.913364,337.634825,YB,1995
122,vulsens_0122,MN,NY_COUNTY,RMS_KEY_YB_COM_<1995,149.799129,501.575904,CC_COM,7
123,vulsens_0123,NY,AL_COUNTY,RMS_KEY_CC_COM_LM,608.353372,745.688154,CC,3
124,vulsens_0124,CO,CO_COUNTY,RMS_KEY_CC_Masonry,704.395817,468.050077,FA_SFD,5
125,vulsens_0125,NY,CA_COUNTY,RMS_KEY_YB_COM_<1995,1041.234822,227.547158,CC,1000
126,vulsens_0126,MN,AZ_COUNTY,RMS_KEY_OCC_COM,565.83236,679.036051,YB_COM,<1995
127,vulsens_0127,IL,CO_COUNTY,RMS_KEY_CC_MH,586.082869,330.661397,YB_COM,10000
128,vulsens_0128,FL,CO_COUNTY,RMS_KEY_CC_COM_LM,248.2461,330.158412,FA_SFD,7500
129,vulsens_0129,MN,CA_COUNTY,RMS_KEY_YB_COM_2005,454.230577,161.257408,YB_COM,Unk
130,vulsens_0130,TX,TX_COUNTY,RMS_KEY_YB_2010,337.695353,418.18038,CC_COM,2005
131,vulsens_0131,MD,CO_COUNTY,RMS_KEY_CC_COM_Auto,537.017887,290.736388,CC_COM,2
132,vulsens_0132,MN,IL_COUNTY,RMS_KEY_FA_COM_30000,294.686943,171.88258,YB,3
133,vulsens_0133,CA,FL_COUNTY,RMS_KEY_CC_COM_LM,618.247365,824.951872,YB_COM,Steel
134,vulsens_0134,CA,AL_COUNTY,RMS_KEY_HT_COM_5,483.235971,144.047236,OCC,RC
135,vulsens_0135,TX,AZ_COUNTY,RMS_KEY_CC_COM_Masonry,151.149544,873.819459,HT_COM,30000
136,vulsens_0136,MD,MN_COUNTY,RMS_KEY_HT_COM_5,287.741259,239.425586,CC_COM,2005
137,vulsens_0137,TX,CO_COUNTY,RMS_KEY_HT_COM_10,471.231832,257.770252,YB,15000
138,vulsens_0138,MD,MD_COUNTY,RMS_KEY_HT_COM_7,1372.436373,495.806369,YB,15000
139,vulsens_0139,CO,MN_COUNTY,RMS_KEY_HT_COM_10,757.337071,313.733757,CC_COM,2015
140,vulsens_0140,AL,MD_COUNTY,RMS_KEY_HT_COM_3,224.807387,390.83833,HT_COM,2
141,vulsens_0141,AZ,MD_COUNTY,RMS_KEY_HT_SFD_1,96.115165,1016.369797,CC_COM,2010
142,vulsens_0142,TX,MD_COUNTY,RMS_KEY_OCC_IND,411.835504,361.306147,OCC,Wood
143,vulsens_0143,IL,FL_COUNTY,RMS_KEY_YB_COM_1995,388.361445,400.540348,FA_COM,15000
144,vulsens_0144,TX,AL_COUNTY,RMS_KEY_HT_COM_Unk,309.403348,818.548671,YB,2
145,vulsens_0145,MD,CO_COUNTY,RMS_KEY_YB_COM_2025,308.616209,306.400968,YB_COM,SFD
146,vulsens_0146,FL,FL_COUNTY,RMS_KEY_HT_COM_5,576.546051,344.87841,HT_COM,Wood
147,vulsens_0147,MD,MD_COUNTY,RMS_KEY_CC_COM_Wood,304.501395,360.641855,YB_COM,Auto
148,vulsens_0148,FL,TX_COUNTY,RMS_KEY_OCC_SFD,751.107774,321.33699,OCC,2010
149,vulsens_0149,FL,AZ_COUNTY,RMS_KEY_FA_COM_15000,758.003999,397.921925,CC_COM,Unk
150,vulsens_0150,TX,FL_COUNTY,RMS_KEY_FA_SFD_5000,644.538055,377.993284,CC_COM,Unk
151,vulsens_0151,TX,CO_COUNTY,RMS_KEY_HT_COM_10,699.632777,198.60512,FA_SFD,Unk
152,vulsens_0152,AZ,AL_COUNTY,RMS_KEY_HT_COM_10,408.866289,580.413372,FA_SFD,1
153,vulsens_0153,IL,FL_COUNTY,RMS_KEY_OCC_Unk,594.438671,207.912199,HT_COM,2015
154,vulsens_0154,TX,CA_COUNTY,RMS_KEY_FA_COM_5000,328.289887,560.841067,CC,Unk
155,vulsens_0155,FL,MN_COUNTY,RMS_KEY_CC_LM,539.866013,339.440668,HT_COM,2010
156,vulsens_0156,AL,AZ_COUNTY,RMS_KEY_FA_SFD_3000,858.40129,361.187041,FA_COM,Masonry
157,vulsens_0157,CA,NY_COUNTY,RMS_KEY_HT_COM_20,419.731392,473.303563,FA_COM,3000
158,vulsens_0158,CO,MN_COUNTY,RMS_KEY_HT_COM_5,472.964912,568.708517,CC_COM,1000
159,vulsens_0159,MD,CO_COUNTY,RMS_KEY_YB_COM_2020,551.731888,357.433356,YB,<1995
160,vulsens_0160,NY,NY_COUNTY,RMS_KEY_FA_SFD_1000,256.737797,326.242485,YB,2010
161,vulsens_0161,NY,CA_COUNTY,RMS_KEY_YB_2020,285.458903,547.298186,CC,RC
162,vulsens_0162,NY,NY_COUNTY,RMS_KEY_CC_COM_Steel,674.197236,180.845009,CC,Unk
163,vulsens_0163,MN,MN_COUNTY,RMS_KEY_YB_2005,1457.458712,343.372137,CC,2005
164,vulsens_0164,AZ,FL_COUNTY,RMS_KEY_HT_COM_3,282.889391,295.35563,FA_SFD,Unk
165,vulsens_0165,MD,AZ_COUNTY,RMS_KEY_HT_COM_Unk,511.319322,161.920539,FA_COM,2005
166,vulsens_0166,NY,AZ_COUNTY,RMS_KEY_YB_COM_Unk,605.672608,332.134702,FA_SFD,LM
167,vulsens_0167,TX,CO_COUNTY,RMS_KEY_HT_SFD_Unk,410.301346,230.18943,YB,MH
168,vulsens_0168,AL,MN_COUNTY,RMS_KEY_YB_2010,627.041487,443.221088,YB,10000
169,vulsens_0169,TX,NY_COUNTY,RMS_KEY_CC_COM_MH,683.484158,687.34651,FA_SFD,2010
170,vulsens_0170,CA,CA_COUNTY,RMS_KEY_HT_SFD_2,237.214496,696.270003,FA_SFD,Wood
171,vulsens_0171,TX,FL_COUNTY,RMS_KEY_FA_SFD_5000,637.583199,274.837356,HT_COM,MH
172,vulsens_0172,CO,AZ_COUNTY,RMS_KEY_FA_COM_25000,377.565247,949.470264,OCC,2005
173,vulsens_0173,AZ,FL_COUNTY,RMS_KEY_YB_2010,598.64335,408.99304,YB_COM,2020
174,vulsens_0174,CO,MD_COUNTY,RMS_KEY_CC_COM_RC,884.638763,220.36653,CC_COM,RC
175,vulsens_0175,AL,IL_COUNTY,RMS_KEY_HT_COM_7,154.119419,275.993826,HT_COM,10000
176,vulsens_0176,AZ,CA_COUNTY,RMS_KEY_CC_Unk,413.158097,369.264108,OCC,Wood
177,vulsens_0177,MD,CO_COUNTY,RMS_KEY_CC_COM_Wood,261.21689,802.142923,HT_COM,2005
178,vulsens_0178,AZ,IL_COUNTY,RMS_KEY_HT_COM_10,506.996559,378.805075,YB_COM,2
179,vulsens_0179,CO,NY_COUNTY,RMS_KEY_HT_COM_15,382.541456,222.754896,CC_COM,Masonry
180,vulsens_0180,MN,AZ_COUNTY,RMS_KEY_CC_Unk,540.668635,313.563634,CC,2000
181,vulsens_0181,NY,IL_COUNTY,RMS_KEY_CC_Wood,605.989755,517.860227,CC,2020
182,vulsens_0182,AL,AL_COUNTY,RMS_KEY_FA_SFD_Unk,457.921501,475.567061,FA_SFD,<1995
183,vulsens_0183,MN,CA_COUNTY,RMS_KEY_FA_COM_10000,610.322537,167.628688,FA_COM,Wood
184,vulsens_0184,MD,TX_COUNTY,RMS_KEY_YB_2020,674.307121,727.743465,CC_COM,3000
185,vulsens_0185,AZ,MN_COUNTY,RMS_KEY_YB_COM_2000,538.588754,265.769814,CC,Unk
186,vulsens_0186,CO,MN_COUNTY,RMS_KEY_YB_COM_<1995,542.16665,846.070661,FA_SFD,1
187,vulsens_0187,AZ,CO_COUNTY,RMS_KEY_HT_COM_Unk,269.222109,828.09663,YB,Unk
188,vulsens_0188,CO,FL_COUNTY,RMS_KEY_FA_SFD_7500,259.537873,334.377623,YB_COM,10
189,vulsens_0189,MN,AZ_COUNTY,RMS_KEY_HT_COM_5,204.327888,854.846455,HT_COM,2025
190,vulsens_0190,FL,CA_COUNTY,RMS_KEY_YB_COM_Unk,851.214341,529.780597,YB_COM,Auto
191,vulsens_0191,AL,TX_COUNTY,RMS_KEY_FA_COM_Unk,218.024769,203.472658,YB_COM,2025
192,vulsens_0192,IL,CO_COUNTY,RMS_KEY_HT_SFD_2,337.809297,403.720757,CC_COM,1995
193,vulsens_0193,TX,MN_COUNTY,RMS_KEY_FA_COM_30000,488.655557,294.120713,HT_COM,10
194,vulsens_0194,NY,MN_COUNTY,RMS_KEY_FA_COM_15000,615.430548,492.686634,HT_COM,Steel
195,vulsens_0195,CO,NY_COUNTY,RMS_KEY_HT_SFD_Unk,249.260803,824.158207,FA_COM,15
196,vulsens_0196,CO,NY_COUNTY,RMS_KEY_OCC_IND,297.526243,781.980756,HT_COM,5
197,vulsens_0197,NY,CA_COUNTY,RMS_KEY_CC_Auto,1078.947979,146.569113,YB_COM,2025
198,vulsens_0198,NY,NY_COUNTY,RMS_KEY_CC_COM_RC,537.130043,350.956951,FA_SFD,2010
199,vulsens_0199,MN,TX_COUNTY,RMS_KEY_OCC_MFD,245.162807,225.917337,FA_SFD,30000
200,vulsens_0200,FL,NY_COUNTY,RMS_KEY_YB_COM_2020,481.335192,406.794038,HT_COM,Unk
201,vulsens_0201,MN,NY_COUNTY,RMS_KEY_YB_COM_1995,494.205013,471.220089,CC,Masonry
202,vulsens_0202,IL,MD_COUNTY,RMS_KEY_FA_SFD_5000,247.874423,349.259125,OCC,COM
203,vulsens_0203,FL,IL_COUNTY,RMS_KEY_CC_Steel,583.106381,493.963383,HT_COM,3000
204,vulsens_0204,AL,CA_COUNTY,RMS_KEY_YB_2015,455.498149,139.771791,OCC,10000
205,vulsens_0205,IL,CO_COUNTY,RMS_KEY_YB_2025,916.149777,153.591677,YB_COM,30000
206,vulsens_0206,CO,FL_COUNTY,RMS_KEY_YB_2010,327.472949,555.787123,CC_COM,30000
207,vulsens_0207,FL,MN_COUNTY,RMS_KEY_CC_MH,555.832282,407.476978,CC_COM,5000
208,vulsens_0208,CO,TX_COUNTY,RMS_KEY_CC_COM_Masonry,737.448439,373.626372,YB,2
209,vulsens_0209,MD,TX_COUNTY,RMS_KEY_HT_COM_7,342.131747,427.795209,FA_SFD,IND
210,vulsens_0210,IL,AZ_COUNTY,RMS_KEY_FA_COM_20000,243.706455,476.363301,HT_SFD,1
211,vulsens_0211,NY,CO_COUNTY,RMS_KEY_FA_COM_10000,367.997487,549.419078,OCC,10000
212,vulsens_0212,MN,NY_COUNTY,RMS_KEY_CC_Masonry,493.611694,504.715632,HT_COM,MH
213,vulsens_0213,FL,NY_COUNTY,RMS_KEY_HT_SFD_1,317.600364,486.341772,CC_COM,Unk
214,vulsens_0214,AL,AL_COUNTY,RMS_KEY_HT_COM_3,693.271929,245.409604,YB,5
215,vulsens_0215,AZ,MD_COUNTY,RMS_KEY_YB_COM_2000,273.002574,1461.581957,YB_COM,IND
216,vulsens_0216,AZ,AL_COUNTY,RMS_KEY_FA_COM_Unk,657.535402,280.729242,FA_COM,MFD
217,vulsens_0217,CA,FL_COUNTY,RMS_KEY_CC_LM,776.309489,715.147165,HT_COM,2000
218,vulsens_0218,NY,TX_COUNTY,RMS_KEY_OCC_IND,918.32812,307.682805,HT_COM,2015
219,vulsens_0219,TX,CO_COUNTY,RMS_KEY_CC_Unk,1308.234214,684.648708,CC_COM,MFD
220,vulsens_0220,FL,IL_COUNTY,RMS_KEY_FA_SFD_7500,443.868351,533.323969,FA_SFD,5
221,vulsens_0221,MN,IL_COUNTY,RMS_KEY_CC_COM_RC,310.797545,315.40468,YB_COM,3000
222,vulsens_0222,CO,MD_COUNTY,RMS_KEY_FA_COM_15000,175.358828,459.136027,HT_COM,2005
223,vulsens_0223,MD,AZ_COUNTY,RMS_KEY_HT_SFD_Unk,686.535078,284.300556,FA_COM,MH
224,vulsens_0224,CO,NY_COUNTY,RMS_KEY_CC_COM_Wood,489.83642,640.395026,YB_COM,<1995
225,vulsens_0225,TX,CO_COUNTY,RMS_KEY_YB_COM_2005,452.51273,506.184375,YB,2000
226,vulsens_0226,NY,FL_COUNTY,RMS_KEY_YB_COM_2020,789.031488,795.751607,CC,5000
227,vulsens_0227,MN,AL_COUNTY,RMS_KEY_CC_COM_Wood,257.651344,285.188901,YB_COM,20
228,vulsens_0228,TX,AL_COUNTY,RMS_KEY_YB_COM_<1995,244.490589,517.783369,HT_COM,1
229,vulsens_0229,TX,IL_COUNTY,RMS_KEY_YB_COM_1995,263.445211,462.661486,OCC,2
230,vulsens_0230,NY,CA_COUNTY,RMS_KEY_YB_COM_Unk,458.421482,217.651618,FA_SFD,10000
231,vulsens_0231,AL,MN_COUNTY,RMS_KEY_CC_COM_MH,198.462249,657.89905,FA_SFD,5000
232,vulsens_0232,CA,MN_COUNTY,RMS_KEY_YB_COM_2020,678.048677,602.165926,FA_COM,2015
233,vulsens_0233,CO,AZ_COUNTY,RMS_KEY_HT_COM_20,765.793467,137.991477,CC_COM,RC
234,vulsens_0234,CA,TX_COUNTY,RMS_KEY_HT_COM_10,1471.275567,724.297261,OCC,2000
235,vulsens_0235,CA,AL_COUNTY,RMS_KEY_HT_SFD_Unk,1013.659466,332.506922,YB_COM,2005
236,vulsens_0236,AZ,AZ_COUNTY,RMS_KEY_YB_COM_2010,382.01762,262.488718,YB_COM,25000
237,vulsens_0237,AL,AZ_COUNTY,RMS_KEY_HT_COM_1,467.116351,290.592984,HT_COM,MH
238,vulsens_0238,CO,CA_COUNTY,RMS_KEY_CC_Wood,542.807041,624.103583,OCC,Unk
239,vulsens_0239,TX,AL_COUNTY,RMS_KEY_YB_<1995,335.268709,350.028396,YB,MH
240,vulsens_0240,AZ,CO_COUNTY,RMS_KEY_FA_COM_5000,431.518221,376.144136,CC_COM,Unk
241,vulsens_0241,TX,FL_COUNTY,RMS_KEY_FA_COM_30000,517.412458,338.83125,FA_COM,RC
242,vulsens_0242,AZ,CO_COUNTY,RMS_KEY_CC_COM_MH,215.381021,335.974121,HT_SFD,2005
243,vulsens_0243,MN,AL_COUNTY,RMS_KEY_OCC_COM,335.216258,214.620756,YB,Unk
244,vulsens_0244,AZ,MN_COUNTY,RMS_KEY_YB_COM_<1995,662.495715,187.81861,YB,Unk
245,vulsens_0245,FL,CA_COUNTY,RMS_KEY_HT_COM_5,239.990214,459.488697,YB_COM,2010
246,vulsens_0246,CA,AZ_COUNTY,RMS_KEY_YB_2005,330.553812,711.157166,CC,15
247,vulsens_0247,MD,TX_COUNTY,RMS_KEY_CC_Unk,375.491347,367.598268,YB_COM,Unk
248,vulsens_0248,AZ,MD_COUNTY,RMS_KEY_FA_COM_5000,262.91584,334.360808,HT_COM,2
249,vulsens_0249,NY,AL_COUNTY,RMS_KEY_FA_COM_Unk,1192.173458,514.536263,YB_COM,2020
250,vulsens_0250,NY,FL_COUNTY,RMS_KEY_YB_COM_2010,552.873028,774.191898,YB,5
251,vulsens_0251,IL,NY_COUNTY,RMS_KEY_CC_COM_Masonry,186.358051,773.925249,HT_COM,2015
252,vulsens_0252,IL,AZ_COUNTY,RMS_KEY_FA_SFD_1000,286.156221,463.77252,YB_COM,2025
253,vulsens_0253,MD,AL_COUNTY,RMS_KEY_FA_COM_20000,160.066829,427.797092,YB_COM,2000
254,vulsens_0254,AZ,TX_COUNTY,RMS_KEY_HT_SFD_1,751.102502,491.754335,CC_COM,Wood
255,vulsens_0255,FL,CO_COUNTY,RMS_KEY_CC_COM_MH,833.179341,527.228875,HT_COM,2020
256,vulsens_0256,CO,NY_COUNTY,RMS_KEY_YB_COM_2000,2337.660474,403.506451,YB,2000
257,vulsens_0257,FL,AZ_COUNTY,RMS_KEY_HT_SFD_Unk,376.146222,345.074896,HT_COM,10
258,vulsens_0258,AZ,TX_COUNTY,RMS_KEY_YB_2010,537.176335,291.444868,FA_COM,LM
259,vulsens_0259,AL,FL_COUNTY,RMS_KEY_FA_COM_30000,508.126197,323.17817,YB,Auto
260,vulsens_0260,MN,TX_COUNTY,RMS_KEY_YB_2010,451.948774,469.79269,FA_SFD,SFD
261,vulsens_0261,CA,CO_COUNTY,RMS_KEY_OCC_Unk,320.386827,285.186722,YB,Unk
262,vulsens_0262,CO,IL_COUNTY,RMS_KEY_FA_COM_Unk,456.964168,323.372623,CC_COM,1
263,vulsens_0263,TX,CO_COUNTY,RMS_KEY_HT_COM_3,802.913557,1096.372284,YB_COM,COM
264,vulsens_0264,TX,AZ_COUNTY,RMS_KEY_YB_2020,1017.359759,298.731693,YB_COM,Unk
265,vulsens_0265,IL,CA_COUNTY,RMS_KEY_FA_COM_Unk,313.492837,813.764958,YB,2010
266,vulsens_0266,MD,NY_COUNTY,RMS_KEY_YB_2025,220.134196,726.770773,CC,2005
267,vulsens_0267,TX,MN_COUNTY,RMS_KEY_CC_Auto,785.379918,661.693297,FA_SFD,Steel
268,vulsens_0268,NY,MN_COUNTY,RMS_KEY_CC_COM_MH,1215.796548,887.152276,HT_SFD,MFD
269,vulsens_0269,CO,CO_COUNTY,RMS_KEY_FA_COM_25000,881.118982,237.647286,FA_SFD,Masonry
270,vulsens_0270,TX,AL_COUNTY,RMS_KEY_YB_2025,665.906579,352.149252,FA_SFD,2025
271,vulsens_0271,CA,AZ_COUNTY,RMS_KEY_FA_SFD_2000,592.599679,378.32275,FA_SFD,5000
272,vulsens_0272,AZ,MD_COUNTY,RMS_KEY_YB_COM_2025,644.108753,545.094406,OCC,Unk
273,vulsens_0273,NY,MD_COUNTY,RMS_KEY_YB_<1995,711.563502,995.283332,OCC,2025
274,vulsens_0274,NY,TX_COUNTY,RMS_KEY_CC_MH,684.714243,224.694732,YB_COM,Unk
275,vulsens_0275,NY,AZ_COUNTY,RMS_KEY_CC_LM,308.52186,490.733176,HT_SFD,3
276,vulsens_0276,IL,MN_COUNTY,RMS_KEY_FA_SFD_3000,367.707784,1111.181607,YB,Masonry
277,vulsens_0277,MN,AZ_COUNTY,RMS_KEY_YB_2025,1068.684522,204.652647,CC_COM,1
278,vulsens_0278,MD,FL_COUNTY,RMS_KEY_YB_COM_1995,695.615026,250.218177,CC,2
279,vulsens_0279,AZ,NY_COUNTY,RMS_KEY_HT_SFD_1,446.797276,222.363024,YB,2020
280,vulsens_0280,MD,MN_COUNTY,RMS_KEY_CC_COM_MH,833.528166,125.940795,CC,Unk
281,vulsens_0281,TX,CA_COUNTY,RMS_KEY_FA_SFD_Unk,207.470314,380.532256,YB,Wood
282,vulsens_0282,TX,CA_COUNTY,RMS_KEY_OCC_COM,398.684461,1088.748279,CC,Auto
283,vulsens_0283,IL,MD_COUNTY,RMS_KEY_HT_SFD_Unk,203.22177,1050.601387,CC,Auto
284,vulsens_0284,AL,MN_COUNTY,RMS_KEY_HT_COM_20,620.366139,1825.869638,YB_COM,RC
285,vulsens_0285,NY,CA_COUNTY,RMS_KEY_HT_SFD_2,700.465576,487.140114,FA_SFD,15000
286,vulsens_0286,AZ,MD_COUNTY,RMS_KEY_FA_SFD_2000,391.878507,777.643567,OCC,30000
287,vulsens_0287,TX,AZ_COUNTY,RMS_KEY_YB_2005,389.277644,881.077584,OCC,5
288,vulsens_0288,MN,IL_COUNTY,RMS_KEY_CC_COM_MH,439.204263,447.982334,OCC,30000
289,vulsens_0289,TX,MD_COUNTY,RMS_KEY_HT_COM_15,454.650469,171.888234,FA_COM,1
290,vulsens_0290,TX,FL_COUNTY,RMS_KEY_OCC_MFD,243.403356,578.009696,CC_COM,Unk
291,vulsens_0291,MN,CA_COUNTY,RMS_KEY_YB_1995,694.653011,470.354522,CC,Steel
292,vulsens_0292,MN,NY_COUNTY,RMS_KEY_CC_Steel,430.087422,224.117748,YB_COM,20
293,vulsens_0293,AZ,MD_COUNTY,RMS_KEY_YB_2020,787.384207,189.251652,FA_SFD,Unk
294,vulsens_0294,AL,TX_COUNTY,RMS_KEY_HT_COM_1,568.012002,341.898957,CC,Masonry
295,vulsens_0295,NY,FL_COUNTY,RMS_KEY_YB_2005,477.110664,290.017657,HT_COM,Masonry
296,vulsens_0296,MN,NY_COUNTY,RMS_KEY_YB_COM_2000,811.639041,516.843366,HT_SFD,Unk
297,vulsens_0297,MN,AL_COUNTY,RMS_KEY_HT_COM_3,968.048578,403.19612,YB,Wood
298,vulsens_0298,IL,MN_COUNTY,RMS_KEY_YB_COM_2000,454.011871,558.90705,FA_COM,30000
299,vulsens_0299,NY,NY_COUNTY,RMS_KEY_FA_SFD_Unk,1034.280866,114.493499,CC_COM,Steel
300,vulsens_0300,CA,CA_COUNTY,RMS_KEY_OCC_Unk,288.132135,764.203062,CC,5000
301,vulsens_0301,MN,MD_COUNTY,RMS_KEY_YB_2000,705.921454,356.680943,FA_COM,2005
302,vulsens_0302,IL,TX_COUNTY,RMS_KEY_CC_Unk,494.263459,726.742639,HT_COM,2015
303,vulsens_0303,AL,MN_COUNTY,RMS_KEY_OCC_SFD,359.868501,625.25043,YB_COM,1
304,vulsens_0304,FL,CA_COUNTY,RMS_KEY_YB_2015,196.560124,860.617933,FA_SFD,2025
305,vulsens_0305,FL,AZ_COUNTY,RMS_KEY_CC_COM_LM,597.113964,347.842524,CC,Unk
306,vulsens_0306,AZ,TX_COUNTY,RMS_KEY_OCC_Unk,722.432121,971.100306,YB,Unk
307,vulsens_0307,CA,AZ_COUNTY,RMS_KEY_HT_SFD_Unk,513.070677,513.551959,HT_COM,1995
308,vulsens_0308,TX,AZ_COUNTY,RMS_KEY_YB_2015,193.546842,327.091657,OCC,1995
309,vulsens_0309,FL,TX_COUNTY,RMS_KEY_YB_2005,585.701297,383.200594,YB_COM,10
310,vulsens_0310,TX,AZ_COUNTY,RMS_KEY_CC_COM_Steel,544.064812,587.507639,YB_COM,Unk
311,vulsens_0311,MD,MD_COUNTY,RMS_KEY_FA_COM_30000,473.622456,734.956753,OCC,Unk
312,vulsens_0312,IL,FL_COUNTY,RMS_KEY_YB_2025,913.311121,685.907956,YB_COM,2010
313,vulsens_0313,NY,AL_COUNTY,RMS_KEY_YB_2010,446.704791,722.420628,CC_COM,1000
314,vulsens_0314,MN,MD_COUNTY,RMS_KEY_HT_COM_1,269.01154,261.077356,HT_SFD,2000
315,vulsens_0315,AL,CO_COUNTY,RMS_KEY_HT_SFD_1,698.652079,342.817718,CC_COM,5000
316,vulsens_0316,CO,IL_COUNTY,RMS_KEY_FA_COM_25000,931.773549,845.19329,YB,10000
317,vulsens_0317,TX,FL_COUNTY,RMS_KEY_CC_COM_Auto,1058.089194,317.740067,CC_COM,SFD
318,vulsens_0318,TX,MD_COUNTY,RMS_KEY_OCC_Unk,304.949022,724.319271,FA_COM,1
319,vulsens_0319,NY,MD_COUNTY,RMS_KEY_OCC_COM,169.413339,289.435277,FA_SFD,Unk
320,vulsens_0320,AZ,AL_COUNTY,RMS_KEY_CC_MH,479.098506,309.709397,FA_SFD,SFD
321,vulsens_0321,MN,FL_COUNTY,RMS_KEY_YB_COM_Unk,979.651036,242.772545,HT_COM,1
322,vulsens_0322,TX,MD_COUNTY,RMS_KEY_YB_COM_2000,305.222653,544.173366,FA_COM,COM
323,vulsens_0323,CA,CO_COUNTY,RMS_KEY_OCC_IND,1201.917225,804.111859,YB_COM,30000
324,vulsens_0324,NY,MD_COUNTY,RMS_KEY_HT_COM_20,394.512997,594.585925,YB_COM,2005
325,vulsens_0325,MN,TX_COUNTY,RMS_KEY_YB_<1995,452.91274,267.463182,FA_SFD,10000
326,vulsens_0326,MN,NY_COUNTY,RMS_KEY_FA_COM_25000,722.563486,320.44353,HT_SFD,Unk
327,vulsens_0327,IL,AL_COUNTY,RMS_KEY_OCC_Unk,498.042252,264.627603,YB,2000
328,vulsens_0328,CA,CA_COUNTY,RMS_KEY_CC_COM_MH,408.187002,479.778619,YB_COM,1000
329,vulsens_0329,AL,TX_COUNTY,RMS_KEY_CC_LM,316.871796,462.798886,YB,2015
330,vulsens_0330,IL,CO_COUNTY,RMS_KEY_HT_COM_10,1063.48047,673.440578,HT_COM,COM
331,vulsens_0331,AL,NY_COUNTY,RMS_KEY_FA_SFD_5000,418.158585,236.584938,CC_COM,Unk
332,vulsens_0332,NY,MD_COUNTY,RMS_KEY_YB_2025,384.754986,603.413828,HT_SFD,1000
333,vulsens_0333,NY,CO_COUNTY,RMS_KEY_CC_COM_LM,659.204604,728.946083,FA_COM,5000
334,vulsens_0334,TX,MD_COUNTY,RMS_KEY_HT_COM_1,676.545566,416.423198,YB_COM,Steel
335,vulsens_0335,TX,CA_COUNTY,RMS_KEY_YB_COM_2015,413.366494,221.988805,HT_COM,15
336,vulsens_0336,MN,CO_COUNTY,RMS_KEY_YB_COM_2010,451.275085,533.607039,HT_SFD,10
337,vulsens_0337,AZ,NY_COUNTY,RMS_KEY_HT_SFD_1,511.82059,419.65412,FA_SFD,7
338,vulsens_0338,CO,IL_COUNTY,RMS_KEY_CC_Steel,587.609425,340.028181,HT_SFD,Unk
339,vulsens_0339,TX,CA_COUNTY,RMS_KEY_OCC_Unk,394.952555,780.500937,CC,COM
340,vulsens_0340,AL,FL_COUNTY,RMS_KEY_CC_COM_Wood,349.225906,281.850472,OCC,Unk
341,vulsens_0341,AZ,AZ_COUNTY,RMS_KEY_CC_Steel,484.727065,694.222989,CC,COM
342,vulsens_0342,IL,IL_COUNTY,RMS_KEY_OCC_IND,479.449557,256.298867,YB_COM,2015
343,vulsens_0343,AL,CA_COUNTY,RMS_KEY_YB_COM_2020,591.310134,311.427175,FA_SFD,Auto
344,vulsens_0344,AL,AL_COUNTY,RMS_KEY_YB_<1995,636.063447,516.456033,CC,COM
345,vulsens_0345,MN,IL_COUNTY,RMS_KEY_YB_COM_2020,876.116242,399.506739,CC_COM,20
346,vulsens_0346,CO,MD_COUNTY,RMS_KEY_HT_COM_15,275.915693,301.805749,OCC,IND
347,vulsens_0347,CO,CA_COUNTY,RMS_KEY_HT_COM_10,525.074241,339.87111,YB,Wood
348,vulsens_0348,MN,FL_COUNTY,RMS_KEY_HT_SFD_Unk,408.498307,538.046879,YB,Unk
349,vulsens_0349,TX,FL_COUNTY,RMS_KEY_YB_2000,772.072447,357.619443,YB,Unk
350,vulsens_0350,AL,CA_COUNTY,RMS_KEY_CC_Unk,681.161473,163.595586,CC_COM,2020
351,vulsens_0351,FL,NY_COUNTY,RMS_KEY_CC_COM_LM,381.147635,756.947124,CC,COM
352,vulsens_0352,IL,TX_COUNTY,RMS_KEY_YB_COM_2005,449.799154,188.772235,YB_COM,Unk
353,vulsens_0353,TX,MN_COUNTY,RMS_KEY_CC_Masonry,594.880005,351.996955,HT_SFD,Unk
354,vulsens_0354,AL,NY_COUNTY,RMS_KEY_YB_COM_<1995,233.853057,351.101258,YB,LM
355,vulsens_0355,FL,MN_COUNTY,RMS_KEY_FA_SFD_5000,430.058141,332.269934,CC_COM,Unk
356,vulsens_0356,AL,CA_COUNTY,RMS_KEY_HT_COM_1,444.598898,580.331569,CC_COM,1
357,vulsens_0357,MN,NY_COUNTY,RMS_KEY_YB_1995,413.484174,810.989726,CC_COM,Unk
358,vulsens_0358,AZ,MN_COUNTY,RMS_KEY_FA_SFD_1000,619.200323,679.04709,HT_COM,RC
359,vulsens_0359,NY,AL_COUNTY,RMS_KEY_HT_COM_15,358.916025,176.475829,HT_COM,Unk
360,vulsens_0360,CA,IL_COUNTY,RMS_KEY_YB_COM_2015,370.826951,309.746034,CC,1
361,vulsens_0361,IL,IL_COUNTY,RMS_KEY_YB_COM_2025,669.773051,822.893438,HT_COM,1995
362,vulsens_0362,CA,TX_COUNTY,RMS_KEY_FA_SFD_7500,367.652827,372.357445,FA_SFD,2015
363,vulsens_0363,NY,TX_COUNTY,RMS_KEY_CC_COM_LM,188.985903,209.701493,CC_COM,<1995
364,vulsens_0364,CO,AZ_COUNTY,RMS_KEY_FA_SFD_3000,345.27787,246.009888,CC_COM,2000
365,vulsens_0365,MD,MN_COUNTY,RMS_KEY_HT_COM_Unk,553.879151,475.499599,YB_COM,2010
366,vulsens_0366,FL,AL_COUNTY,RMS_KEY_CC_COM_Unk,1079.996546,255.013431,CC_COM,1
367,vulsens_0367,TX,FL_COUNTY,RMS_KEY_CC_COM_LM,270.580944,284.154172,YB,20000
368,vulsens_0368,IL,MD_COUNTY,RMS_KEY_FA_COM_20000,917.161212,187.1047,YB,<1995
369,vulsens_0369,MD,NY_COUNTY,RMS_KEY_YB_COM_<1995,660.756489,200.09347,CC_COM,2010
370,vulsens_0370,FL,CO_COUNTY,RMS_KEY_YB_COM_2000,430.980323,221.809508,YB,5000
371,vulsens_0371,IL,AZ_COUNTY,RMS_KEY_CC_Masonry,408.073854,398.566524,CC,LM
372,vulsens_0372,TX,AL_COUNTY,RMS_KEY_OCC_SFD,557.969588,1128.708328,CC,Auto
373,vulsens_0373,FL,IL_COUNTY,RMS_KEY_HT_SFD_Unk,905.361174,264.461337,YB,1995
374,vulsens_0374,NY,MN_COUNTY,RMS_KEY_FA_COM_30000,793.543981,661.257694,YB_COM,Steel
375,vulsens_0375,IL,AL_COUNTY,RMS_KEY_FA_SFD_3000,588.137071,1085.080278,FA_COM,2010
376,vulsens_0376,CO,CO_COUNTY,RMS_KEY_YB_COM_2020,919.64663,307.803752,FA_SFD,20
377,vulsens_0377,MD,IL_COUNTY,RMS_KEY_HT_COM_15,1087.462885,541.401595,HT_SFD,7
378,vulsens_0378,NY,AZ_COUNTY,RMS_KEY_CC_COM_Wood,537.323327,436.181654,CC_COM,1
379,vulsens_0379,AZ,NY_COUNTY,RMS_KEY_FA_COM_Unk,1424.034619,509.468437,FA_SFD,5
380,vulsens_0380,AZ,CA_COUNTY,RMS_KEY_OCC_Unk,286.387057,302.8982,CC,Wood
381,vulsens_0381,TX,FL_COUNTY,RMS_KEY_YB_COM_2010,2428.712475,399.082595,CC_COM,IND
382,vulsens_0382,TX,FL_COUNTY,RMS_KEY_CC_Unk,1252.694397,265.937777,CC_COM,2
383,vulsens_0383,TX,NY_COUNTY,RMS_KEY_YB_2010,273.246799,232.352594,FA_COM,2015
384,vulsens_0384,FL,CA_COUNTY,RMS_KEY_CC_Masonry,840.895886,291.898651,YB,10
385,vulsens_0385,MN,CO_COUNTY,RMS_KEY_YB_COM_1995,289.131502,248.098724,OCC,Steel
386,vulsens_0386,AZ,IL_COUNTY,RMS_KEY_YB_COM_<1995,475.635308,138.774816,FA_SFD,IND
387,vulsens_0387,CO,AL_COUNTY,RMS_KEY_FA_SFD_3000,1487.59274,807.456568,YB_COM,Unk
388,vulsens_0388,CA,TX_COUNTY,RMS_KEY_YB_2020,603.696969,288.154775,YB_COM,MFD
389,vulsens_0389,TX,NY_COUNTY,RMS_KEY_YB_2025,328.599036,246.61074,HT_COM,Unk
390,vulsens_0390,MN,AL_COUNTY,RMS_KEY_FA_COM_Unk,471.558342,334.755217,FA_COM,2020
391,vulsens_0391,FL,CA_COUNTY,RMS_KEY_HT_SFD_2,327.214211,353.38587,HT_SFD,1995
392,vulsens_0392,TX,FL_COUNTY,RMS_KEY_YB_COM_<1995,299.737336,632.050284,FA_COM,10000
393,vulsens_0393,NY,AZ_COUNTY,RMS_KEY_FA_COM_20000,2254.134938,680.406466,OCC,Unk
394,vulsens_0394,NY,CO_COUNTY,RMS_KEY_FA_COM_10000,262.265233,285.677512,YB,Steel
395,vulsens_0395,AZ,FL_COUNTY,RMS_KEY_CC_Masonry,759.620967,1751.013424,CC,Masonry
396,vulsens_0396,CA,AL_COUNTY,RMS_KEY_CC_Masonry,1069.655254,508.307827,FA_COM,Unk
397,vulsens_0397,AL,MN_COUNTY,RMS_KEY_YB_1995,1109.879906,410.998644,FA_COM,1
398,vulsens_0398,IL,AZ_COUNTY,RMS_KEY_CC_COM_Steel,798.339389,343.832346,CC_COM,COM
399,vulsens_0399,CA,FL_COUNTY,RMS_KEY_YB_2020,869.745542,557.036503,OCC,<1995
400,vulsens_0400,IL,CO_COUNTY,RMS_KEY_FA_SFD_5000,522.645827,355.730958,OCC,20000
401,vulsens_0401,TX,CO_COUNTY,RMS_KEY_FA_SFD_1000,1061.422112,325.181102,FA_SFD,Auto
402,vulsens_0402,FL,CO_COUNTY,RMS_KEY_OCC_SFD,1164.654837,363.511295,CC_COM,15000
403,vulsens_0403,IL,MD_COUNTY,RMS_KEY_FA_SFD_7500,269.001836,538.835267,YB_COM,7
404,vulsens_0404,CA,CO_COUNTY,RMS_KEY_YB_<1995,422.985389,1679.61125,OCC,2010
405,vulsens_0405,MN,MD_COUNTY,RMS_KEY_YB_2015,313.300828,361.651654,FA_COM,Unk
406,vulsens_0406,TX,FL_COUNTY,RMS_KEY_HT_COM_10,1628.164987,213.617847,OCC,Unk
407,vulsens_0407,FL,MD_COUNTY,RMS_KEY_YB_2025,402.874498,537.892004,YB,1000
408,vulsens_0408,MD,AZ_COUNTY,RMS_KEY_FA_COM_25000,586.161609,197.16891,CC_COM,MFD
409,vulsens_0409,MN,NY_COUNTY,RMS_KEY_YB_2015,212.724767,278.32386,FA_COM,15
410,vulsens_0410,NY,MD_COUNTY,RMS_KEY_CC_Masonry,856.835303,230.718135,YB_COM,LM
411,vulsens_0411,NY,AL_COUNTY,RMS_KEY_YB_2025,123.359254,330.220384,HT_COM,2020
412,vulsens_0412,TX,AL_COUNTY,RMS_KEY_FA_COM_25000,410.222874,244.683395,YB_COM,1995
413,vulsens_0413,CA,MN_COUNTY,RMS_KEY_CC_Steel,252.169705,565.11191,HT_SFD,Unk
414,vulsens_0414,AL,IL_COUNTY,RMS_KEY_YB_COM_2020,397.250277,691.606673,HT_SFD,1
415,vulsens_0415,AL,FL_COUNTY,RMS_KEY_HT_COM_15,187.123628,593.64749,CC_COM,2015
416,vulsens_0416,TX,FL_COUNTY,RMS_KEY_FA_COM_15000,977.712395,892.953133,CC_COM,3
417,vulsens_0417,TX,CA_COUNTY,RMS_KEY_YB_COM_1995,772.451499,390.54671,YB,2025
418,vulsens_0418,CO,TX_COUNTY,RMS_KEY_FA_COM_5000,541.80626,321.670353,CC_COM,7500
419,vulsens_0419,CA,FL_COUNTY,RMS_KEY_HT_SFD_Unk,482.392835,281.08875,YB,7500
420,vulsens_0420,AZ,NY_COUNTY,RMS_KEY_FA_COM_15000,169.108769,383.706632,OCC,30000
421,vulsens_0421,CA,MD_COUNTY,RMS_KEY_HT_COM_1,672.866543,382.257339,CC_COM,3
422,vulsens_0422,AL,IL_COUNTY,RMS_KEY_CC_RC,918.922633,254.064325,HT_COM,IND
423,vulsens_0423,MN,AZ_COUNTY,RMS_KEY_CC_COM_RC,582.911458,958.139543,CC_COM,7500
424,vulsens_0424,TX,AZ_COUNTY,RMS_KEY_CC_Wood,688.652689,507.091623,HT_SFD,7500
425,vulsens_0425,AL,MD_COUNTY,RMS_KEY_YB_COM_1995,280.932829,239.274198,CC_COM,Wood
426,vulsens_0426,IL,MN_COUNTY,RMS_KEY_CC_Wood,555.169293,426.427206,HT_COM,MH
427,vulsens_0427,MN,MD_COUNTY,RMS_KEY_HT_COM_15,666.702111,286.260731,YB,2
428,vulsens_0428,CA,IL_COUNTY,RMS_KEY_YB_COM_2020,368.001921,275.513966,CC,2000
429,vulsens_0429,FL,NY_COUNTY,RMS_KEY_YB_COM_2025,443.029134,511.765868,FA_COM,Auto
430,vulsens_0430,AL,MD_COUNTY,RMS_KEY_YB_<1995,346.861924,487.981417,HT_COM,Unk
431,vulsens_0431,IL,IL_COUNTY,RMS_KEY_CC_Steel,673.596026,541.139534,HT_COM,<1995
432,vulsens_0432,TX,CA_COUNTY,RMS_KEY_CC_RC,637.049761,175.89668,HT_SFD,10000
433,vulsens_0433,CO,TX_COUNTY,RMS_KEY_CC_Steel,607.515264,306.401211,FA_COM,5000
434,vulsens_0434,MD,FL_COUNTY,RMS_KEY_OCC_IND,477.010914,319.578825,CC,COM
435,vulsens_0435,FL,AL_COUNTY,RMS_KEY_CC_Steel,621.524948,399.459985,CC_COM,Masonry
436,vulsens_0436,CO,MN_COUNTY,RMS_KEY_YB_COM_2020,460.292766,326.501984,CC,RC
437,vulsens_0437,FL,MN_COUNTY,RMS_KEY_YB_2000,640.712803,426.680721,CC,Masonry
438,vulsens_0438,MD,MD_COUNTY,RMS_KEY_YB_Unk,1024.068103,421.025894,FA_SFD,7500
439,vulsens_0439,FL,TX_COUNTY,RMS_KEY_FA_COM_15000,753.372258,455.608986,YB,Unk
440,vulsens_0440,CO,CA_COUNTY,RMS_KEY_HT_COM_7,314.052819,812.318964,YB_COM,<1995
441,vulsens_0441,AL,CO_COUNTY,RMS_KEY_HT_COM_5,1109.457905,180.005921,CC_COM,1
442,vulsens_0442,IL,FL_COUNTY,RMS_KEY_OCC_MFD,1001.266513,447.657603,HT_COM,2020
443,vulsens_0443,CO,MD_COUNTY,RMS_KEY_FA_COM_20000,366.979257,986.449861,CC,20
444,vulsens_0444,AL,IL_COUNTY,RMS_KEY_OCC_COM,734.06389,258.888512,FA_COM,2000
445,vulsens_0445,CA,NY_COUNTY,RMS_KEY_YB_2005,508.282384,412.343117,CC,MFD
446,vulsens_0446,IL,IL_COUNTY,RMS_KEY_OCC_COM,586.127317,515.6856,FA_SFD,Masonry
447,vulsens_0447,MD,IL_COUNTY,RMS_KEY_YB_COM_Unk,334.491619,542.730763,YB,1
448,vulsens_0448,AL,AL_COUNTY,RMS_KEY_OCC_Unk,610.072559,136.461666,CC_COM,1
449,vulsens_0449,TX,AL_COUNTY,RMS_KEY_FA_SFD_1000,523.812425,310.094174,YB,30000
450,vulsens_0450,NY,CA_COUNTY,RMS_KEY_OCC_SFD,1068.879135,400.22658,FA_SFD,2015
451,vulsens_0451,TX,FL_COUNTY,RMS_KEY_CC_COM_Wood,441.142905,352.223606,HT_COM,Unk
452,vulsens_0452,IL,CO_COUNTY,RMS_KEY_CC_Unk,389.535512,383.811306,CC_COM,5000
453,vulsens_0453,AL,CO_COUNTY,RMS_KEY_YB_COM_2020,1021.252713,439.284023,YB_COM,2010
454,vulsens_0454,CO,CA_COUNTY,RMS_KEY_HT_COM_Unk,659.452502,317.511734,FA_COM,Unk
455,vulsens_0455,NY,CA_COUNTY,RMS_KEY_YB_2025,640.982781,377.292976,CC,Steel
456,vulsens_0456,AL,IL_COUNTY,RMS_KEY_CC_COM_MH,1028.356237,597.517341,FA_SFD,Auto
457,vulsens_0457,MN,TX_COUNTY,RMS_KEY_CC_MH,370.109448,235.814926,CC_COM,10000
458,vulsens_0458,IL,MN_COUNTY,RMS_KEY_FA_SFD_3000,544.487086,276.414919,HT_SFD,Steel
459,vulsens_0459,AL,TX_COUNTY,RMS_KEY_YB_COM_2005,564.417834,100.591692,CC,15
460,vulsens_0460,TX,MD_COUNTY,RMS_KEY_FA_SFD_3000,430.624269,370.191441,HT_SFD,Unk
461,vulsens_0461,IL,TX_COUNTY,RMS_KEY_HT_COM_10,461.853229,283.430347,HT_COM,30000
462,vulsens_0462,CO,AL_COUNTY,RMS_KEY_CC_Steel,324.168395,405.227025,CC_COM,2015
463,vulsens_0463,CO,FL_COUNTY,RMS_KEY_CC_COM_Steel,947.945841,238.277548,YB_COM,15
464,vulsens_0464,IL,AL_COUNTY,RMS_KEY_FA_COM_5000,790.248403,341.280499,HT_COM,1
465,vulsens_0465,AL,MD_COUNTY,RMS_KEY_YB_COM_2005,274.544783,659.816237,YB_COM,7500
466,vulsens_0466,TX,TX_COUNTY,RMS_KEY_YB_2010,361.861883,346.862529,CC_COM,2
467,vulsens_0467,MN,MD_COUNTY,RMS_KEY_CC_Auto,837.611507,475.513739,HT_SFD,2025
468,vulsens_0468,FL,MD_COUNTY,RMS_KEY_YB_COM_2005,828.051584,388.987273,YB_COM,Unk
469,vulsens_0469,MN,AL_COUNTY,RMS_KEY_FA_COM_15000,492.794052,616.240937,YB,Wood
470,vulsens_0470,FL,TX_COUNTY,RMS_KEY_YB_2000,1008.340276,307.646015,FA_COM,MH
471,vulsens_0471,TX,CO_COUNTY,RMS_KEY_YB_2005,928.927277,188.637206,FA_COM,1
472,vulsens_0472,FL,FL_COUNTY,RMS_KEY_CC_COM_Auto,314.065746,467.457838,CC,2010
473,vulsens_0473,CO,MN_COUNTY,RMS_KEY_YB_2025,467.079621,197.848701,YB_COM,5000
474,vulsens_0474,AL,MD_COUNTY,RMS_KEY_OCC_SFD,941.985344,317.58675,FA_COM,2005
475,vulsens_0475,CA,NY_COUNTY,RMS_KEY_HT_COM_20,2515.211656,450.260151,YB,5000
476,vulsens_0476,CA,MN_COUNTY,RMS_KEY_CC_Steel,250.469626,749.228303,HT_COM,7
477,vulsens_0477,NY,IL_COUNTY,RMS_KEY_YB_2025,383.442218,450.345391,FA_COM,Unk
478,vulsens_0478,CO,TX_COUNTY,RMS_KEY_FA_SFD_Unk,914.343535,301.096393,CC,1
479,vulsens_0479,TX,MN_COUNTY,RMS_KEY_CC_COM_Auto,404.515383,938.191736,OCC,Auto
480,vulsens_0480,IL,TX_COUNTY,RMS_KEY_YB_COM_2025,155.435175,476.858629,YB_COM,Auto
481,vulsens_0481,MD,AZ_COUNTY,RMS_KEY_YB_2010,954.343174,584.804354,FA_COM,Unk
482,vulsens_0482,TX,NY_COUNTY,RMS_KEY_CC_Steel,438.992898,635.616706,YB,RC
483,vulsens_0483,MD,AZ_COUNTY,RMS_KEY_CC_COM_Masonry,209.026558,652.189114,OCC,3000
484,vulsens_0484,CO,MD_COUNTY,RMS_KEY_YB_COM_Unk,527.179838,1110.431891,FA_COM,Unk
485,vulsens_0485,MD,AZ_COUNTY,RMS_KEY_FA_SFD_1000,751.04729,186.857513,YB,1
486,vulsens_0486,MD,CO_COUNTY,RMS_KEY_YB_2025,449.973846,355.156624,FA_SFD,20000
487,vulsens_0487,TX,CA_COUNTY,RMS_KEY_CC_LM,300.920737,617.467659,YB,Wood
488,vulsens_0488,NY,NY_COUNTY,RMS_KEY_CC_COM_MH,142.286411,169.656366,CC_COM,Masonry
489,vulsens_0489,TX,MN_COUNTY,RMS_KEY_FA_COM_25000,475.898809,329.457014,CC_COM,1995
490,vulsens_0490,AZ,AZ_COUNTY,RMS_KEY_HT_SFD_1,770.737904,518.249306,OCC,2
491,vulsens_0491,FL,TX_COUNTY,RMS_KEY_YB_COM_1995,318.228376,490.669854,CC_COM,5
492,vulsens_0492,TX,IL_COUNTY,RMS_KEY_FA_SFD_1000,790.168559,487.022718,CC_COM,RC
493,vulsens_0493,IL,IL_COUNTY,RMS_KEY_FA_SFD_3000,972.337757,637.165653,HT_COM,LM
494,vulsens_0494,CO,IL_COUNTY,RMS_KEY_CC_MH,885.278567,288.213564,FA_COM,25000
495,vulsens_0495,MD,FL_COUNTY,RMS_KEY_YB_2020,391.542278,735.095524,FA_COM,1995
496,vulsens_0496,NY,TX_COUNTY,RMS_KEY_FA_COM_20000,280.49661,833.379753,YB,15000
497,vulsens_0497,AZ,CO_COUNTY,RMS_KEY_CC_Steel,417.241084,391.09331,YB,2005
498,vulsens_0498,MN,CO_COUNTY,RMS_KEY_YB_COM_2000,599.595744,178.302846,HT_SFD,Unk
499,vulsens_0499,MN,CO_COUNTY,RMS_KEY_FA_COM_5000,721.965805,178.352926,YB_COM,RC
500,vulsens_0500,NY,AL_COUNTY,RMS_KEY_HT_COM_Unk,430.847381,267.14194,CC,2000
501,vulsens_0501,CA,FL_COUNTY,RMS_KEY_YB_COM_2020,594.146902,626.134113,YB,Unk
502,vulsens_0502,NY,CO_COUNTY,RMS_KEY_YB_2015,498.961226,379.697552,HT_COM,COM
503,vulsens_0503,AL,CA_COUNTY,RMS_KEY_OCC_MFD,640.726441,334.084027,CC,MH
504,vulsens_0504,TX,AZ_COUNTY,RMS_KEY_YB_1995,479.338105,312.192033,OCC,RC
505,vulsens_0505,IL,MD_COUNTY,RMS_KEY_CC_COM_Auto,468.373897,710.014264,CC,20
506,vulsens_0506,MD,MD_COUNTY,RMS_KEY_CC_Steel,583.798848,564.488601,FA_COM,2025
507,vulsens_0507,TX,AL_COUNTY,RMS_KEY_FA_COM_20000,1212.817262,480.844503,CC_COM,MH
508,vulsens_0508,AL,MD_COUNTY,RMS_KEY_YB_2000,698.000955,174.958623,CC_COM,10000
509,vulsens_0509,MD,CO_COUNTY,RMS_KEY_CC_COM_Steel,490.245586,311.934731,CC,25000
510,vulsens_0510,FL,NY_COUNTY,RMS_KEY_YB_COM_2015,493.688189,226.604732,FA_COM,1995
511,vulsens_0511,MN,MD_COUNTY,RMS_KEY_CC_RC,731.17042,651.036386,YB,20000
512,vulsens_0512,NY,CA_COUNTY,RMS_KEY_CC_Auto,448.625388,399.634095,FA_COM,20000
513,vulsens_0513,AZ,MN_COUNTY,RMS_KEY_HT_SFD_1,367.153806,350.919106,YB_COM,Unk
514,vulsens_0514,MN,IL_COUNTY,RMS_KEY_FA_COM_5000,171.269969,329.598594,FA_SFD,7500
515,vulsens_0515,NY,NY_COUNTY,RMS_KEY_HT_COM_20,261.609251,815.202113,FA_COM,2010
516,vulsens_0516,FL,TX_COUNTY,RMS_KEY_YB_2025,954.141556,584.323246,HT_COM,25000
517,vulsens_0517,FL,IL_COUNTY,RMS_KEY_YB_2005,439.563611,317.26586,YB_COM,5
518,vulsens_0518,NY,MN_COUNTY,RMS_KEY_YB_2010,537.765178,394.702012,CC,5000
519,vulsens_0519,AL,AL_COUNTY,RMS_KEY_HT_COM_1,427.176086,348.044936,YB_COM,Unk
520,vulsens_0520,AZ,MN_COUNTY,RMS_KEY_FA_SFD_Unk,295.017307,219.789979,HT_COM,2025
521,vulsens_0521,MN,FL_COUNTY,RMS_KEY_HT_SFD_Unk,488.657008,468.216403,YB,2010
522,vulsens_0522,AL,AZ_COUNTY,RMS_KEY_YB_Unk,865.785817,359.829029,HT_SFD,<1995
523,vulsens_0523,FL,CA_COUNTY,RMS_KEY_CC_COM_Wood,397.07744,578.649755,FA_COM,5000
524,vulsens_0524,MD,CA_COUNTY,RMS_KEY_YB_COM_2015,514.808137,299.467294,YB_COM,Unk
525,vulsens_0525,TX,MN_COUNTY,RMS_KEY_YB_COM_2000,176.333879,181.571707,YB_COM,Auto
526,vulsens_0526,MD,AZ_COUNTY,RMS_KEY_CC_COM_MH,1012.395358,1608.595852,CC,7500
527,vulsens_0527,CO,AL_COUNTY,RMS_KEY_CC_COM_MH,376.622822,371.232461,HT_COM,2020
528,vulsens_0528,FL,TX_COUNTY,RMS_KEY_HT_COM_3,806.420508,1392.253704,HT_COM,2000
529,vulsens_0529,TX,TX_COUNTY,RMS_KEY_YB_2005,473.574607,648.912758,HT_COM,IND
530,vulsens_0530,CO,NY_COUNTY,RMS_KEY_YB_COM_2015,676.5695,479.253133,HT_SFD,20000
531,vulsens_0531,NY,AL_COUNTY,RMS_KEY_YB_2020,217.530119,474.6392,YB_COM,30000
532,vulsens_0532,MD,CA_COUNTY,RMS_KEY_FA_SFD_2000,728.00527,434.415293,CC,2005
533,vulsens_0533,CA,TX_COUNTY,RMS_KEY_HT_COM_10,488.229319,252.133154,CC,LM
534,vulsens_0534,CO,CO_COUNTY,RMS_KEY_CC_LM,1159.449077,196.809215,HT_COM,1000
535,vulsens_0535,CO,MN_COUNTY,RMS_KEY_CC_COM_Masonry,993.392096,329.412002,CC_COM,2
536,vulsens_0536,CO,NY_COUNTY,RMS_KEY_HT_COM_20,219.254509,210.249642,HT_COM,<1995
537,vulsens_0537,NY,MD_COUNTY,RMS_KEY_YB_Unk,483.166806,211.644992,YB,7500
538,vulsens_0538,CO,FL_COUNTY,RMS_KEY_YB_COM_2000,175.598258,1047.467068,CC,Unk
539,vulsens_0539,NY,TX_COUNTY,RMS_KEY_YB_2005,1448.379544,485.61031,YB_COM,3000
540,vulsens_0540,AL,TX_COUNTY,RMS_KEY_YB_2025,732.262646,609.921699,CC_COM,MH
541,vulsens_0541,MD,NY_COUNTY,RMS_KEY_YB_2005,176.902528,312.951823,YB,Unk
542,vulsens_0542,IL,CA_COUNTY,RMS_KEY_CC_COM_Unk,936.58224,719.463385,YB,2015
543,vulsens_0543,IL,MN_COUNTY,RMS_KEY_HT_COM_Unk,358.809336,250.901487,HT_COM,10
544,vulsens_0544,AL,TX_COUNTY,RMS_KEY_YB_2015,432.419346,747.343999,FA_SFD,MH
545,vulsens_0545,AL,AL_COUNTY,RMS_KEY_FA_COM_5000,78.086616,143.911759,CC_COM,2010
546,vulsens_0546,IL,MD_COUNTY,RMS_KEY_FA_COM_Unk,502.151202,676.537011,CC_COM,Unk
547,vulsens_0547,MN,AL_COUNTY,RMS_KEY_FA_SFD_1000,900.833867,459.001047,YB,2000
548,vulsens_0548,NY,NY_COUNTY,RMS_KEY_CC_COM_RC,1363.9819,708.181388,HT_COM,Steel
549,vulsens_0549,MD,CO_COUNTY,RMS_KEY_CC_COM_LM,324.033522,304.689585,CC,2000
550,vulsens_0550,NY,FL_COUNTY,RMS_KEY_HT_COM_3,387.846884,309.994313,YB,2000
551,vulsens_0551,CO,FL_COUNTY,RMS_KEY_FA_COM_20000,470.422183,522.346955,YB,Masonry
552,vulsens_0552,AL,CO_COUNTY,RMS_KEY_HT_COM_1,274.805139,878.410248,HT_SFD,1
553,vulsens_0553,MN,MD_COUNTY,RMS_KEY_HT_COM_10,443.361215,111.611637,YB_COM,MH
554,vulsens_0554,IL,MN_COUNTY,RMS_KEY_HT_COM_20,635.769628,372.722428,HT_COM,5
555,vulsens_0555,AZ,CA_COUNTY,RMS_KEY_CC_MH,312.113129,493.795826,YB_COM,3
556,vulsens_0556,MN,CO_COUNTY,RMS_KEY_CC_COM_LM,906.588522,746.068014,CC_COM,MFD
557,vulsens_0557,IL,MD_COUNTY,RMS_KEY_YB_Unk,574.492592,456.400159,CC,2
558,vulsens_0558,TX,TX_COUNTY,RMS_KEY_YB_COM_Unk,451.202313,378.547335,CC_COM,2015
559,vulsens_0559,AZ,NY_COUNTY,RMS_KEY_YB_COM_2020,205.942355,329.364844,FA_COM,25000
560,vulsens_0560,MN,MN_COUNTY,RMS_KEY_YB_COM_2005,897.707117,741.774539,HT_COM,2020
561,vulsens_0561,AZ,AZ_COUNTY,RMS_KEY_HT_COM_15,619.84497,921.500979,YB,Masonry
562,vulsens_0562,MD,TX_COUNTY,RMS_KEY_HT_SFD_Unk,508.355319,164.474278,FA_COM,MFD
563,vulsens_0563,TX,MD_COUNTY,RMS_KEY_HT_COM_1,594.514318,384.79789,CC,<1995
564,vulsens_0564,AZ,CO_COUNTY,RMS_KEY_HT_COM_5,421.936849,638.303982,CC_COM,7500
565,vulsens_0565,NY,MN_COUNTY,RMS_KEY_CC_COM_Wood,268.320423,876.60544,YB,5
566,vulsens_0566,MD,IL_COUNTY,RMS_KEY_HT_COM_3,869.997326,216.286345,FA_COM,1995
567,vulsens_0567,IL,AZ_COUNTY,RMS_KEY_YB_COM_1995,248.441465,881.514849,OCC,RC
568,vulsens_0568,AL,IL_COUNTY,RMS_KEY_OCC_IND,192.884308,237.208738,CC,2010
569,vulsens_0569,MD,AZ_COUNTY,RMS_KEY_CC_Wood,343.020642,211.821764,FA_SFD,1995
570,vulsens_0570,MD,AZ_COUNTY,RMS_KEY_YB_2015,430.019884,685.528679,CC_COM,2025
571,vulsens_0571,TX,NY_COUNTY,RMS_KEY_CC_COM_LM,365.248624,505.201611,YB_COM,<1995
572,vulsens_0572,FL,MN_COUNTY,RMS_KEY_HT_COM_1,477.071294,420.734734,FA_SFD,2025
573,vulsens_0573,AL,IL_COUNTY,RMS_KEY_HT_COM_1,500.203786,250.656601,HT_COM,5000
574,vulsens_0574,FL,FL_COUNTY,RMS_KEY_YB_2025,302.914632,573.225916,CC_COM,1000
575,vulsens_0575,CO,IL_COUNTY,RMS_KEY_FA_COM_30000,331.277311,296.797188,CC_COM,15000
576,vulsens_0576,NY,CA_COUNTY,RMS_KEY_FA_COM_15000,624.86993,625.889452,OCC,5000
577,vulsens_0577,IL,FL_COUNTY,RMS_KEY_YB_Unk,974.181976,356.233738,FA_SFD,5
578,vulsens_0578,NY,TX_COUNTY,RMS_KEY_YB_2025,523.162945,841.343271,YB,2015
579,vulsens_0579,CA,MD_COUNTY,RMS_KEY_FA_SFD_7500,649.888541,424.590133,CC_COM,RC
580,vulsens_0580,AL,AL_COUNTY,RMS_KEY_HT_COM_20,522.610447,407.197845,OCC,2000
581,vulsens_0581,MD,AZ_COUNTY,RMS_KEY_YB_COM_2005,723.02974,487.290688,YB_COM,SFD
582,vulsens_0582,CO,CA_COUNTY,RMS_KEY_HT_SFD_Unk,548.811155,207.450438,FA_COM,2015
583,vulsens_0583,TX,FL_COUNTY,RMS_KEY_HT_SFD_Unk,280.341871,484.48293,HT_COM,Steel
584,vulsens_0584,NY,MD_COUNTY,RMS_KEY_HT_COM_20,701.548483,414.132646,HT_COM,30000
585,vulsens_0585,AL,FL_COUNTY,RMS_KEY_CC_LM,474.380352,441.613488,CC_COM,2025
586,vulsens_0586,MD,NY_COUNTY,RMS_KEY_CC_COM_MH,435.129979,585.389428,CC,2015
587,vulsens_0587,NY,IL_COUNTY,RMS_KEY_HT_COM_10,386.713834,121.261483,YB,COM
588,vulsens_0588,CO,CO_COUNTY,RMS_KEY_FA_SFD_7500,669.780978,288.074421,HT_COM,20
589,vulsens_0589,MD,AL_COUNTY,RMS_KEY_CC_COM_MH,331.37284,226.393853,HT_SFD,SFD
590,vulsens_0590,CO,NY_COUNTY,RMS_KEY_FA_SFD_Unk,227.641343,194.256152,FA_SFD,Masonry
591,vulsens_0591,AZ,MD_COUNTY,RMS_KEY_OCC_COM,334.795976,210.088686,CC,Steel
592,vulsens_0592,CO,MN_COUNTY,RMS_KEY_OCC_IND,608.92933,1153.037512,YB,Unk
593,vulsens_0593,FL,CA_COUNTY,RMS_KEY_FA_SFD_7500,307.085674,653.669156,CC,Unk
594,vulsens_0594,TX,CO_COUNTY,RMS_KEY_FA_COM_30000,424.361488,556.549564,CC,15
595,vulsens_0595,CA,IL_COUNTY,RMS_KEY_CC_COM_Wood,1068.753815,199.15488,CC_COM,2015
596,vulsens_0596,CO,NY_COUNTY,RMS_KEY_CC_MH,673.473944,667.237582,YB_COM,Masonry
597,vulsens_0597,MN,AZ_COUNTY,RMS_KEY_CC_MH,348.830292,269.306656,YB_COM,COM
598,vulsens_0598,FL,AZ_COUNTY,RMS_KEY_YB_2025,651.356935,148.023265,YB_COM,Auto
599,vulsens_0599,CO,MN_COUNTY,RMS_KEY_HT_SFD_1,217.548903,461.298067,FA_SFD,15
600,vulsens_0600,CA,NY_COUNTY,RMS_KEY_FA_COM_15000,605.98256,157.271131,HT_COM,Masonry
601,vulsens_0601,CO,FL_COUNTY,RMS_KEY_FA_COM_5000,516.677397,483.913236,YB_COM,2000
602,vulsens_0602,NY,CA_COUNTY,RMS_KEY_OCC_COM,395.193949,175.492648,OCC,15
603,vulsens_0603,CO,AL_COUNTY,RMS_KEY_CC_Wood,1011.043804,460.981087,HT_SFD,7
604,vulsens_0604,AZ,AL_COUNTY,RMS_KEY_CC_Unk,990.724217,494.681681,HT_COM,LM
605,vulsens_0605,AL,TX_COUNTY,RMS_KEY_CC_RC,639.406956,156.527685,YB,Auto
606,vulsens_0606,MD,CO_COUNTY,RMS_KEY_FA_SFD_1000,640.232434,220.541758,YB_COM,Steel
607,vulsens_0607,AL,TX_COUNTY,RMS_KEY_CC_COM_MH,395.216553,351.686591,FA_SFD,7500
608,vulsens_0608,AZ,TX_COUNTY,RMS_KEY_YB_COM_2025,162.20637,528.400283,FA_SFD,30000
609,vulsens_0609,CO,FL_COUNTY,RMS_KEY_YB_COM_2005,429.717337,410.454873,FA_SFD,Unk
610,vulsens_0610,MN,IL_COUNTY,RMS_KEY_FA_SFD_3000,596.404639,371.594521,FA_COM,RC
611,vulsens_0611,MN,FL_COUNTY,RMS_KEY_HT_COM_20,632.065369,392.698524,OCC,10
612,vulsens_0612,MD,MD_COUNTY,RMS_KEY_CC_Masonry,164.735098,868.465209,YB,Unk
613,vulsens_0613,MN,AZ_COUNTY,RMS_KEY_YB_COM_2015,210.83833,289.028568,CC,2005
614,vulsens_0614,FL,TX_COUNTY,RMS_KEY_YB_COM_1995,980.746335,765.558168,HT_COM,MH
615,vulsens_0615,CO,MN_COUNTY,RMS_KEY_OCC_IND,368.919109,869.721019,CC,LM
616,vulsens_0616,AL,TX_COUNTY,RMS_KEY_HT_SFD_2,417.791436,253.034773,HT_SFD,IND
617,vulsens_0617,CA,MD_COUNTY,RMS_KEY_YB_Unk,355.777289,872.60644,CC_COM,2010
618,vulsens_0618,AL,IL_COUNTY,RMS_KEY_CC_COM_Steel,578.879804,223.082596,CC,2000
619,vulsens_0619,IL,IL_COUNTY,RMS_KEY_CC_COM_Auto,559.535424,298.564064,OCC,2025
620,vulsens_0620,IL,TX_COUNTY,RMS_KEY_HT_COM_1,1261.59663,446.565199,CC_COM,Unk
621,vulsens_0621,TX,NY_COUNTY,RMS_KEY_FA_COM_5000,325.13965,292.710705,HT_COM,2025
622,vulsens_0622,CO,AZ_COUNTY,RMS_KEY_OCC_Unk,828.719067,426.332961,FA_COM,Unk
623,vulsens_0623,AL,IL_COUNTY,RMS_KEY_OCC_COM,438.44088,271.631889,CC,1
624,vulsens_0624,NY,CA_COUNTY,RMS_KEY_CC_COM_RC,673.695335,1048.262013,HT_COM,2010
625,vulsens_0625,AL,CA_COUNTY,RMS_KEY_FA_SFD_2000,664.440367,365.991742,HT_COM,1
626,vulsens_0626,CA,CO_COUNTY,RMS_KEY_YB_Unk,613.855541,310.838493,OCC,5000
627,vulsens_0627,CA,CO_COUNTY,RMS_KEY_HT_SFD_1,422.098712,449.77652,FA_COM,3
628,vulsens_0628,AZ,CA_COUNTY,RMS_KEY_HT_COM_7,562.568767,435.227141,YB_COM,Steel
629,vulsens_0629,AZ,AZ_COUNTY,RMS_KEY_YB_2020,287.069562,357.592103,YB_COM,1995
630,vulsens_0630,CA,IL_COUNTY,RMS_KEY_YB_COM_1995,619.596784,369.301056,CC_COM,Unk
631,vulsens_0631,MD,MN_COUNTY,RMS_KEY_YB_COM_<1995,775.222305,176.371018,FA_SFD,Unk
632,vulsens_0632,FL,MN_COUNTY,RMS_KEY_YB_2015,345.702427,517.092253,CC_COM,IND
633,vulsens_0633,CO,IL_COUNTY,RMS_KEY_FA_COM_30000,305.900459,887.501365,FA_SFD,5000
634,vulsens_0634,TX,MD_COUNTY,RMS_KEY_YB_2000,855.098659,222.311945,OCC,2020
635,vulsens_0635,MN,CA_COUNTY,RMS_KEY_YB_Unk,529.794513,735.652075,FA_SFD,RC
636,vulsens_0636,MN,CO_COUNTY,RMS_KEY_HT_COM_5,340.543736,253.046024,CC_COM,Unk
637,vulsens_0637,AZ,AZ_COUNTY,RMS_KEY_OCC_COM,612.715539,304.544486,FA_SFD,30000
638,vulsens_0638,IL,CA_COUNTY,RMS_KEY_FA_COM_10000,758.00787,219.228111,OCC,5
639,vulsens_0639,IL,MD_COUNTY,RMS_KEY_CC_LM,294.751786,393.95744,FA_SFD,1
640,vulsens_0640,MD,AL_COUNTY,RMS_KEY_YB_1995,301.780449,173.474253,FA_SFD,2005
641,vulsens_0641,NY,TX_COUNTY,RMS_KEY_HT_SFD_2,831.436132,369.08912,CC_COM,COM
642,vulsens_0642,MN,CA_COUNTY,RMS_KEY_CC_COM_RC,661.36172,547.694429,HT_COM,LM
643,vulsens_0643,NY,AZ_COUNTY,RMS_KEY_YB_1995,195.370802,222.195052,FA_COM,5000
644,vulsens_0644,NY,NY_COUNTY,RMS_KEY_CC_Auto,640.446691,702.592593,YB_COM,25000
645,vulsens_0645,NY,FL_COUNTY,RMS_KEY_CC_Masonry,388.031423,242.195093,HT_COM,1
646,vulsens_0646,MD,MN_COUNTY,RMS_KEY_YB_COM_2015,699.117671,129.494,FA_SFD,Auto
647,vulsens_0647,NY,IL_COUNTY,RMS_KEY_FA_SFD_3000,441.391555,308.71398,FA_COM,LM
648,vulsens_0648,TX,MD_COUNTY,RMS_KEY_OCC_MFD,474.428764,973.627834,CC,2020
649,vulsens_0649,AL,MN_COUNTY,RMS_KEY_CC_Auto,614.934988,677.080685,HT_SFD,5000
650,vulsens_0650,TX,CO_COUNTY,RMS_KEY_HT_COM_Unk,1330.507107,498.541076,HT_SFD,2010
651,vulsens_0651,MD,CO_COUNTY,RMS_KEY_HT_SFD_1,353.603026,242.270497,CC,15000
652,vulsens_0652,NY,CA_COUNTY,RMS_KEY_YB_COM_2005,900.087987,345.488755,OCC,2015
653,vulsens_0653,CO,TX_COUNTY,RMS_KEY_CC_COM_RC,866.132369,373.271164,FA_SFD,<1995
654,vulsens_0654,TX,AZ_COUNTY,RMS_KEY_FA_SFD_7500,235.622452,368.824965,CC,3000
655,vulsens_0655,MN,NY_COUNTY,RMS_KEY_CC_RC,1060.828273,286.50689,CC,Unk
656,vulsens_0656,CA,AZ_COUNTY,RMS_KEY_CC_RC,547.641399,457.445537,HT_COM,2000
657,vulsens_0657,AL,TX_COUNTY,RMS_KEY_FA_SFD_3000,778.554566,561.725717,OCC,Auto
658,vulsens_0658,MN,IL_COUNTY,RMS_KEY_YB_<1995,862.378687,754.469363,YB_COM,3000
659,vulsens_0659,FL,CO_COUNTY,RMS_KEY_CC_COM_Unk,1041.054244,749.684113,CC_COM,MFD
660,vulsens_0660,IL,MD_COUNTY,RMS_KEY_CC_COM_Unk,847.013918,828.035812,CC,Unk
661,vulsens_0661,IL,CO_COUNTY,RMS_KEY_CC_COM_Masonry,367.330032,351.02152,OCC,MH
662,vulsens_0662,TX,CA_COUNTY,RMS_KEY_HT_COM_15,202.355873,536.474945,YB,2
663,vulsens_0663,FL,MN_COUNTY,RMS_KEY_HT_COM_3,269.541408,435.325829,YB,LM
664,vulsens_0664,AZ,MD_COUNTY,RMS_KEY_YB_COM_2005,306.249819,336.483155,YB_COM,Unk
665,vulsens_0665,FL,MD_COUNTY,RMS_KEY_HT_SFD_1,1795.634896,849.719159,YB,5000
666,vulsens_0666,AL,TX_COUNTY,RMS_KEY_FA_COM_30000,340.737864,286.87585,CC_COM,COM
667,vulsens_0667,AZ,AL_COUNTY,RMS_KEY_CC_COM_Masonry,327.125405,547.41437,YB_COM,7500
668,vulsens_0668,AL,MN_COUNTY,RMS_KEY_FA_COM_20000,173.962938,522.173365,HT_COM,MFD
669,vulsens_0669,CA,IL_COUNTY,RMS_KEY_YB_COM_2015,402.282719,143.865259,YB,2000
670,vulsens_0670,NY,TX_COUNTY,RMS_KEY_YB_COM_<1995,572.33067,381.10865,OCC,Masonry
671,vulsens_0671,TX,FL_COUNTY,RMS_KEY_CC_COM_Wood,366.861524,255.977894,YB,Steel
672,vulsens_0672,NY,MD_COUNTY,RMS_KEY_FA_SFD_3000,198.687026,346.470144,CC,2010
673,vulsens_0673,AZ,CA_COUNTY,RMS_KEY_YB_2010,472.040486,304.451475,YB_COM,2015
674,vulsens_0674,FL,CA_COUNTY,RMS_KEY_OCC_SFD,1460.713531,332.413739,FA_COM,5
675,vulsens_0675,MD,MN_COUNTY,RMS_KEY_FA_SFD_Unk,519.576458,513.295021,CC,Auto
676,vulsens_0676,AZ,TX_COUNTY,RMS_KEY_HT_COM_7,967.117797,489.942225,CC,RC
677,vulsens_0677,CO,AZ_COUNTY,RMS_KEY_YB_2005,955.340427,682.958703,CC,MFD
678,vulsens_0678,NY,FL_COUNTY,RMS_KEY_HT_COM_Unk,351.593428,190.637376,HT_COM,10000
679,vulsens_0679,IL,CA_COUNTY,RMS_KEY_CC_Wood,575.258271,122.296187,HT_SFD,2025
680,vulsens_0680,CO,AL_COUNTY,RMS_KEY_CC_RC,669.681543,302.326144,FA_COM,Unk
681,vulsens_0681,IL,FL_COUNTY,RMS_KEY_CC_COM_RC,297.506475,265.257584,YB_COM,MFD
682,vulsens_0682,IL,CO_COUNTY,RMS_KEY_FA_COM_20000,1017.331485,968.769201,YB_COM,2005
683,vulsens_0683,CO,CA_COUNTY,RMS_KEY_HT_COM_7,914.173731,200.065717,YB,1995
684,vulsens_0684,CA,FL_COUNTY,RMS_KEY_CC_Unk,409.126825,366.076679,HT_SFD,1995
685,vulsens_0685,MD,NY_COUNTY,RMS_KEY_CC_MH,510.100383,158.704768,HT_COM,15
686,vulsens_0686,AL,IL_COUNTY,RMS_KEY_FA_COM_25000,180.648077,765.757571,FA_COM,<1995
687,vulsens_0687,CO,MD_COUNTY,RMS_KEY_FA_COM_Unk,545.470456,786.718716,YB,2005
688,vulsens_0688,IL,MN_COUNTY,RMS_KEY_OCC_IND,688.982915,236.860645,FA_COM,Unk
689,vulsens_0689,AL,AZ_COUNTY,RMS_KEY_YB_COM_2000,526.424142,639.323994,CC_COM,Unk
690,vulsens_0690,AL,AZ_COUNTY,RMS_KEY_YB_<1995,1058.608029,258.972451,HT_COM,Unk
691,vulsens_0691,FL,TX_COUNTY,RMS_KEY_HT_SFD_2,262.562907,465.886689,CC_COM,Wood
692,vulsens_0692,AZ,AL_COUNTY,RMS_KEY_HT_COM_Unk,399.508274,273.553137,FA_COM,2025
693,vulsens_0693,FL,IL_COUNTY,RMS_KEY_HT_COM_1,435.733416,79.227179,OCC,<1995
694,vulsens_0694,MD,MD_COUNTY,RMS_KEY_FA_SFD_7500,397.799177,522.739372,FA_SFD,Unk
695,vulsens_0695,IL,CO_COUNTY,RMS_KEY_FA_SFD_1000,440.585343,272.104379,CC,<1995
696,vulsens_0696,CO,IL_COUNTY,RMS_KEY_HT_COM_15,310.955722,360.483907,CC,1995
697,vulsens_0697,AZ,CA_COUNTY,RMS_KEY_YB_2015,1092.744844,423.491743,YB,1995
698,vulsens_0698,MD,CA_COUNTY,RMS_KEY_OCC_MFD,254.995953,2038.198336,HT_COM,RC
699,vulsens_0699,MD,FL_COUNTY,RMS_KEY_YB_COM_2010,887.430609,429.233984,YB_COM,Unk
700,vulsens_0700,CA,AL_COUNTY,RMS_KEY_YB_2020,316.780916,287.575067,YB,2005
701,vulsens_0701,MD,CO_COUNTY,RMS_KEY_HT_COM_10,636.468288,674.867933,YB,2025
702,vulsens_0702,NY,MN_COUNTY,RMS_KEY_YB_2000,1053.95508,418.061304,OCC,1
703,vulsens_0703,TX,MD_COUNTY,RMS_KEY_CC_LM,306.853345,796.341415,HT_SFD,Unk
704,vulsens_0704,IL,CA_COUNTY,RMS_KEY_FA_COM_25000,273.465549,369.032105,FA_SFD,15000
705,vulsens_0705,MN,AL_COUNTY,RMS_KEY_FA_COM_25000,458.820075,529.389889,CC_COM,Unk
706,vulsens_0706,CA,CO_COUNTY,RMS_KEY_YB_2010,1179.47633,207.341787,OCC,5000
707,vulsens_0707,CA,MN_COUNTY,RMS_KEY_CC_COM_Steel,472.266424,396.997068,YB,Unk
708,vulsens_0708,AZ,CO_COUNTY,RMS_KEY_HT_SFD_Unk,349.713073,293.648618,FA_SFD,2000
709,vulsens_0709,AL,TX_COUNTY,RMS_KEY_OCC_MFD,1978.870196,217.420356,OCC,1000
710,vulsens_0710,TX,CO_COUNTY,RMS_KEY_CC_RC,483.336582,856.770633,FA_SFD,Unk
711,vulsens_0711,MN,AZ_COUNTY,RMS_KEY_YB_COM_2005,239.405707,132.982581,FA_COM,2
712,vulsens_0712,AZ,TX_COUNTY,RMS_KEY_CC_COM_Masonry,527.113575,424.845221,FA_SFD,2005
713,vulsens_0713,MD,FL_COUNTY,RMS_KEY_OCC_Unk,277.493654,987.728354,YB,20000
714,vulsens_0714,AZ,TX_COUNTY,RMS_KEY_CC_Masonry,408.454636,265.693838,HT_COM,2015
715,vulsens_0715,MN,NY_COUNTY,RMS_KEY_CC_COM_RC,222.090931,570.903418,OCC,Unk
716,vulsens_0716,NY,MN_COUNTY,RMS_KEY_FA_COM_20000,512.836072,263.230218,CC,LM
717,vulsens_0717,AL,MD_COUNTY,RMS_KEY_CC_COM_MH,312.88048,647.735098,HT_COM,Steel
718,vulsens_0718,AZ,NY_COUNTY,RMS_KEY_CC_COM_Masonry,419.564331,643.022738,FA_COM,MH
719,vulsens_0719,NY,CA_COUNTY,RMS_KEY_CC_RC,850.06507,140.517004,OCC,20000
720,vulsens_0720,CO,TX_COUNTY,RMS_KEY_CC_Auto,982.811709,181.301356,OCC,5000
721,vulsens_0721,IL,CA_COUNTY,RMS_KEY_YB_Unk,390.666725,337.63558,FA_COM,1995
722,vulsens_0722,AL,CO_COUNTY,RMS_KEY_CC_COM_Masonry,798.634729,486.825758,CC_COM,2000
723,vulsens_0723,CO,MD_COUNTY,RMS_KEY_HT_COM_1,894.806625,481.361207,YB_COM,Auto
724,vulsens_0724,MD,AZ_COUNTY,RMS_KEY_CC_RC,1027.692382,493.665463,HT_COM,Unk
725,vulsens_0725,TX,NY_COUNTY,RMS_KEY_YB_COM_2025,1317.123931,260.790728,FA_COM,Masonry
726,vulsens_0726,IL,CA_COUNTY,RMS_KEY_FA_COM_10000,372.815963,359.799611,FA_SFD,Unk
727,vulsens_0727,AL,NY_COUNTY,RMS_KEY_YB_<1995,592.073627,255.648262,OCC,2010
728,vulsens_0728,CO,IL_COUNTY,RMS_KEY_HT_SFD_1,254.099767,196.060752,YB_COM,2020
729,vulsens_0729,IL,NY_COUNTY,RMS_KEY_FA_COM_15000,642.085063,701.7507,OCC,2
730,vulsens_0730,NY,AZ_COUNTY,RMS_KEY_FA_COM_Unk,260.364541,236.724971,YB,3000
731,vulsens_0731,NY,NY_COUNTY,RMS_KEY_FA_COM_15000,364.074305,843.907503,HT_COM,1
732,vulsens_0732,MN,MN_COUNTY,RMS_KEY_YB_COM_<1995,623.884027,177.005714,CC_COM,Unk
733,vulsens_0733,MD,MD_COUNTY,RMS_KEY_CC_COM_Auto,416.532062,353.906156,FA_SFD,SFD
734,vulsens_0734,MD,AZ_COUNTY,RMS_KEY_OCC_SFD,313.877916,398.701844,FA_COM,LM
735,vulsens_0735,CO,NY_COUNTY,RMS_KEY_CC_COM_LM,206.352402,787.569734,CC,<1995
736,vulsens_0736,FL,MD_COUNTY,RMS_KEY_FA_SFD_2000,383.977199,1064.272705,YB,10
737,vulsens_0737,AL,NY_COUNTY,RMS_KEY_CC_COM_Auto,1276.600286,930.423359,CC_COM,MH
738,vulsens_0738,CA,MN_COUNTY,RMS_KEY_YB_<1995,267.545179,202.233364,YB_COM,Unk
739,vulsens_0739,MD,AL_COUNTY,RMS_KEY_HT_COM_Unk,731.413459,583.989823,YB_COM,3
740,vulsens_0740,AZ,CO_COUNTY,RMS_KEY_FA_SFD_1000,659.17817,832.2985,HT_COM,2025
741,vulsens_0741,AL,NY_COUNTY,RMS_KEY_CC_Masonry,377.64702,325.984419,FA_COM,Steel
742,vulsens_0742,TX,MN_COUNTY,RMS_KEY_HT_COM_1,660.028073,434.754346,CC,1
743,vulsens_0743,MN,NY_COUNTY,RMS_KEY_CC_COM_Wood,522.572745,91.622898,YB,2005
744,vulsens_0744,TX,AL_COUNTY,RMS_KEY_FA_COM_30000,553.671552,356.434026,HT_COM,2015
745,vulsens_0745,TX,MD_COUNTY,RMS_KEY_HT_COM_Unk,487.333481,413.663172,FA_SFD,RC
746,vulsens_0746,AL,CO_COUNTY,RMS_KEY_OCC_Unk,653.849006,824.685002,CC,Unk
747,vulsens_0747,IL,MD_COUNTY,RMS_KEY_CC_COM_Masonry,841.802734,464.23332,FA_SFD,20000
748,vulsens_0748,CO,MD_COUNTY,RMS_KEY_CC_COM_Masonry,1001.469967,329.634524,FA_COM,Unk
749,vulsens_0749,NY,TX_COUNTY,RMS_KEY_YB_2010,628.121231,321.038442,OCC,2010
750,vulsens_0750,NY,MN_COUNTY,RMS_KEY_YB_2025,223.926662,548.898041,FA_SFD,7
751,vulsens_0751,AL,MN_COUNTY,RMS_KEY_FA_SFD_Unk,354.530372,454.07439,HT_COM,2000
752,vulsens_0752,MN,FL_COUNTY,RMS_KEY_CC_Wood,1511.726616,197.191977,HT_SFD,2000
753,vulsens_0753,MN,AZ_COUNTY,RMS_KEY_YB_Unk,201.979197,860.392039,OCC,25000
754,vulsens_0754,AZ,CO_COUNTY,RMS_KEY_YB_COM_2000,285.36806,196.443993,CC,LM
755,vulsens_0755,MD,IL_COUNTY,RMS_KEY_FA_SFD_2000,188.124989,1009.560331,YB,Masonry
756,vulsens_0756,TX,AZ_COUNTY,RMS_KEY_YB_COM_2025,371.518932,620.893989,CC_COM,Wood
757,vulsens_0757,CO,MN_COUNTY,RMS_KEY_YB_Unk,466.733938,301.764928,OCC,Unk
758,vulsens_0758,CA,AZ_COUNTY,RMS_KEY_HT_SFD_1,354.001699,522.526404,OCC,Unk
759,vulsens_0759,CA,CO_COUNTY,RMS_KEY_OCC_Unk,1032.86358,220.679705,CC_COM,20000
760,vulsens_0760,IL,MD_COUNTY,RMS_KEY_YB_COM_2015,234.17315,290.972662,HT_COM,2015
761,vulsens_0761,MN,MN_COUNTY,RMS_KEY_OCC_COM,1049.681402,574.658534,HT_SFD,2015
762,vulsens_0762,TX,CA_COUNTY,RMS_KEY_FA_COM_5000,288.838458,373.34594,CC,20
763,vulsens_0763,TX,TX_COUNTY,RMS_KEY_YB_2025,941.667652,286.206592,HT_SFD,1995
764,vulsens_0764,AZ,FL_COUNTY,RMS_KEY_YB_1995,344.419843,1016.391916,HT_SFD,COM
765,vulsens_0765,FL,CA_COUNTY,RMS_KEY_HT_COM_10,129.195369,412.272048,HT_COM,Unk
766,vulsens_0766,IL,CA_COUNTY,RMS_KEY_CC_COM_RC,581.676829,712.356941,FA_SFD,1000
767,vulsens_0767,CA,MD_COUNTY,RMS_KEY_HT_COM_Unk,213.548688,806.46178,YB,2
768,vulsens_0768,MD,TX_COUNTY,RMS_KEY_YB_COM_2005,346.714919,341.608856,FA_COM,5000
769,vulsens_0769,MN,FL_COUNTY,RMS_KEY_FA_COM_15000,468.674319,346.589388,FA_COM,2010
770,vulsens_0770,CO,AZ_COUNTY,RMS_KEY_HT_COM_Unk,161.176117,315.661434,HT_COM,Masonry
771,vulsens_0771,NY,CA_COUNTY,RMS_KEY_YB_2025,627.241536,626.900845,HT_COM,2000
772,vulsens_0772,AZ,AZ_COUNTY,RMS_KEY_FA_SFD_1000,559.533217,240.551636,OCC,2010
773,vulsens_0773,AL,NY_COUNTY,RMS_KEY_YB_2015,552.35941,720.766843,CC,COM
774,vulsens_0774,CA,TX_COUNTY,RMS_KEY_YB_2005,135.098692,546.656876,HT_COM,3000
775,vulsens_0775,IL,FL_COUNTY,RMS_KEY_FA_SFD_Unk,314.82558,455.973765,FA_COM,Unk
776,vulsens_0776,FL,TX_COUNTY,RMS_KEY_FA_SFD_Unk,1046.589315,476.294634,YB,20
777,vulsens_0777,FL,AL_COUNTY,RMS_KEY_YB_2020,648.208616,412.350318,FA_COM,Unk
778,vulsens_0778,IL,CA_COUNTY,RMS_KEY_YB_COM_<1995,203.295834,229.786516,CC_COM,LM
779,vulsens_0779,AZ,CO_COUNTY,RMS_KEY_HT_COM_10,456.785117,311.205423,FA_COM,LM
780,vulsens_0780,CA,AZ_COUNTY,RMS_KEY_CC_COM_Auto,426.178537,264.853745,YB,Unk
781,vulsens_0781,MN,NY_COUNTY,RMS_KEY_FA_SFD_3000,982.778703,642.841893,HT_COM,2
782,vulsens_0782,AL,AZ_COUNTY,RMS_KEY_OCC_SFD,593.004078,441.382986,OCC,3000
783,vulsens_0783,CA,IL_COUNTY,RMS_KEY_OCC_IND,516.950276,359.230128,CC,Unk
784,vulsens_0784,CO,FL_COUNTY,RMS_KEY_CC_RC,979.834873,591.654697,HT_SFD,LM
785,vulsens_0785,IL,IL_COUNTY,RMS_KEY_YB_2010,607.653616,307.410309,OCC,Unk
786,vulsens_0786,NY,NY_COUNTY,RMS_KEY_CC_Steel,654.591641,456.301897,FA_SFD,1995
787,vulsens_0787,IL,CA_COUNTY,RMS_KEY_OCC_SFD,1011.085286,423.910088,FA_SFD,10000
788,vulsens_0788,MN,AL_COUNTY,RMS_KEY_FA_SFD_1000,720.321278,504.418724,YB,Unk
789,vulsens_0789,MD,CO_COUNTY,RMS_KEY_YB_COM_1995,685.29607,195.856231,YB,LM
790,vulsens_0790,MD,CA_COUNTY,RMS_KEY_CC_LM,940.114739,757.081209,FA_SFD,Unk
791,vulsens_0791,MN,CO_COUNTY,RMS_KEY_YB_COM_<1995,357.372508,850.473409,CC,20
792,vulsens_0792,AZ,CO_COUNTY,RMS_KEY_YB_COM_Unk,953.044075,264.198333,HT_SFD,2025
793,vulsens_0793,MD,IL_COUNTY,RMS_KEY_HT_COM_10,1130.630985,547.656614,HT_COM,Unk
794,vulsens_0794,NY,IL_COUNTY,RMS_KEY_FA_COM_30000,425.264735,276.209616,YB_COM,Unk
795,vulsens_0795,MN,NY_COUNTY,RMS_KEY_HT_COM_3,737.181563,157.791361,HT_COM,<1995
796,vulsens_0796,NY,IL_COUNTY,RMS_KEY_HT_COM_Unk,290.499302,385.029928,FA_COM,Unk
797,vulsens_0797,MN,AL_COUNTY,RMS_KEY_YB_COM_2020,335.600269,747.717908,HT_COM,MFD
798,vulsens_0798,IL,MD_COUNTY,RMS_KEY_YB_COM_1995,276.608446,661.18236,YB_COM,3000
799,vulsens_0799,CO,AZ_COUNTY,RMS_KEY_YB_COM_2015,491.677875,692.652082,HT_COM,2
800,vulsens_0800,IL,NY_COUNTY,RMS_KEY_HT_SFD_Unk,420.99949,197.173703,YB_COM,MH
801,vulsens_0801,CO,TX_COUNTY,RMS_KEY_FA_COM_Unk,991.390891,1322.80822,YB,Masonry
802,vulsens_0802,TX,MD_COUNTY,RMS_KEY_FA_COM_Unk,280.811743,882.027024,FA_COM,7500
803,vulsens_0803,TX,FL_COUNTY,RMS_KEY_YB_COM_2000,454.977616,135.402134,CC_COM,IND
804,vulsens_0804,NY,NY_COUNTY,RMS_KEY_OCC_COM,612.326001,364.309036,HT_COM,10000
805,vulsens_0805,MD,CA_COUNTY,RMS_KEY_HT_SFD_2,474.889971,272.510745,HT_COM,2020
806,vulsens_0806,IL,MN_COUNTY,RMS_KEY_FA_COM_Unk,829.136205,221.724834,CC_COM,Unk
807,vulsens_0807,FL,AL_COUNTY,RMS_KEY_FA_COM_Unk,1135.936696,298.815476,FA_SFD,2020
808,vulsens_0808,FL,AL_COUNTY,RMS_KEY_OCC_MFD,92.427517,177.710951,YB,2
809,vulsens_0809,FL,FL_COUNTY,RMS_KEY_FA_SFD_1000,1044.131066,370.420783,CC,2025
810,vulsens_0810,MD,MN_COUNTY,RMS_KEY_HT_COM_7,206.081655,832.590473,YB,MH
811,vulsens_0811,MD,TX_COUNTY,RMS_KEY_YB_COM_1995,224.751361,210.580366,CC_COM,2020
812,vulsens_0812,FL,MD_COUNTY,RMS_KEY_HT_SFD_Unk,203.23248,318.142092,OCC,2015
813,vulsens_0813,MD,FL_COUNTY,RMS_KEY_HT_COM_3,247.341283,237.30859,CC,2015
814,vulsens_0814,NY,AZ_COUNTY,RMS_KEY_HT_SFD_2,820.186611,647.493571,CC,2015
815,vulsens_0815,AL,FL_COUNTY,RMS_KEY_FA_COM_25000,731.504694,704.958623,HT_COM,Unk
816,vulsens_0816,AL,IL_COUNTY,RMS_KEY_FA_COM_25000,677.209736,823.2726,FA_COM,Wood
817,vulsens_0817,TX,FL_COUNTY,RMS_KEY_OCC_COM,314.043698,516.349616,FA_SFD,MH
818,vulsens_0818,MD,AL_COUNTY,RMS_KEY_HT_COM_10,254.881041,334.479326,FA_COM,LM
819,vulsens_0819,CA,IL_COUNTY,RMS_KEY_YB_2005,682.382936,598.295518,FA_SFD,10000
820,vulsens_0820,MN,AL_COUNTY,RMS_KEY_YB_COM_<1995,360.242374,500.601734,OCC,Wood
821,vulsens_0821,AL,AL_COUNTY,RMS_KEY_FA_COM_Unk,682.284513,610.109643,CC,1000
822,vulsens_0822,CA,FL_COUNTY,RMS_KEY_CC_Steel,431.435458,175.113923,HT_COM,2005
823,vulsens_0823,MD,AZ_COUNTY,RMS_KEY_FA_COM_5000,400.581502,360.321216,CC_COM,5
824,vulsens_0824,NY,TX_COUNTY,RMS_KEY_FA_SFD_3000,349.977343,426.562801,FA_COM,IND
825,vulsens_0825,CO,AL_COUNTY,RMS_KEY_YB_COM_<1995,739.256353,303.347502,CC_COM,5
826,vulsens_0826,FL,MD_COUNTY,RMS_KEY_HT_COM_7,1069.583702,443.534181,HT_COM,7500
827,vulsens_0827,MD,IL_COUNTY,RMS_KEY_YB_2010,1383.416186,555.059737,CC_COM,2015
828,vulsens_0828,NY,CO_COUNTY,RMS_KEY_FA_COM_25000,139.965334,311.341396,YB_COM,Auto
829,vulsens_0829,AZ,CO_COUNTY,RMS_KEY_YB_COM_2005,81.585934,203.43362,CC,COM
830,vulsens_0830,CA,AZ_COUNTY,RMS_KEY_CC_COM_Masonry,592.082284,414.655316,YB,2015
831,vulsens_0831,NY,CO_COUNTY,RMS_KEY_CC_LM,597.913803,279.210362,YB_COM,3
832,vulsens_0832,AZ,TX_COUNTY,RMS_KEY_YB_Unk,563.971704,214.749397,CC_COM,30000
833,vulsens_0833,CA,CA_COUNTY,RMS_KEY_HT_COM_15,390.264061,430.391724,FA_COM,2000
834,vulsens_0834,IL,AL_COUNTY,RMS_KEY_HT_SFD_2,746.377198,466.469124,YB,2015
835,vulsens_0835,MN,AZ_COUNTY,RMS_KEY_YB_COM_2015,457.820387,258.969372,YB,1000
836,vulsens_0836,IL,MD_COUNTY,RMS_KEY_CC_Unk,429.666678,701.118015,CC_COM,5000
837,vulsens_0837,AL,MN_COUNTY,RMS_KEY_YB_COM_2010,331.604257,661.288982,CC,2015
838,vulsens_0838,MD,IL_COUNTY,RMS_KEY_HT_COM_15,483.039036,300.852398,FA_COM,Unk
839,vulsens_0839,TX,FL_COUNTY,RMS_KEY_CC_Unk,637.341004,258.679017,FA_COM,2000
840,vulsens_0840,IL,AL_COUNTY,RMS_KEY_FA_SFD_2000,536.955849,544.422455,CC,Unk
841,vulsens_0841,MN,NY_COUNTY,RMS_KEY_YB_2010,226.018353,864.275513,FA_SFD,<1995
842,vulsens_0842,MD,NY_COUNTY,RMS_KEY_HT_COM_3,381.40628,158.181916,FA_SFD,5000
843,vulsens_0843,CO,CO_COUNTY,RMS_KEY_YB_<1995,679.979676,514.343862,YB_COM,30000
844,vulsens_0844,IL,MN_COUNTY,RMS_KEY_HT_SFD_Unk,581.713406,844.570296,YB_COM,Unk
845,vulsens_0845,IL,MD_COUNTY,RMS_KEY_YB_2005,957.855892,155.013216,YB_COM,2020
846,vulsens_0846,TX,CO_COUNTY,RMS_KEY_YB_2015,993.107787,187.634384,CC_COM,Masonry
847,vulsens_0847,CO,NY_COUNTY,RMS_KEY_YB_<1995,885.449988,343.510797,OCC,2015
848,vulsens_0848,AZ,NY_COUNTY,RMS_KEY_CC_RC,648.916187,506.898002,FA_SFD,5000
849,vulsens_0849,CA,NY_COUNTY,RMS_KEY_FA_SFD_Unk,473.032582,276.540443,YB,Unk
850,vulsens_0850,NY,CO_COUNTY,RMS_KEY_YB_COM_2020,253.407383,436.499897,YB,30000
851,vulsens_0851,FL,TX_COUNTY,RMS_KEY_CC_Unk,787.319442,330.078801,CC_COM,Unk
852,vulsens_0852,AZ,MN_COUNTY,RMS_KEY_CC_RC,223.721392,1157.560979,YB,Unk
853,vulsens_0853,NY,AZ_COUNTY,RMS_KEY_YB_Unk,328.475944,278.445598,CC,RC
854,vulsens_0854,TX,IL_COUNTY,RMS_KEY_HT_COM_15,1524.120944,773.110941,CC_COM,2
855,vulsens_0855,NY,AZ_COUNTY,RMS_KEY_CC_COM_Masonry,246.478179,215.881684,HT_COM,1
856,vulsens_0856,TX,TX_COUNTY,RMS_KEY_OCC_SFD,1044.950978,267.050547,CC,MH
857,vulsens_0857,MN,MD_COUNTY,RMS_KEY_YB_2015,489.429994,483.18836,CC,LM
858,vulsens_0858,NY,IL_COUNTY,RMS_KEY_YB_COM_2020,647.779209,300.105505,FA_SFD,2020
859,vulsens_0859,CA,MD_COUNTY,RMS_KEY_YB_COM_<1995,516.214493,356.13064,HT_COM,Wood
860,vulsens_0860,AZ,MD_COUNTY,RMS_KEY_HT_SFD_2,495.403666,497.330329,HT_COM,10
861,vulsens_0861,TX,MD_COUNTY,RMS_KEY_FA_COM_Unk,649.581509,311.088999,CC,2020
862,vulsens_0862,MD,MN_COUNTY,RMS_KEY_CC_COM_LM,602.808814,162.804884,HT_COM,MFD
863,vulsens_0863,NY,CO_COUNTY,RMS_KEY_YB_COM_<1995,1062.023131,251.669019,HT_SFD,Steel
864,vulsens_0864,TX,MD_COUNTY,RMS_KEY_YB_COM_2025,265.149771,254.23402,YB,Unk
865,vulsens_0865,CA,MN_COUNTY,RMS_KEY_FA_COM_10000,1472.442523,191.636039,FA_SFD,1
866,vulsens_0866,CA,CO_COUNTY,RMS_KEY_YB_2015,255.436569,248.644593,YB,10000
867,vulsens_0867,NY,AL_COUNTY,RMS_KEY_CC_Unk,193.293357,271.885871,CC_COM,2015
868,vulsens_0868,CO,FL_COUNTY,RMS_KEY_FA_SFD_3000,188.590685,604.587349,OCC,2005
869,vulsens_0869,AL,IL_COUNTY,RMS_KEY_YB_1995,641.137761,469.457328,CC_COM,MH
870,vulsens_0870,IL,AL_COUNTY,RMS_KEY_YB_COM_Unk,642.404443,219.91072,CC_COM,1
871,vulsens_0871,TX,MN_COUNTY,RMS_KEY_CC_Auto,187.246952,343.779549,YB,10
872,vulsens_0872,TX,IL_COUNTY,RMS_KEY_FA_SFD_3000,389.831247,293.148631,CC_COM,Steel
873,vulsens_0873,MD,MN_COUNTY,RMS_KEY_HT_COM_10,1047.637172,246.10585,OCC,1
874,vulsens_0874,MN,TX_COUNTY,RMS_KEY_YB_2025,235.102935,213.536898,OCC,2005
875,vulsens_0875,CA,AL_COUNTY,RMS_KEY_CC_COM_LM,274.181291,269.61294,CC_COM,MH
876,vulsens_0876,MD,TX_COUNTY,RMS_KEY_YB_COM_2010,1015.122256,498.477344,HT_COM,2000
877,vulsens_0877,TX,FL_COUNTY,RMS_KEY_CC_COM_Masonry,360.233077,412.183661,YB,5
878,vulsens_0878,CO,IL_COUNTY,RMS_KEY_YB_2025,598.443934,534.171085,CC,2005
879,vulsens_0879,MN,MN_COUNTY,RMS_KEY_CC_COM_Unk,1349.103508,991.989301,YB,2010
880,vulsens_0880,FL,MD_COUNTY,RMS_KEY_YB_2010,951.658053,300.391352,YB,Unk
881,vulsens_0881,TX,IL_COUNTY,RMS_KEY_OCC_IND,590.850582,766.542654,YB,20
882,vulsens_0882,AL,TX_COUNTY,RMS_KEY_CC_COM_Unk,1221.491889,935.129713,YB,MFD
883,vulsens_0883,AL,AZ_COUNTY,RMS_KEY_HT_COM_20,444.221039,320.836191,CC_COM,2020
884,vulsens_0884,IL,NY_COUNTY,RMS_KEY_HT_COM_7,280.111163,838.69164,HT_COM,15000
885,vulsens_0885,IL,CO_COUNTY,RMS_KEY_HT_COM_5,500.043134,289.411875,OCC,1995
886,vulsens_0886,MD,CO_COUNTY,RMS_KEY_YB_<1995,889.731815,364.75676,YB,20
887,vulsens_0887,FL,CO_COUNTY,RMS_KEY_CC_COM_Wood,325.604062,873.028503,OCC,Unk
888,vulsens_0888,AZ,MN_COUNTY,RMS_KEY_OCC_Unk,526.767704,1183.394155,HT_COM,2005
889,vulsens_0889,FL,CA_COUNTY,RMS_KEY_YB_COM_2010,453.664477,446.559782,CC_COM,5000
890,vulsens_0890,CA,CO_COUNTY,RMS_KEY_YB_COM_2010,339.312689,636.964489,FA_COM,Unk
891,vulsens_0891,FL,IL_COUNTY,RMS_KEY_CC_COM_Wood,698.52974,359.429631,YB,3000
892,vulsens_0892,MN,TX_COUNTY,RMS_KEY_HT_COM_1,613.251939,614.963447,FA_SFD,Unk
893,vulsens_0893,IL,NY_COUNTY,RMS_KEY_YB_COM_<1995,846.875244,544.929783,OCC,2025
894,vulsens_0894,MN,CA_COUNTY,RMS_KEY_HT_COM_5,528.567039,626.945568,CC_COM,IND
895,vulsens_0895,NY,NY_COUNTY,RMS_KEY_YB_1995,639.756964,442.260493,CC_COM,2005
896,vulsens_0896,CO,CO_COUNTY,RMS_KEY_HT_SFD_2,973.884664,206.179876,YB_COM,2025
897,vulsens_0897,IL,AZ_COUNTY,RMS_KEY_HT_COM_7,713.872436,592.14032,CC,Wood
898,vulsens_0898,MN,FL_COUNTY,RMS_KEY_FA_SFD_1000,361.56081,188.793273,OCC,MH
899,vulsens_0899,TX,AZ_COUNTY,RMS_KEY_CC_Unk,682.247889,524.674818,CC,20
900,vulsens_0900,CO,FL_COUNTY,RMS_KEY_CC_MH,1143.916994,431.056547,YB,2015
901,vulsens_0901,CO,AL_COUNTY,RMS_KEY_CC_Wood,345.534956,764.901865,CC,5
902,vulsens_0902,MN,TX_COUNTY,RMS_KEY_YB_Unk,216.136181,164.748449,FA_COM,1000
903,vulsens_0903,TX,AZ_COUNTY,RMS_KEY_YB_Unk,764.05103,467.502259,CC_COM,2025
904,vulsens_0904,MD,TX_COUNTY,RMS_KEY_FA_SFD_5000,971.06483,526.901518,YB,Unk
905,vulsens_0905,FL,IL_COUNTY,RMS_KEY_CC_COM_Auto,150.168418,366.580187,CC_COM,Unk
906,vulsens_0906,MN,MN_COUNTY,RMS_KEY_CC_Wood,197.987911,557.244937,YB,Auto
907,vulsens_0907,TX,CA_COUNTY,RMS_KEY_CC_Auto,533.131424,331.880608,CC,2005
908,vulsens_0908,CO,AZ_COUNTY,RMS_KEY_CC_Auto,498.547366,656.73708,CC,3000
909,vulsens_0909,CO,CO_COUNTY,RMS_KEY_HT_COM_7,672.406818,587.011668,CC_COM,5000
910,vulsens_0910,CA,FL_COUNTY,RMS_KEY_HT_COM_5,465.103902,280.184316,FA_COM,7500
911,vulsens_0911,AL,AL_COUNTY,RMS_KEY_YB_Unk,285.66933,455.303256,YB,2015
912,vulsens_0912,AL,FL_COUNTY,RMS_KEY_HT_SFD_1,975.447206,215.202748,CC,Wood
913,vulsens_0913,AZ,AZ_COUNTY,RMS_KEY_FA_COM_10000,991.340379,826.162215,HT_SFD,5000
914,vulsens_0914,IL,MD_COUNTY,RMS_KEY_FA_SFD_7500,161.278302,605.950258,YB,RC
915,vulsens_0915,IL,NY_COUNTY,RMS_KEY_CC_COM_MH,474.778976,386.833248,HT_COM,LM
916,vulsens_0916,AL,FL_COUNTY,RMS_KEY_CC_COM_RC,667.90456,695.412674,HT_COM,20000
917,vulsens_0917,CO,CA_COUNTY,RMS_KEY_FA_COM_20000,404.589869,1135.549536,HT_COM,3
918,vulsens_0918,FL,FL_COUNTY,RMS_KEY_YB_COM_Unk,904.276842,202.75616,HT_COM,10
919,vulsens_0919,FL,NY_COUNTY,RMS_KEY_FA_SFD_Unk,515.897831,669.347932,HT_COM,15000
920,vulsens_0920,NY,AZ_COUNTY,RMS_KEY_YB_2020,658.648324,1036.018194,FA_SFD,<1995
921,vulsens_0921,TX,TX_COUNTY,RMS_KEY_FA_SFD_3000,489.734404,229.378692,YB_COM,25000
922,vulsens_0922,FL,MD_COUNTY,RMS_KEY_CC_COM_MH,584.771678,447.279551,CC,5
923,vulsens_0923,MN,MD_COUNTY,RMS_KEY_CC_COM_RC,632.005919,438.208877,HT_COM,<1995
924,vulsens_0924,CA,MN_COUNTY,RMS_KEY_OCC_IND,939.936689,222.441825,FA_SFD,2000
925,vulsens_0925,CO,AZ_COUNTY,RMS_KEY_CC_RC,497.618505,457.031475,YB,Steel
926,vulsens_0926,MD,MN_COUNTY,RMS_KEY_YB_COM_Unk,392.877043,1252.613877,FA_COM,2010
927,vulsens_0927,IL,CO_COUNTY,RMS_KEY_YB_2020,362.23246,315.21809,CC,MH
928,vulsens_0928,CA,NY_COUNTY,RMS_KEY_YB_2000,150.454295,215.356653,YB_COM,5000
929,vulsens_0929,IL,MD_COUNTY,RMS_KEY_CC_MH,377.873385,1966.346823,CC,SFD
930,vulsens_0930,CA,CA_COUNTY,RMS_KEY_FA_SFD_2000,279.648869,620.004402,CC,Unk
931,vulsens_0931,CA,AZ_COUNTY,RMS_KEY_YB_COM_<1995,691.754716,323.678081,YB,2000
932,vulsens_0932,MD,NY_COUNTY,RMS_KEY_HT_SFD_2,434.701233,230.079541,YB_COM,2025
933,vulsens_0933,IL,IL_COUNTY,RMS_KEY_FA_SFD_Unk,145.861734,1067.744216,FA_COM,2020
934,vulsens_0934,AZ,NY_COUNTY,RMS_KEY_HT_COM_20,996.822959,347.105328,FA_SFD,Unk
935,vulsens_0935,FL,NY_COUNTY,RMS_KEY_YB_COM_2005,95.552097,384.343175,CC_COM,Auto
936,vulsens_0936,CO,NY_COUNTY,RMS_KEY_YB_COM_2000,459.902972,436.681332,YB,2000
937,vulsens_0937,CA,AZ_COUNTY,RMS_KEY_OCC_IND,344.480043,497.813559,YB_COM,2010
938,vulsens_0938,MN,FL_COUNTY,RMS_KEY_CC_Steel,679.867462,217.711056,HT_SFD,2010
939,vulsens_0939,FL,NY_COUNTY,RMS_KEY_YB_COM_2000,266.194905,367.579344,CC_COM,20
940,vulsens_0940,MN,AZ_COUNTY,RMS_KEY_CC_COM_MH,657.864287,496.833931,YB_COM,1995
941,vulsens_0941,FL,MD_COUNTY,RMS_KEY_FA_COM_20000,404.041733,1011.570418,CC_COM,2
942,vulsens_0942,MN,NY_COUNTY,RMS_KEY_FA_SFD_1000,666.845916,351.765251,HT_COM,10
943,vulsens_0943,MD,CO_COUNTY,RMS_KEY_HT_SFD_1,469.032348,431.099249,CC_COM,1995
944,vulsens_0944,AZ,CA_COUNTY,RMS_KEY_YB_2010,256.877779,1145.099003,YB_COM,MH
945,vulsens_0945,NY,MD_COUNTY,RMS_KEY_YB_COM_2000,421.991796,396.90347,CC,<1995
946,vulsens_0946,NY,TX_COUNTY,RMS_KEY_CC_RC,386.517832,327.988732,YB_COM,2010
947,vulsens_0947,TX,AZ_COUNTY,RMS_KEY_HT_COM_5,222.177608,533.35985,HT_SFD,2000
948,vulsens_0948,CO,FL_COUNTY,RMS_KEY_HT_COM_5,546.921491,295.035967,YB,Unk
949,vulsens_0949,AL,TX_COUNTY,RMS_KEY_CC_Auto,371.217466,322.997955,CC_COM,Unk
950,vulsens_0950,MD,CA_COUNTY,RMS_KEY_HT_COM_Unk,683.528486,459.035215,CC,Masonry
951,vulsens_0951,MD,MD_COUNTY,RMS_KEY_HT_COM_15,397.924083,443.968069,CC,15
952,vulsens_0952,CA,CA_COUNTY,RMS_KEY_HT_SFD_1,864.431223,399.632116,CC_COM,3
953,vulsens_0953,NY,FL_COUNTY,RMS_KEY_HT_COM_5,973.253933,355.752135,HT_SFD,<1995
954,vulsens_0954,CO,FL_COUNTY,RMS_KEY_HT_COM_5,347.196416,406.373259,CC_COM,Wood
955,vulsens_0955,FL,TX_COUNTY,RMS_KEY_YB_2010,206.257778,362.172802,YB_COM,7500
956,vulsens_0956,MD,MN_COUNTY,RMS_KEY_YB_2005,336.415569,313.669507,CC,<1995
957,vulsens_0957,MN,MD_COUNTY,RMS_KEY_HT_SFD_1,232.639794,256.46382,YB,Wood
958,vulsens_0958,MN,TX_COUNTY,RMS_KEY_CC_COM_Wood,565.424592,732.641011,HT_COM,2005
959,vulsens_0959,MD,NY_COUNTY,RMS_KEY_HT_SFD_2,240.923182,281.396566,HT_SFD,5000
960,vulsens_0960,TX,CO_COUNTY,RMS_KEY_FA_COM_25000,605.604189,312.106411,YB,MH
961,vulsens_0961,CA,TX_COUNTY,RMS_KEY_FA_SFD_2000,816.528393,303.305955,OCC,1995
962,vulsens_0962,CO,CO_COUNTY,RMS_KEY_CC_Unk,546.826485,1063.152069,HT_COM,20000
963,vulsens_0963,IL,CO_COUNTY,RMS_KEY_CC_COM_MH,662.775617,228.781382,YB,2005
964,vulsens_0964,FL,MN_COUNTY,RMS_KEY_HT_COM_5,526.096435,551.23638,FA_SFD,MH
965,vulsens_0965,AZ,NY_COUNTY,RMS_KEY_YB_2015,2610.076771,289.135857,YB_COM,15000
966,vulsens_0966,IL,AZ_COUNTY,RMS_KEY_YB_2010,539.408772,502.970572,YB,30000
967,vulsens_0967,AL,MN_COUNTY,RMS_KEY_YB_COM_<1995,787.848366,291.160183,YB,SFD
968,vulsens_0968,NY,MD_COUNTY,RMS_KEY_FA_SFD_5000,1041.826629,373.550162,FA_COM,2025
969,vulsens_0969,MN,TX_COUNTY,RMS_KEY_YB_COM_2005,616.116482,79.90006,CC,2
970,vulsens_0970,AZ,FL_COUNTY,RMS_KEY_CC_COM_Auto,769.275815,457.315474,YB_COM,LM
971,vulsens_0971,MD,MN_COUNTY,RMS_KEY_FA_SFD_2000,566.351608,1116.929032,YB,1995
972,vulsens_0972,AZ,NY_COUNTY,RMS_KEY_CC_Auto,212.266432,347.742362,FA_SFD,20000
973,vulsens_0973,CO,CA_COUNTY,RMS_KEY_CC_Auto,297.790501,1147.423596,CC_COM,Auto
974,vulsens_0974,MN,FL_COUNTY,RMS_KEY_HT_COM_Unk,569.451041,902.294888,HT_COM,2010
975,vulsens_0975,TX,NY_COUNTY,RMS_KEY_YB_COM_2015,619.890774,388.77609,HT_COM,2000
976,vulsens_0976,MN,AZ_COUNTY,RMS_KEY_FA_SFD_3000,361.288811,143.909878,FA_COM,2020
977,vulsens_0977,AL,MD_COUNTY,RMS_KEY_CC_Masonry,546.834986,231.180604,HT_COM,RC
978,vulsens_0978,IL,CO_COUNTY,RMS_KEY_FA_COM_20000,822.405227,343.461157,HT_SFD,Unk
979,vulsens_0979,CO,NY_COUNTY,RMS_KEY_OCC_Unk,1712.880952,195.064365,YB_COM,2000
980,vulsens_0980,CA,AZ_COUNTY,RMS_KEY_YB_Unk,309.974048,351.28375,YB,7
981,vulsens_0981,IL,MN_COUNTY,RMS_KEY_OCC_SFD,651.251234,475.554515,CC_COM,Unk
982,vulsens_0982,AZ,IL_COUNTY,RMS_KEY_YB_2005,860.938877,355.772189,HT_SFD,IND
983,vulsens_0983,FL,MN_COUNTY,RMS_KEY_YB_COM_2010,218.245061,290.678025,YB_COM,Unk
984,vulsens_0984,AL,CO_COUNTY,RMS_KEY_CC_RC,685.827032,440.598337,CC,3
985,vulsens_0985,AZ,CO_COUNTY,RMS_KEY_HT_COM_Unk,622.753355,277.380182,YB,Wood
986,vulsens_0986,NY,AL_COUNTY,RMS_KEY_FA_COM_25000,348.065318,295.571365,YB,3
987,vulsens_0987,IL,CO_COUNTY,RMS_KEY_CC_COM_Steel,569.898745,368.07914,FA_COM,1995
988,vulsens_0988,AL,NY_COUNTY,RMS_KEY_YB_COM_2005,289.104654,187.559697,HT_SFD,15
989,vulsens_0989,TX,CA_COUNTY,RMS_KEY_FA_SFD_3000,379.893247,789.65286,YB,Unk
990,vulsens_0990,MD,CA_COUNTY,RMS_KEY_FA_SFD_Unk,563.401248,375.699611,YB,Unk
991,vulsens_0991,IL,MD_COUNTY,RMS_KEY_CC_Masonry,288.120877,192.74337,YB,10000
992,vulsens_0992,NY,FL_COUNTY,RMS_KEY_YB_2015,592.515471,351.175509,CC_COM,Steel
993,vulsens_0993,FL,CO_COUNTY,RMS_KEY_YB_<1995,679.935923,181.846153,OCC,SFD
994,vulsens_0994,MN,FL_COUNTY,RMS_KEY_FA_COM_30000,309.349532,264.099721,FA_COM,5000
995,vulsens_0995,AL,FL_COUNTY,RMS_KEY_CC_LM,631.3206,868.576545,HT_SFD,2015
996,vulsens_0996,FL,AL_COUNTY,RMS_KEY_HT_COM_Unk,806.233819,383.365017,FA_SFD,Unk
997,vulsens_0997,AL,AL_COUNTY,RMS_KEY_YB_COM_2020,1244.09791,159.52193,CC,20000
998,vulsens_0998,AL,MD_COUNTY,RMS_KEY_YB_2010,1242.382798,531.073321,OCC,IND
999,vulsens_0999,CA,NY_COUNTY,RMS_KEY_FA_SFD_2000,357.88064,177.74441,FA_SFD,RC
1000,vulsens_1000,MN,IL_COUNTY,RMS_KEY_CC_COM_Masonry,439.324152,426.549617,CC,Wood
1001,vulsens_1001,MD,FL_COUNTY,RMS_KEY_OCC_SFD,577.887159,561.541479,YB,2010
1002,vulsens_1002,AL,MD_COUNTY,RMS_KEY_FA_COM_15000,297.13584,304.280105,CC,MH
1003,vulsens_1003,CO,IL_COUNTY,RMS_KEY_OCC_Unk,346.5426,190.814214,YB,1
1004,vulsens_1004,CO,IL_COUNTY,RMS_KEY_CC_COM_Wood,197.891054,410.213975,YB,Masonry
1005,vulsens_1005,AL,IL_COUNTY,RMS_KEY_FA_SFD_3000,532.781666,293.580748,FA_COM,Unk
1006,vulsens_1006,CO,AZ_COUNTY,RMS_KEY_FA_COM_15000,932.274346,207.268357,CC,Masonry
1007,vulsens_1007,CO,FL_COUNTY,RMS_KEY_FA_SFD_1000,444.966157,851.907556,FA_SFD,2005
1008,vulsens_1008,CO,MN_COUNTY,RMS_KEY_FA_SFD_7500,897.452688,283.663164,HT_SFD,1995
1009,vulsens_1009,CO,AZ_COUNTY,RMS_KEY_HT_COM_5,264.8212,255.308596,YB,RC
1010,vulsens_1010,FL,MD_COUNTY,RMS_KEY_OCC_Unk,708.37113,764.13428,CC_COM,Wood
1011,vulsens_1011,MN,IL_COUNTY,RMS_KEY_CC_COM_RC,403.486116,888.948455,CC,1995
1012,vulsens_1012,FL,NY_COUNTY,RMS_KEY_CC_MH,799.909636,563.841533,HT_COM,2005
1013,vulsens_1013,NY,AL_COUNTY,RMS_KEY_YB_2000,634.263205,515.295329,CC_COM,15
1014,vulsens_1014,CO,CA_COUNTY,RMS_KEY_OCC_MFD,817.850106,179.77166,YB_COM,2005
1015,vulsens_1015,TX,AL_COUNTY,RMS_KEY_HT_COM_3,334.537038,220.531314,YB,10000
1016,vulsens_1016,AL,IL_COUNTY,RMS_KEY_YB_2025,381.546228,355.658655,YB,1995
1017,vulsens_1017,CA,CA_COUNTY,RMS_KEY_CC_COM_LM,150.035427,459.040934,FA_SFD,RC
1018,vulsens_1018,AZ,IL_COUNTY,RMS_KEY_YB_<1995,503.874023,273.780049,HT_SFD,MH
1019,vulsens_1019,CA,CA_COUNTY,RMS_KEY_HT_SFD_1,200.947999,298.901253,FA_SFD,Wood
1020,vulsens_1020,CO,CA_COUNTY,RMS_KEY_CC_COM_RC,579.411828,225.057724,YB_COM,2000
1021,vulsens_1021,CO,AL_COUNTY,RMS_KEY_YB_2010,440.850218,736.412352,FA_COM,3
1022,vulsens_1022,MN,NY_COUNTY,RMS_KEY_HT_COM_1,219.052453,440.21248,HT_COM,5000
1023,vulsens_1023,FL,AZ_COUNTY,RMS_KEY_YB_COM_1995,341.040624,157.237616,FA_SFD,Steel
1024,vulsens_1024,MD,MN_COUNTY,RMS_KEY_CC_COM_Unk,975.395215,358.957597,CC_COM,2005
1025,vulsens_1025,IL,IL_COUNTY,RMS_KEY_FA_SFD_7500,1384.442187,170.341759,CC_COM,15000
1026,vulsens_1026,IL,CA_COUNTY,RMS_KEY_CC_COM_MH,684.350189,698.544376,CC_COM,COM
1027,vulsens_1027,AZ,CO_COUNTY,RMS_KEY_CC_COM_Wood,231.277509,553.611297,HT_SFD,Masonry
1028,vulsens_1028,MN,AL_COUNTY,RMS_KEY_FA_SFD_7500,319.495368,443.053453,FA_COM,2005
1029,vulsens_1029,IL,AZ_COUNTY,RMS_KEY_FA_COM_10000,576.378725,1893.308169,HT_COM,15
1030,vulsens_1030,CA,AL_COUNTY,RMS_KEY_HT_SFD_2,756.776248,90.081131,YB,1995
1031,vulsens_1031,MD,AZ_COUNTY,RMS_KEY_YB_Unk,1169.243329,772.774456,YB,<1995
1032,vulsens_1032,TX,NY_COUNTY,RMS_KEY_HT_SFD_2,457.130315,463.352883,CC_COM,RC
1033,vulsens_1033,NY,TX_COUNTY,RMS_KEY_CC_Wood,229.70046,298.143774,CC,2
1034,vulsens_1034,CO,CO_COUNTY,RMS_KEY_YB_2000,108.136509,293.550115,YB,MH
1035,vulsens_1035,AZ,TX_COUNTY,RMS_KEY_CC_COM_Auto,1007.269518,535.146223,CC,20000
1036,vulsens_1036,MD,MD_COUNTY,RMS_KEY_OCC_MFD,885.923263,179.758345,FA_SFD,<1995
1037,vulsens_1037,TX,AZ_COUNTY,RMS_KEY_CC_MH,608.81441,513.166347,FA_SFD,Unk
1038,vulsens_1038,AZ,NY_COUNTY,RMS_KEY_YB_2005,467.596515,732.825436,CC_COM,<1995
1039,vulsens_1039,AL,CO_COUNTY,RMS_KEY_YB_COM_2015,753.208888,623.692624,YB,2020
1040,vulsens_1040,CA,AL_COUNTY,RMS_KEY_CC_COM_Wood,1893.741972,386.504799,HT_SFD,Steel
1041,vulsens_1041,MN,TX_COUNTY,RMS_KEY_OCC_Unk,462.863941,207.387325,CC,Unk
1042,vulsens_1042,IL,CA_COUNTY,RMS_KEY_HT_COM_10,221.249751,377.595928,CC_COM,1995
1043,vulsens_1043,AZ,MD_COUNTY,RMS_KEY_FA_COM_5000,214.330949,942.148311,HT_SFD,Masonry
1044,vulsens_1044,CA,CA_COUNTY,RMS_KEY_FA_COM_30000,419.750915,129.200715,HT_COM,10
1045,vulsens_1045,IL,FL_COUNTY,RMS_KEY_HT_COM_3,531.730885,1108.36209,CC_COM,2005
1046,vulsens_1046,IL,AL_COUNTY,RMS_KEY_FA_COM_30000,250.000207,876.00449,CC,Steel
1047,vulsens_1047,IL,CA_COUNTY,RMS_KEY_YB_2025,412.752609,146.024895,YB,2015
1048,vulsens_1048,AL,IL_COUNTY,RMS_KEY_YB_COM_1995,518.92063,329.790973,HT_COM,Steel
1049,vulsens_1049,AZ,CO_COUNTY,RMS_KEY_YB_COM_<1995,660.4957,525.670795,HT_COM,1
1050,vulsens_1050,CO,NY_COUNTY,RMS_KEY_HT_COM_7,175.406226,286.241784,CC,3000
1051,vulsens_1051,IL,CO_COUNTY,RMS_KEY_YB_COM_<1995,317.246422,359.966012,FA_COM,2005
1052,vulsens_1052,IL,AZ_COUNTY,RMS_KEY_FA_SFD_2000,1014.811326,390.687352,FA_COM,<1995
1053,vulsens_1053,CA,CO_COUNTY,RMS_KEY_CC_LM,353.848775,307.195878,YB,1000
1054,vulsens_1054,MD,MD_COUNTY,RMS_KEY_HT_COM_Unk,806.27789,475.192335,FA_COM,2
1055,vulsens_1055,CA,MD_COUNTY,RMS_KEY_YB_1995,228.738336,524.043463,FA_SFD,Steel
1056,vulsens_1056,TX,MN_COUNTY,RMS_KEY_FA_COM_Unk,515.264846,1075.266299,CC_COM,IND
1057,vulsens_1057,CO,AL_COUNTY,RMS_KEY_YB_COM_1995,1118.366104,278.252461,YB,Unk
1058,vulsens_1058,MN,TX_COUNTY,RMS_KEY_CC_COM_RC,804.942204,361.203665,CC,2
1059,vulsens_1059,FL,CO_COUNTY,RMS_KEY_HT_COM_Unk,291.437596,348.605356,FA_COM,MH
1060,vulsens_1060,AZ,FL_COUNTY,RMS_KEY_HT_COM_3,219.399665,286.504854,CC,7500
1061,vulsens_1061,CO,AZ_COUNTY,RMS_KEY_CC_COM_Wood,409.934795,774.865755,YB,2010
1062,vulsens_1062,CO,MD_COUNTY,RMS_KEY_FA_COM_30000,207.662707,178.858365,YB_COM,LM
1063,vulsens_1063,AZ,NY_COUNTY,RMS_KEY_CC_COM_Steel,436.3727,378.142682,HT_COM,Masonry
1064,vulsens_1064,IL,AL_COUNTY,RMS_KEY_YB_COM_2020,1336.82521,329.082972,HT_COM,30000
1065,vulsens_1065,MD,MD_COUNTY,RMS_KEY_FA_SFD_2000,626.810961,540.341382,HT_COM,RC
1066,vulsens_1066,AL,MD_COUNTY,RMS_KEY_OCC_MFD,275.558932,859.756109,YB,20000
1067,vulsens_1067,AZ,FL_COUNTY,RMS_KEY_HT_COM_20,661.273689,391.43728,CC,2015
1068,vulsens_1068,IL,FL_COUNTY,RMS_KEY_YB_COM_2020,256.873238,637.450453,OCC,2015
1069,vulsens_1069,TX,MN_COUNTY,RMS_KEY_YB_Unk,452.545096,799.802088,FA_SFD,MFD
1070,vulsens_1070,TX,TX_COUNTY,RMS_KEY_YB_COM_2000,356.723388,504.123828,CC,Masonry
1071,vulsens_1071,FL,FL_COUNTY,RMS_KEY_CC_Auto,880.355311,377.029956,YB,Unk
1072,vulsens_1072,MN,CA_COUNTY,RMS_KEY_YB_2020,679.727434,390.068268,CC_COM,3
1073,vulsens_1073,FL,AL_COUNTY,RMS_KEY_YB_COM_<1995,439.906986,485.010677,CC_COM,1000
1074,vulsens_1074,TX,IL_COUNTY,RMS_KEY_OCC_IND,223.374821,521.471628,HT_COM,3000
1075,vulsens_1075,IL,AL_COUNTY,RMS_KEY_YB_2015,2065.188549,873.21876,CC,25000
1076,vulsens_1076,CO,TX_COUNTY,RMS_KEY_CC_LM,375.179516,281.362186,YB,7500
1077,vulsens_1077,CO,CA_COUNTY,RMS_KEY_CC_Unk,292.217887,311.577752,CC,10
1078,vulsens_1078,CA,CO_COUNTY,RMS_KEY_FA_COM_10000,273.476904,534.453587,CC,3
1079,vulsens_1079,CA,NY_COUNTY,RMS_KEY_YB_COM_<1995,616.413274,184.290609,CC,Unk
1080,vulsens_1080,MD,NY_COUNTY,RMS_KEY_YB_1995,406.049367,431.048653,YB_COM,<1995
1081,vulsens_1081,CA,CA_COUNTY,RMS_KEY_CC_COM_Auto,206.997357,364.865057,CC_COM,1
1082,vulsens_1082,MD,AL_COUNTY,RMS_KEY_YB_2015,219.396451,442.181789,FA_COM,Auto
1083,vulsens_1083,CO,MN_COUNTY,RMS_KEY_YB_COM_2025,863.127874,653.942035,HT_COM,Unk
1084,vulsens_1084,IL,FL_COUNTY,RMS_KEY_CC_Unk,444.599685,883.82599,YB_COM,1000
1085,vulsens_1085,AL,CA_COUNTY,RMS_KEY_YB_COM_2020,541.52564,326.095283,HT_SFD,2025
1086,vulsens_1086,FL,TX_COUNTY,RMS_KEY_HT_SFD_1,628.59545,441.791699,YB,2015
1087,vulsens_1087,TX,AZ_COUNTY,RMS_KEY_CC_RC,378.04694,193.709478,YB,2015
1088,vulsens_1088,MN,AL_COUNTY,RMS_KEY_OCC_COM,834.717979,334.334937,FA_SFD,MFD
1089,vulsens_1089,AL,CO_COUNTY,RMS_KEY_OCC_COM,364.421046,231.530602,YB,20
1090,vulsens_1090,CA,TX_COUNTY,RMS_KEY_YB_COM_2010,350.244858,190.461549,OCC,5000
1091,vulsens_1091,AL,MD_COUNTY,RMS_KEY_YB_2020,144.903938,556.262408,HT_SFD,2010
1092,vulsens_1092,CO,MD_COUNTY,RMS_KEY_CC_COM_Auto,839.57777,184.465711,CC_COM,2005
1093,vulsens_1093,NY,IL_COUNTY,RMS_KEY_OCC_IND,529.468903,604.015866,HT_COM,5000
1094,vulsens_1094,AL,NY_COUNTY,RMS_KEY_CC_COM_Masonry,467.680259,380.780895,HT_COM,<1995
1095,vulsens_1095,MD,TX_COUNTY,RMS_KEY_HT_COM_15,262.881636,494.894428,YB,MH
1096,vulsens_1096,MN,IL_COUNTY,RMS_KEY_YB_COM_<1995,852.899126,342.981698,CC,LM
1097,vulsens_1097,AL,TX_COUNTY,RMS_KEY_HT_COM_5,870.64293,335.548874,CC,15
1098,vulsens_1098,MN,CO_COUNTY,RMS_KEY_OCC_IND,1022.188434,1030.797247,CC_COM,30000
1099,vulsens_1099,AL,CO_COUNTY,RMS_KEY_FA_COM_30000,785.582575,317.617867,YB_COM,LM
1100,vulsens_1100,MN,MD_COUNTY,RMS_KEY_OCC_Unk,137.640675,536.368099,CC,<1995
1101,vulsens_1101,CA,MD_COUNTY,RMS_KEY_CC_Steel,937.279927,208.236767,CC,2020
1102,vulsens_1102,MD,TX_COUNTY,RMS_KEY_CC_COM_Wood,897.456128,255.907744,FA_COM,2020
1103,vulsens_1103,CA,MD_COUNTY,RMS_KEY_CC_COM_Masonry,1421.91133,376.443437,CC_COM,IND
1104,vulsens_1104,IL,NY_COUNTY,RMS_KEY_CC_COM_RC,352.028814,536.902114,CC_COM,20000
1105,vulsens_1105,AL,MD_COUNTY,RMS_KEY_FA_SFD_2000,577.904872,297.898832,YB,SFD
1106,vulsens_1106,TX,CO_COUNTY,RMS_KEY_CC_Steel,513.109786,298.81535,FA_SFD,Unk
1107,vulsens_1107,IL,IL_COUNTY,RMS_KEY_FA_COM_5000,436.424099,135.494376,HT_SFD,30000
1108,vulsens_1108,AZ,CA_COUNTY,RMS_KEY_CC_COM_Auto,561.235694,429.243128,CC,2015
1109,vulsens_1109,MD,TX_COUNTY,RMS_KEY_FA_SFD_3000,296.980743,270.062145,CC_COM,2025
1110,vulsens_1110,FL,CA_COUNTY,RMS_KEY_YB_COM_2025,370.250072,285.902532,FA_SFD,RC
1111,vulsens_1111,NY,CA_COUNTY,RMS_KEY_YB_COM_2025,469.315673,576.47861,CC,Unk
1112,vulsens_1112,IL,AL_COUNTY,RMS_KEY_FA_SFD_3000,670.97609,272.307814,CC_COM,1
1113,vulsens_1113,NY,CA_COUNTY,RMS_KEY_CC_COM_MH,258.907311,415.627213,YB_COM,2000
1114,vulsens_1114,MN,IL_COUNTY,RMS_KEY_FA_SFD_3000,221.775366,235.275783,YB,1
1115,vulsens_1115,NY,MN_COUNTY,RMS_KEY_CC_COM_Auto,315.519226,210.629803,YB,<1995
1116,vulsens_1116,MD,AZ_COUNTY,RMS_KEY_HT_SFD_2,224.003034,774.406725,HT_SFD,SFD
1117,vulsens_1117,AL,MD_COUNTY,RMS_KEY_CC_RC,712.705427,333.105856,HT_COM,Masonry
1118,vulsens_1118,FL,FL_COUNTY,RMS_KEY_FA_SFD_2000,515.321528,654.726475,YB,5000
1119,vulsens_1119,TX,AL_COUNTY,RMS_KEY_FA_COM_30000,1447.882171,377.437062,CC,RC
1120,vulsens_1120,FL,FL_COUNTY,RMS_KEY_HT_COM_1,548.971238,601.087838,HT_COM,20
1121,vulsens_1121,AZ,TX_COUNTY,RMS_KEY_CC_LM,491.477014,632.477028,CC,Unk
1122,vulsens_1122,TX,CA_COUNTY,RMS_KEY_CC_RC,382.402451,747.079692,YB,Steel
1123,vulsens_1123,AZ,CA_COUNTY,RMS_KEY_HT_COM_3,417.278717,189.173751,YB,10000
1124,vulsens_1124,AZ,IL_COUNTY,RMS_KEY_FA_COM_15000,157.332653,511.333355,CC_COM,Unk
1125,vulsens_1125,TX,MN_COUNTY,RMS_KEY_CC_COM_RC,291.004819,821.801873,FA_SFD,5000
1126,vulsens_1126,FL,MN_COUNTY,RMS_KEY_OCC_SFD,194.22652,387.377113,CC_COM,3
1127,vulsens_1127,AL,NY_COUNTY,RMS_KEY_CC_Steel,241.244854,183.999018,YB,Unk
1128,vulsens_1128,TX,NY_COUNTY,RMS_KEY_YB_<1995,165.337651,328.225994,HT_COM,Wood
1129,vulsens_1129,FL,IL_COUNTY,RMS_KEY_FA_COM_5000,999.473739,232.964164,YB_COM,2010
1130,vulsens_1130,AZ,IL_COUNTY,RMS_KEY_HT_COM_10,503.19118,503.250061,CC,LM
1131,vulsens_1131,AL,MN_COUNTY,RMS_KEY_CC_Steel,496.161094,258.974221,CC_COM,2000
1132,vulsens_1132,NY,NY_COUNTY,RMS_KEY_CC_COM_Wood,708.950219,248.324839,HT_COM,30000
1133,vulsens_1133,NY,NY_COUNTY,RMS_KEY_FA_COM_30000,879.101927,248.797784,FA_SFD,5
1134,vulsens_1134,MN,FL_COUNTY,RMS_KEY_YB_COM_<1995,1045.200781,305.28776,CC_COM,Unk
1135,vulsens_1135,MD,IL_COUNTY,RMS_KEY_CC_COM_LM,181.102695,566.067418,FA_COM,MH
1136,vulsens_1136,AZ,IL_COUNTY,RMS_KEY_YB_COM_Unk,261.673105,423.518286,YB,Masonry
1137,vulsens_1137,CO,TX_COUNTY,RMS_KEY_FA_COM_Unk,419.604182,454.704626,YB,5000
1138,vulsens_1138,AL,IL_COUNTY,RMS_KEY_FA_SFD_2000,1029.727599,466.677898,YB_COM,2005
1139,vulsens_1139,AL,FL_COUNTY,RMS_KEY_FA_SFD_Unk,570.40902,234.769007,FA_COM,25000
1140,vulsens_1140,CA,NY_COUNTY,RMS_KEY_HT_SFD_Unk,320.67796,670.274908,OCC,5
1141,vulsens_1141,MN,NY_COUNTY,RMS_KEY_CC_MH,480.7302,383.624864,HT_COM,LM
1142,vulsens_1142,MD,AL_COUNTY,RMS_KEY_FA_COM_30000,521.438698,501.941027,YB,Auto
1143,vulsens_1143,MN,FL_COUNTY,RMS_KEY_HT_COM_1,293.874656,316.210029,CC_COM,Unk
1144,vulsens_1144,TX,NY_COUNTY,RMS_KEY_YB_COM_2000,155.655284,175.964137,CC_COM,2025
1145,vulsens_1145,NY,CA_COUNTY,RMS_KEY_HT_SFD_2,265.411245,454.123866,OCC,3000
1146,vulsens_1146,MN,MD_COUNTY,RMS_KEY_HT_COM_15,1502.798895,193.055195,YB,Masonry
1147,vulsens_1147,FL,MN_COUNTY,RMS_KEY_CC_Steel,628.773195,534.062456,CC,5000
1148,vulsens_1148,MD,AZ_COUNTY,RMS_KEY_OCC_SFD,210.138095,743.216612,HT_COM,IND
1149,vulsens_1149,AL,FL_COUNTY,RMS_KEY_FA_COM_10000,549.696259,898.171774,OCC,Unk
1150,vulsens_1150,CA,CA_COUNTY,RMS_KEY_YB_COM_2025,400.279441,839.139892,FA_SFD,2
1151,vulsens_1151,TX,IL_COUNTY,RMS_KEY_CC_COM_Wood,275.320783,521.38193,YB,Unk
1152,vulsens_1152,CA,AZ_COUNTY,RMS_KEY_YB_COM_2015,226.662079,247.704814,CC,Unk
1153,vulsens_1153,NY,CA_COUNTY,RMS_KEY_FA_COM_5000,150.229009,706.600064,HT_COM,<1995
1154,vulsens_1154,MN,MD_COUNTY,RMS_KEY_FA_SFD_7500,559.682399,660.659296,YB_COM,COM
1155,vulsens_1155,NY,MD_COUNTY,RMS_KEY_YB_2015,456.805099,544.648023,CC_COM,MFD
1156,vulsens_1156,TX,NY_COUNTY,RMS_KEY_FA_SFD_5000,505.240483,93.823605,YB_COM,1
1157,vulsens_1157,MN,TX_COUNTY,RMS_KEY_HT_COM_5,581.022336,145.642354,CC_COM,2020
1158,vulsens_1158,IL,TX_COUNTY,RMS_KEY_FA_COM_20000,429.251205,199.05148,CC_COM,2020
1159,vulsens_1159,IL,NY_COUNTY,RMS_KEY_FA_COM_20000,543.237841,768.17786,HT_SFD,Auto
1160,vulsens_1160,CO,AZ_COUNTY,RMS_KEY_FA_SFD_5000,366.45525,206.839849,CC_COM,<1995
1161,vulsens_1161,CO,AZ_COUNTY,RMS_KEY_HT_COM_5,963.399235,812.421369,FA_SFD,Unk
1162,vulsens_1162,AL,CO_COUNTY,RMS_KEY_YB_COM_2015,541.447633,178.89506,CC,Wood
1163,vulsens_1163,IL,TX_COUNTY,RMS_KEY_HT_COM_5,930.51247,272.851563,CC_COM,30000
1164,vulsens_1164,CO,CO_COUNTY,RMS_KEY_YB_2005,396.185683,321.053706,FA_COM,Wood
1165,vulsens_1165,CO,TX_COUNTY,RMS_KEY_FA_COM_30000,714.438807,287.557134,CC_COM,Wood
1166,vulsens_1166,CA,MD_COUNTY,RMS_KEY_FA_COM_20000,363.335016,793.133685,FA_COM,Auto
1167,vulsens_1167,CO,MN_COUNTY,RMS_KEY_FA_SFD_5000,393.386006,339.363755,OCC,Wood
1168,vulsens_1168,AZ,AL_COUNTY,RMS_KEY_CC_Steel,569.265889,201.012211,FA_SFD,5
1169,vulsens_1169,NY,CA_COUNTY,RMS_KEY_OCC_SFD,834.738294,219.719304,YB,2015
1170,vulsens_1170,AL,FL_COUNTY,RMS_KEY_HT_COM_1,485.862109,78.631278,CC_COM,5000
1171,vulsens_1171,NY,IL_COUNTY,RMS_KEY_CC_COM_LM,506.608762,551.800733,YB,Wood
1172,vulsens_1172,NY,AL_COUNTY,RMS_KEY_FA_SFD_3000,1046.948073,773.633267,HT_SFD,20
1173,vulsens_1173,AZ,IL_COUNTY,RMS_KEY_YB_COM_2020,805.083591,430.176228,YB_COM,1995
1174,vulsens_1174,CO,CO_COUNTY,RMS_KEY_CC_COM_LM,229.36336,793.019543,CC_COM,Wood
1175,vulsens_1175,AL,MN_COUNTY,RMS_KEY_OCC_MFD,412.701268,247.214714,HT_COM,2010
1176,vulsens_1176,CO,CA_COUNTY,RMS_KEY_YB_2010,662.168315,832.102993,CC_COM,7500
1177,vulsens_1177,MN,CO_COUNTY,RMS_KEY_FA_COM_15000,448.983199,514.807647,HT_COM,30000
1178,vulsens_1178,AL,NY_COUNTY,RMS_KEY_YB_COM_2005,350.479796,549.465973,YB,MH
1179,vulsens_1179,FL,NY_COUNTY,RMS_KEY_OCC_COM,496.264558,714.499603,CC,5000
1180,vulsens_1180,FL,MD_COUNTY,RMS_KEY_HT_COM_15,995.839463,398.432201,HT_SFD,2015
1181,vulsens_1181,CA,FL_COUNTY,RMS_KEY_CC_COM_Unk,247.408648,372.024788,CC,3000
1182,vulsens_1182,AZ,NY_COUNTY,RMS_KEY_CC_Masonry,581.104918,275.666493,HT_COM,Unk
1183,vulsens_1183,IL,CO_COUNTY,RMS_KEY_YB_<1995,1039.604793,811.002757,FA_COM,Auto
1184,vulsens_1184,FL,IL_COUNTY,RMS_KEY_HT_SFD_Unk,636.975674,1036.624944,CC_COM,1995
1185,vulsens_1185,AZ,MD_COUNTY,RMS_KEY_YB_2025,311.103466,441.166944,FA_COM,Unk
1186,vulsens_1186,MN,MN_COUNTY,RMS_KEY_CC_COM_MH,606.287003,334.820631,YB,1
1187,vulsens_1187,AL,CA_COUNTY,RMS_KEY_YB_COM_1995,453.051305,798.004733,FA_SFD,RC
1188,vulsens_1188,IL,FL_COUNTY,RMS_KEY_YB_COM_1995,1301.537714,214.220047,CC,5000
1189,vulsens_1189,FL,AL_COUNTY,RMS_KEY_HT_COM_5,694.409468,483.088199,CC_COM,Unk
1190,vulsens_1190,NY,TX_COUNTY,RMS_KEY_CC_COM_Wood,255.202424,191.178338,HT_COM,COM
1191,vulsens_1191,NY,AZ_COUNTY,RMS_KEY_OCC_COM,356.501268,154.485908,CC,2000
1192,vulsens_1192,TX,MN_COUNTY,RMS_KEY_YB_2005,644.69127,226.404238,FA_SFD,MH
1193,vulsens_1193,MD,AZ_COUNTY,RMS_KEY_CC_LM,519.355087,315.022298,CC,Unk
1194,vulsens_1194,MD,CA_COUNTY,RMS_KEY_HT_COM_20,234.765484,130.89449,OCC,Unk
1195,vulsens_1195,FL,TX_COUNTY,RMS_KEY_FA_COM_30000,177.846195,785.585478,CC,RC
1196,vulsens_1196,IL,FL_COUNTY,RMS_KEY_CC_COM_Unk,761.979317,764.355522,YB,1995
1197,vulsens_1197,NY,NY_COUNTY,RMS_KEY_HT_COM_3,241.115621,226.423737,YB,Unk
1198,vulsens_1198,CO,TX_COUNTY,RMS_KEY_FA_SFD_3000,299.500045,240.637983,HT_COM,30000
1199,vulsens_1199,TX,NY_COUNTY,RMS_KEY_CC_COM_Wood,363.033409,381.064563,YB,2
1200,vulsens_1200,MD,CO_COUNTY,RMS_KEY_CC_LM,770.458898,787.797029,FA_SFD,<1995
1201,vulsens_1201,IL,MD_COUNTY,RMS_KEY_YB_COM_2015,576.089822,335.01635,YB_COM,2010
1202,vulsens_1202,CO,TX_COUNTY,RMS_KEY_HT_COM_1,380.759315,201.639003,FA_SFD,1995
1203,vulsens_1203,TX,AL_COUNTY,RMS_KEY_YB_COM_2020,223.581076,750.598331,YB,1995
1204,vulsens_1204,IL,MN_COUNTY,RMS_KEY_HT_COM_7,199.676331,193.769134,HT_COM,RC
1205,vulsens_1205,MN,NY_COUNTY,RMS_KEY_FA_SFD_3000,927.338798,1160.954109,YB_COM,Steel
1206,vulsens_1206,FL,CA_COUNTY,RMS_KEY_CC_LM,421.955699,379.7322,FA_SFD,5000
1207,vulsens_1207,IL,MN_COUNTY,RMS_KEY_CC_Steel,327.766072,339.296008,YB_COM,2020
1208,vulsens_1208,FL,AL_COUNTY,RMS_KEY_YB_COM_2020,650.339559,515.485046,CC_COM,Unk
1209,vulsens_1209,MD,NY_COUNTY,RMS_KEY_CC_COM_Auto,1285.229724,413.727035,YB,15000
1210,vulsens_1210,CA,IL_COUNTY,RMS_KEY_CC_COM_Auto,285.665117,271.404074,CC_COM,Unk
1211,vulsens_1211,NY,AL_COUNTY,RMS_KEY_YB_<1995,463.295606,215.909639,OCC,10000
1212,vulsens_1212,IL,AL_COUNTY,RMS_KEY_CC_Wood,209.43658,540.050803,FA_SFD,Masonry
1213,vulsens_1213,AZ,FL_COUNTY,RMS_KEY_CC_Masonry,301.796936,241.08034,HT_COM,COM
1214,vulsens_1214,AL,MD_COUNTY,RMS_KEY_YB_COM_2025,171.587957,245.755882,FA_SFD,RC
1215,vulsens_1215,CA,AL_COUNTY,RMS_KEY_FA_SFD_3000,252.818355,220.954252,CC,Masonry
1216,vulsens_1216,MN,TX_COUNTY,RMS_KEY_YB_COM_2015,619.991788,264.974064,OCC,2000
1217,vulsens_1217,CO,CA_COUNTY,RMS_KEY_CC_Steel,249.751967,814.642141,FA_SFD,MH
1218,vulsens_1218,MD,AZ_COUNTY,RMS_KEY_YB_COM_2015,697.920007,414.665251,CC,SFD
1219,vulsens_1219,IL,CO_COUNTY,RMS_KEY_YB_COM_2020,231.498723,825.871093,FA_SFD,SFD
1220,vulsens_1220,AL,AL_COUNTY,RMS_KEY_YB_2020,392.632811,172.105985,FA_SFD,30000
1221,vulsens_1221,FL,NY_COUNTY,RMS_KEY_YB_COM_2020,288.389312,525.22853,YB_COM,MH
1222,vulsens_1222,CO,MD_COUNTY,RMS_KEY_YB_COM_2010,847.638599,130.081332,FA_COM,Unk
1223,vulsens_1223,MD,FL_COUNTY,RMS_KEY_YB_COM_2020,326.087411,251.281121,YB,2025
1224,vulsens_1224,IL,IL_COUNTY,RMS_KEY_CC_COM_Auto,222.804126,876.675821,FA_COM,7
1225,vulsens_1225,NY,TX_COUNTY,RMS_KEY_YB_COM_2020,845.651788,188.467883,YB,3000
1226,vulsens_1226,FL,IL_COUNTY,RMS_KEY_OCC_Unk,254.606397,845.385285,HT_COM,5000
1227,vulsens_1227,AL,FL_COUNTY,RMS_KEY_HT_COM_1,470.173376,132.348969,FA_SFD,MH
1228,vulsens_1228,NY,AZ_COUNTY,RMS_KEY_CC_Auto,295.666732,452.39915,YB_COM,15
1229,vulsens_1229,CO,NY_COUNTY,RMS_KEY_HT_COM_20,993.317578,249.361566,HT_SFD,RC
1230,vulsens_1230,CA,AL_COUNTY,RMS_KEY_CC_COM_Wood,813.408514,248.164559,CC,Unk
1231,vulsens_1231,AL,AZ_COUNTY,RMS_KEY_HT_COM_7,489.967785,437.39319,HT_SFD,1995
1232,vulsens_1232,IL,CO_COUNTY,RMS_KEY_YB_COM_2025,551.053118,324.016989,FA_COM,20
1233,vulsens_1233,AL,TX_COUNTY,RMS_KEY_HT_COM_7,235.165948,332.373196,YB_COM,25000
1234,vulsens_1234,IL,AZ_COUNTY,RMS_KEY_FA_SFD_7500,634.57248,555.390163,HT_SFD,COM
1235,vulsens_1235,IL,AL_COUNTY,RMS_KEY_FA_COM_20000,595.244356,374.445645,CC,15000
1236,vulsens_1236,AL,CO_COUNTY,RMS_KEY_CC_COM_LM,669.390234,465.024922,CC,Unk
1237,vulsens_1237,CO,CO_COUNTY,RMS_KEY_YB_COM_2015,457.328053,370.56514,FA_COM,Auto
1238,vulsens_1238,CA,MN_COUNTY,RMS_KEY_FA_COM_5000,483.33683,144.098603,YB_COM,2
1239,vulsens_1239,FL,MD_COUNTY,RMS_KEY_CC_COM_RC,816.7409,390.955042,HT_SFD,2005
1240,vulsens_1240,CA,CO_COUNTY,RMS_KEY_CC_COM_Auto,902.537423,889.793278,YB,5000
1241,vulsens_1241,FL,NY_COUNTY,RMS_KEY_CC_Masonry,194.005501,424.74768,YB_COM,Unk
1242,vulsens_1242,NY,AL_COUNTY,RMS_KEY_FA_SFD_2000,404.429612,234.366584,HT_COM,25000
1243,vulsens_1243,TX,AZ_COUNTY,RMS_KEY_YB_2020,480.9253,247.414505,YB,2025
1244,vulsens_1244,MN,FL_COUNTY,RMS_KEY_CC_Masonry,184.052232,300.83166,OCC,Steel
1245,vulsens_1245,TX,CA_COUNTY,RMS_KEY_HT_COM_20,516.631987,367.753471,OCC,MH
1246,vulsens_1246,FL,AZ_COUNTY,RMS_KEY_YB_2000,237.091234,286.494105,FA_COM,<1995
1247,vulsens_1247,AL,MD_COUNTY,RMS_KEY_FA_SFD_1000,505.506044,121.506985,FA_SFD,Masonry
1248,vulsens_1248,MD,AL_COUNTY,RMS_KEY_HT_COM_10,1040.153883,794.992882,HT_COM,MH
1249,vulsens_1249,MN,MN_COUNTY,RMS_KEY_FA_COM_20000,928.029119,717.953701,HT_COM,LM
1250,vulsens_1250,IL,NY_COUNTY,RMS_KEY_YB_COM_2020,502.195457,236.810587,YB,10
1251,vulsens_1251,MD,TX_COUNTY,RMS_KEY_CC_LM,338.59706,315.827087,YB,2020
1252,vulsens_1252,AZ,MD_COUNTY,RMS_KEY_CC_COM_Masonry,222.555913,354.115905,YB_COM,30000
1253,vulsens_1253,MN,AZ_COUNTY,RMS_KEY_YB_COM_Unk,982.803402,431.577199,FA_COM,2005
1254,vulsens_1254,MN,CO_COUNTY,RMS_KEY_CC_COM_Wood,918.718016,412.792961,YB,15
1255,vulsens_1255,AL,AL_COUNTY,RMS_KEY_CC_MH,306.163916,368.638527,FA_SFD,2000
1256,vulsens_1256,IL,MN_COUNTY,RMS_KEY_HT_COM_20,688.622404,790.585341,CC,5
1257,vulsens_1257,MN,AL_COUNTY,RMS_KEY_YB_COM_Unk,1533.296725,515.908489,CC_COM,1995
1258,vulsens_1258,CA,FL_COUNTY,RMS_KEY_HT_COM_Unk,413.28167,362.234769,YB_COM,Auto
1259,vulsens_1259,IL,AL_COUNTY,RMS_KEY_CC_COM_Unk,774.574047,189.929608,YB,5
1260,vulsens_1260,CA,FL_COUNTY,RMS_KEY_CC_COM_RC,600.399952,711.254444,HT_COM,Unk
