LocationID,LocationName,State,County,CC_OCC_HT_YT_FA,v13,v12,Classification,Description,Region
1,vulsens_0001,CA,IL_County,AIR_KEY_CC_MH,963.539348,866.149627,OCC,Unk,Mid Atlantic
2,vulsens_0002,NY,TX_County,AIR_KEY_FA_SFD_5000,374.617294,311.757028,HT_COM,2000,Southeast
3,vulsens_0003,AL,AZ_County,AIR_KEY_HT_COM_7,270.227057,172.037031,OCC,7,Florida
4,vulsens_0004,MD,NY_County,AIR_KEY_CC_RC,688.08884,256.597279,CC_COM,3,Southern Great Plains
5,vulsens_0005,CO,AL_County,AIR_KEY_HT_SFD_Unk,346.242037,472.354467,HT_SFD,Steel,West
6,vulsens_0006,MD,MN_County,AIR_KEY_CC_COM_Unk,288.677138,201.212894,CC,1000,Southern Great Plains
7,vulsens_0007,AL,CO_County,AIR_KEY_FA_COM_Unk,368.0296,491.626376,YB,Unk,Mid Atlantic
8,vulsens_0008,AZ,MN_County,AIR_KEY_HT_COM_10,296.067905,383.945727,CC,Masonry,Northern Great Plains
9,vulsens_0009,NY,FL_County,AIR_KEY_FA_SFD_Unk,558.697625,505.221412,FA_COM,30000,West
10,vulsens_0010,NY,CO_County,AIR_KEY_CC_COM_Masonry,305.866372,677.143734,HT_COM,15000,West
11,vulsens_0011,NY,CA_County,AIR_KEY_CC_RC,511.904287,598.32478,OCC,LM,Southeast
12,vulsens_0012,CO,AL_County,AIR_KEY_CC_COM_Masonry,385.460557,903.332899,CC_COM,Auto,Southern Great Plains
13,vulsens_0013,MD,MN_County,AIR_KEY_OCC_COM,327.157311,230.106386,FA_COM,Wood,Southeast
14,vulsens_0014,MN,MN_County,AIR_KEY_YB_2000,946.00171,259.057608,YB,15,Midwest
15,vulsens_0015,CA,FL_County,AIR_KEY_CC_RC,315.186248,504.066028,YB,<1995,West
16,vulsens_0016,CA,MD_County,AIR_KEY_YB_2000,188.679989,220.510291,HT_COM,3000,Southern Great Plains
17,vulsens_0017,AL,AL_County,AIR_KEY_CC_COM_Wood,793.629237,478.382795,FA_SFD,Auto,West
18,vulsens_0018,AL,NY_County,AIR_KEY_OCC_SFD,1238.406734,456.674934,OCC,Steel,West
19,vulsens_0019,IL,AZ_County,AIR_KEY_CC_COM_Unk,398.690238,1059.652675,HT_COM,MH,Northeast
20,vulsens_0020,AL,MN_County,AIR_KEY_CC_COM_Masonry,741.064982,272.301168,FA_COM,Steel,Mid Atlantic
21,vulsens_0021,FL,CO_County,AIR_KEY_HT_COM_Unk,501.301444,200.439691,CC_COM,1,Mid Atlantic
22,vulsens_0022,AL,CA_County,AIR_KEY_CC_COM_Steel,439.281653,646.409593,HT_COM,Unk,Southern Great Plains
23,vulsens_0023,TX,AL_County,AIR_KEY_FA_SFD_3000,247.843039,455.567747,OCC,Steel,West
24,vulsens_0024,AZ,AZ_County,AIR_KEY_YB_2005,407.312277,466.328686,HT_COM,2000,Northeast
25,vulsens_0025,NY,CA_County,AIR_KEY_CC_COM_Auto,858.761336,722.746387,FA_COM,20,Florida
26,vulsens_0026,NY,CA_County,AIR_KEY_FA_SFD_2000,844.362102,1115.439358,CC_COM,Unk,Southern Great Plains
27,vulsens_0027,MN,TX_County,AIR_KEY_OCC_COM,776.403552,255.722749,CC,2,Northern Great Plains
28,vulsens_0028,TX,NY_County,AIR_KEY_HT_COM_5,479.207328,263.817005,HT_COM,7,Southern Great Plains
29,vulsens_0029,CO,IL_County,AIR_KEY_HT_COM_20,491.175379,643.778208,YB_COM,Auto,Midwest
30,vulsens_0030,CO,AZ_County,AIR_KEY_FA_SFD_7500,385.505825,156.198144,FA_COM,Masonry,West
31,vulsens_0031,AL,TX_County,AIR_KEY_YB_COM_2005,517.93649,145.202187,FA_SFD,RC,West
32,vulsens_0032,CA,MD_County,AIR_KEY_CC_COM_Auto,630.639287,404.832598,YB_COM,<1995,Florida
33,vulsens_0033,AL,CO_County,AIR_KEY_FA_SFD_2000,448.670661,573.044522,CC,2015,Mid Atlantic
34,vulsens_0034,TX,AL_County,AIR_KEY_CC_COM_Unk,585.871733,430.434473,OCC,Steel,Florida
35,vulsens_0035,CA,CA_County,AIR_KEY_OCC_COM,386.619059,294.429238,CC_COM,Unk,Northern Great Plains
36,vulsens_0036,MD,AL_County,AIR_KEY_YB_2000,818.968033,516.584414,OCC,<1995,Mid Atlantic
37,vulsens_0037,CA,MD_County,AIR_KEY_FA_SFD_7500,525.740094,183.893588,YB,COM,West
38,vulsens_0038,NY,AZ_County,AIR_KEY_CC_MH,317.281127,188.481775,YB_COM,Unk,West
39,vulsens_0039,CO,CA_County,AIR_KEY_FA_SFD_5000,500.840869,365.251008,FA_COM,2010,West
40,vulsens_0040,NY,TX_County,AIR_KEY_HT_SFD_1,671.321841,132.43536,HT_COM,Steel,Florida
41,vulsens_0041,TX,IL_County,AIR_KEY_YB_COM_<1995,517.900174,376.746876,CC_COM,1995,Florida
42,vulsens_0042,TX,AL_County,AIR_KEY_HT_COM_1,147.387386,407.561752,YB_COM,Unk,Northeast
43,vulsens_0043,MD,CA_County,AIR_KEY_HT_SFD_2,663.769812,576.106299,YB_COM,5,Northeast
44,vulsens_0044,AL,MN_County,AIR_KEY_HT_COM_7,331.531165,824.20883,FA_COM,IND,Florida
45,vulsens_0045,CA,CO_County,AIR_KEY_HT_COM_15,314.01341,466.271373,OCC,Wood,Florida
46,vulsens_0046,IL,CO_County,AIR_KEY_HT_SFD_Unk,353.629631,698.675727,FA_COM,<1995,Southern Great Plains
47,vulsens_0047,MN,IL_County,AIR_KEY_CC_Unk,149.491834,802.393406,FA_COM,1995,Northeast
48,vulsens_0048,NY,TX_County,AIR_KEY_YB_COM_<1995,639.450775,566.698438,FA_COM,LM,Midwest
49,vulsens_0049,NY,CA_County,AIR_KEY_HT_SFD_2,319.926651,172.812727,CC,1995,Southern Great Plains
50,vulsens_0050,NY,CA_County,AIR_KEY_HT_COM_10,313.509326,458.578776,CC,MH,Southern Great Plains
51,vulsens_0051,MN,FL_County,AIR_KEY_FA_COM_25000,434.70892,312.819258,HT_SFD,2000,Southern Great Plains
52,vulsens_0052,NY,CA_County,AIR_KEY_CC_LM,412.54613,787.565441,FA_COM,Masonry,West
53,vulsens_0053,TX,CO_County,AIR_KEY_FA_COM_30000,1159.549309,273.583004,CC,20,Southern Great Plains
54,vulsens_0054,MD,MD_County,AIR_KEY_FA_SFD_3000,638.187734,530.668427,HT_COM,20,Mid Atlantic
55,vulsens_0055,CA,NY_County,AIR_KEY_FA_SFD_1000,110.583375,294.280838,YB_COM,IND,West
56,vulsens_0056,CO,CA_County,AIR_KEY_OCC_Unk,292.970473,385.771593,YB_COM,15000,West
57,vulsens_0057,CO,FL_County,AIR_KEY_FA_SFD_5000,460.251898,394.088911,CC,SFD,Mid Atlantic
58,vulsens_0058,TX,NY_County,AIR_KEY_OCC_IND,695.953136,767.223965,YB_COM,5000,Southeast
59,vulsens_0059,CO,NY_County,AIR_KEY_OCC_SFD,379.677085,685.900582,YB_COM,MH,Southern Great Plains
60,vulsens_0060,IL,CO_County,AIR_KEY_YB_COM_2020,779.521386,258.707453,CC_COM,5000,Northeast
61,vulsens_0061,MN,TX_County,AIR_KEY_YB_COM_2005,367.211409,450.139099,CC_COM,Steel,Southeast
62,vulsens_0062,IL,FL_County,AIR_KEY_YB_COM_2015,727.592484,629.673166,YB,Wood,Mid Atlantic
63,vulsens_0063,MD,MD_County,AIR_KEY_YB_2005,853.686302,516.757737,FA_SFD,Unk,West
64,vulsens_0064,MN,CO_County,AIR_KEY_HT_SFD_Unk,1741.133606,194.156763,CC_COM,2015,Florida
65,vulsens_0065,MD,AL_County,AIR_KEY_CC_Wood,656.898523,746.056254,YB,20000,Midwest
66,vulsens_0066,MD,CA_County,AIR_KEY_FA_COM_Unk,738.547682,327.080879,HT_COM,<1995,Northern Great Plains
67,vulsens_0067,MD,CO_County,AIR_KEY_CC_RC,740.897298,498.432224,CC_COM,10,West
68,vulsens_0068,MD,NY_County,AIR_KEY_CC_Masonry,554.231588,296.628957,CC,Auto,West
69,vulsens_0069,FL,TX_County,AIR_KEY_FA_SFD_3000,509.400749,232.351696,FA_SFD,5000,Southern Great Plains
70,vulsens_0070,MN,FL_County,AIR_KEY_FA_SFD_3000,409.610183,527.975674,YB_COM,Auto,Southeast
71,vulsens_0071,NY,FL_County,AIR_KEY_CC_RC,1199.502854,1479.517803,FA_SFD,Unk,Southeast
72,vulsens_0072,AL,MD_County,AIR_KEY_YB_2010,508.391632,292.399333,HT_SFD,LM,Northern Great Plains
73,vulsens_0073,NY,IL_County,AIR_KEY_FA_COM_25000,298.052742,484.306596,HT_COM,Masonry,Florida
74,vulsens_0074,FL,CA_County,AIR_KEY_CC_Wood,420.472468,339.546326,CC_COM,SFD,West
75,vulsens_0075,AL,MD_County,AIR_KEY_FA_SFD_2000,576.782993,316.445482,CC_COM,Unk,Southeast
76,vulsens_0076,CO,MN_County,AIR_KEY_CC_COM_Steel,369.436863,235.445716,FA_COM,LM,Southern Great Plains
77,vulsens_0077,NY,AZ_County,AIR_KEY_CC_RC,613.844721,348.519652,HT_SFD,Unk,West
78,vulsens_0078,AZ,TX_County,AIR_KEY_CC_Steel,227.874315,567.281717,YB,<1995,Northern Great Plains
79,vulsens_0079,IL,AZ_County,AIR_KEY_YB_COM_2020,812.86722,715.873542,HT_COM,2000,Mid Atlantic
80,vulsens_0080,TX,AZ_County,AIR_KEY_CC_COM_Auto,500.275468,478.084877,YB_COM,20000,Southern Great Plains
81,vulsens_0081,CO,AL_County,AIR_KEY_FA_COM_20000,263.854974,519.809294,FA_COM,15,West
82,vulsens_0082,TX,MN_County,AIR_KEY_YB_COM_2005,551.689674,286.819964,HT_COM,1,West
83,vulsens_0083,MD,FL_County,AIR_KEY_YB_2000,207.3551,211.528171,YB,3000,Northern Great Plains
84,vulsens_0084,NY,CA_County,AIR_KEY_OCC_SFD,404.456282,856.480728,YB,15000,Southern Great Plains
85,vulsens_0085,MD,FL_County,AIR_KEY_CC_Steel,468.996473,367.120764,HT_COM,5,Northeast
86,vulsens_0086,NY,MN_County,AIR_KEY_YB_COM_<1995,361.740181,548.441583,CC_COM,7,West
87,vulsens_0087,NY,TX_County,AIR_KEY_YB_COM_2000,866.92477,189.949726,HT_COM,LM,Northern Great Plains
88,vulsens_0088,CO,AZ_County,AIR_KEY_FA_SFD_2000,604.839775,814.93465,CC,Unk,Midwest
89,vulsens_0089,MN,CO_County,AIR_KEY_HT_COM_5,572.380902,382.836287,YB_COM,5,Southern Great Plains
90,vulsens_0090,MD,AL_County,AIR_KEY_CC_COM_LM,737.299472,415.570544,CC_COM,5,West
91,vulsens_0091,MN,AZ_County,AIR_KEY_HT_SFD_2,333.863079,242.38888,FA_COM,Masonry,Southeast
92,vulsens_0092,AL,AZ_County,AIR_KEY_FA_SFD_5000,243.679195,506.265992,FA_SFD,RC,Mid Atlantic
93,vulsens_0093,TX,MN_County,AIR_KEY_CC_LM,405.124568,104.289396,HT_COM,15,West
94,vulsens_0094,FL,IL_County,AIR_KEY_CC_COM_Steel,347.790165,176.087379,CC,2005,Florida
95,vulsens_0095,MD,CA_County,AIR_KEY_YB_COM_<1995,871.021986,491.383431,FA_COM,2000,Midwest
96,vulsens_0096,NY,FL_County,AIR_KEY_CC_Steel,96.426809,388.045655,YB,Masonry,Mid Atlantic
97,vulsens_0097,MN,TX_County,AIR_KEY_OCC_IND,672.485392,165.15519,FA_COM,3,Mid Atlantic
98,vulsens_0098,AZ,FL_County,AIR_KEY_FA_SFD_1000,864.86652,486.421757,CC,LM,Northeast
99,vulsens_0099,IL,NY_County,AIR_KEY_HT_SFD_1,876.699927,233.961253,HT_COM,Wood,Southern Great Plains
100,vulsens_0100,MN,MN_County,AIR_KEY_YB_2025,527.213295,187.352515,OCC,2020,Mid Atlantic
101,vulsens_0101,CA,TX_County,AIR_KEY_HT_COM_20,351.229843,305.122851,CC_COM,Unk,Northern Great Plains
102,vulsens_0102,NY,IL_County,AIR_KEY_CC_COM_MH,314.735919,315.988206,CC_COM,7500,Mid Atlantic
103,vulsens_0103,CA,CO_County,AIR_KEY_CC_Unk,613.204016,452.547136,FA_COM,IND,Southern Great Plains
104,vulsens_0104,CO,NY_County,AIR_KEY_CC_COM_MH,296.146917,374.409514,FA_SFD,2005,Northern Great Plains
105,vulsens_0105,FL,TX_County,AIR_KEY_YB_COM_1995,655.570339,218.004866,CC_COM,5,Northeast
106,vulsens_0106,NY,AL_County,AIR_KEY_FA_SFD_2000,226.376235,231.320916,YB,3,Florida
107,vulsens_0107,IL,IL_County,AIR_KEY_FA_COM_10000,460.887229,384.2735,HT_COM,MH,Southern Great Plains
108,vulsens_0108,TX,AL_County,AIR_KEY_CC_LM,937.993993,140.756231,CC_COM,RC,Southern Great Plains
109,vulsens_0109,MN,MN_County,AIR_KEY_HT_COM_15,265.833555,369.55484,OCC,1995,Northern Great Plains
110,vulsens_0110,IL,MD_County,AIR_KEY_FA_COM_10000,858.067308,411.010813,FA_SFD,Masonry,Southeast
111,vulsens_0111,AZ,NY_County,AIR_KEY_CC_COM_RC,608.191159,471.109743,CC_COM,1995,Southeast
112,vulsens_0112,NY,NY_County,AIR_KEY_FA_COM_5000,548.577527,397.62912,CC_COM,2025,Southern Great Plains
113,vulsens_0113,MD,TX_County,AIR_KEY_CC_Auto,190.580705,516.96329,FA_COM,Unk,Florida
114,vulsens_0114,FL,CA_County,AIR_KEY_CC_COM_Auto,1225.871748,178.666545,FA_COM,20,Mid Atlantic
115,vulsens_0115,MN,TX_County,AIR_KEY_FA_SFD_2000,201.733946,461.053729,CC_COM,Auto,Southern Great Plains
116,vulsens_0116,AZ,CA_County,AIR_KEY_HT_COM_15,198.594391,514.738823,CC,Wood,Southern Great Plains
117,vulsens_0117,IL,IL_County,AIR_KEY_YB_2025,386.677179,283.60965,HT_SFD,1995,Southern Great Plains
118,vulsens_0118,FL,MN_County,AIR_KEY_CC_LM,471.72027,467.234781,YB,10000,Southern Great Plains
119,vulsens_0119,MD,MD_County,AIR_KEY_YB_<1995,225.412661,796.145579,HT_SFD,COM,Southern Great Plains
120,vulsens_0120,IL,CO_County,AIR_KEY_FA_SFD_3000,342.551008,145.206617,OCC,Masonry,Southern Great Plains
121,vulsens_0121,NY,MN_County,AIR_KEY_YB_COM_1995,919.012825,330.831656,YB,1995,Northeast
122,vulsens_0122,MN,NY_County,AIR_KEY_YB_COM_<1995,141.154965,474.045163,CC_COM,7,Florida
123,vulsens_0123,NY,AL_County,AIR_KEY_CC_COM_LM,541.559956,692.013377,CC,3,Southern Great Plains
124,vulsens_0124,CO,CO_County,AIR_KEY_CC_Masonry,632.458337,446.192267,FA_SFD,5,West
125,vulsens_0125,NY,CA_County,AIR_KEY_YB_COM_<1995,956.706986,222.482894,CC,1000,Southeast
126,vulsens_0126,MN,AZ_County,AIR_KEY_OCC_COM,501.643857,630.403841,YB_COM,<1995,Northern Great Plains
127,vulsens_0127,IL,CO_County,AIR_KEY_CC_MH,520.856574,323.636725,YB_COM,10000,Florida
128,vulsens_0128,FL,CO_County,AIR_KEY_CC_COM_LM,227.509865,323.089794,FA_SFD,7500,Southern Great Plains
129,vulsens_0129,MN,CA_County,AIR_KEY_YB_COM_2005,401.198294,159.134506,YB_COM,Unk,Southeast
130,vulsens_0130,TX,TX_County,AIR_KEY_YB_2010,304.92646,407.047852,CC_COM,2005,Southeast
131,vulsens_0131,MD,CO_County,AIR_KEY_CC_COM_Auto,474.5989,282.344953,CC_COM,2,Florida
132,vulsens_0132,MN,IL_County,AIR_KEY_FA_COM_30000,268.152624,170.3051,YB,3,Midwest
133,vulsens_0133,CA,FL_County,AIR_KEY_CC_COM_LM,551.183565,765.251006,YB_COM,Steel,Southern Great Plains
134,vulsens_0134,CA,AL_County,AIR_KEY_HT_COM_5,425.725538,140.721779,OCC,RC,Northern Great Plains
135,vulsens_0135,TX,AZ_County,AIR_KEY_CC_COM_Masonry,142.332189,810.521407,HT_COM,30000,Northern Great Plains
136,vulsens_0136,MD,MN_County,AIR_KEY_HT_COM_5,261.565562,233.359119,CC_COM,2005,West
137,vulsens_0137,TX,CO_County,AIR_KEY_HT_COM_10,415.823481,250.240954,YB,15000,Mid Atlantic
138,vulsens_0138,MD,MD_County,AIR_KEY_HT_COM_7,1213.17729,468.668957,YB,15000,Southern Great Plains
139,vulsens_0139,CO,MN_County,AIR_KEY_HT_COM_10,683.452455,306.576644,CC_COM,2015,Northeast
140,vulsens_0140,AL,MD_County,AIR_KEY_HT_COM_3,207.540781,385.07022,HT_COM,2,Midwest
141,vulsens_0141,AZ,MD_County,AIR_KEY_HT_SFD_1,102.096536,975.574599,CC_COM,2010,Florida
142,vulsens_0142,TX,MD_County,AIR_KEY_OCC_IND,367.110686,355.588272,OCC,Wood,Midwest
143,vulsens_0143,IL,FL_County,AIR_KEY_YB_COM_1995,347.617792,392.809799,FA_COM,15000,Northern Great Plains
144,vulsens_0144,TX,AL_County,AIR_KEY_HT_COM_Unk,280.08252,759.330449,YB,2,Southern Great Plains
145,vulsens_0145,MD,CO_County,AIR_KEY_YB_COM_2025,279.598748,298.165891,YB_COM,SFD,West
146,vulsens_0146,FL,FL_County,AIR_KEY_HT_COM_5,511.671788,337.695067,HT_COM,Wood,Southern Great Plains
147,vulsens_0147,MD,MD_County,AIR_KEY_CC_COM_Wood,276.208709,355.516418,YB_COM,Auto,Southeast
148,vulsens_0148,FL,TX_County,AIR_KEY_OCC_SFD,677.401741,314.434003,OCC,2010,Florida
149,vulsens_0149,FL,AZ_County,AIR_KEY_FA_COM_15000,683.998741,390.12066,CC_COM,Unk,Southeast
150,vulsens_0150,TX,FL_County,AIR_KEY_FA_SFD_5000,576.101064,372.695886,CC_COM,Unk,West
151,vulsens_0151,TX,CO_County,AIR_KEY_HT_COM_10,627.816407,195.919298,FA_SFD,Unk,Southern Great Plains
152,vulsens_0152,AZ,AL_County,AIR_KEY_HT_COM_10,363.801364,539.197271,FA_SFD,1,West
153,vulsens_0153,IL,FL_County,AIR_KEY_OCC_Unk,528.798534,204.4871,HT_COM,2015,Florida
154,vulsens_0154,TX,CA_County,AIR_KEY_FA_COM_5000,296.469102,521.319876,CC,Unk,Southern Great Plains
155,vulsens_0155,FL,MN_County,AIR_KEY_CC_LM,477.182538,332.920539,HT_COM,2010,Midwest
156,vulsens_0156,AL,AZ_County,AIR_KEY_FA_SFD_3000,780.751769,355.746364,FA_COM,Masonry,West
157,vulsens_0157,CA,NY_County,AIR_KEY_HT_COM_20,372.433331,451.159399,FA_COM,3000,Northeast
158,vulsens_0158,CO,MN_County,AIR_KEY_HT_COM_5,416.921734,528.41279,CC_COM,1000,West
159,vulsens_0159,MD,CO_County,AIR_KEY_YB_COM_2020,488.474325,351.927977,YB,<1995,Florida
160,vulsens_0160,NY,NY_County,AIR_KEY_FA_SFD_1000,234.470834,319.878916,YB,2010,Southern Great Plains
161,vulsens_0161,NY,CA_County,AIR_KEY_YB_2020,260.097213,509.960562,CC,RC,Florida
162,vulsens_0162,NY,NY_County,AIR_KEY_CC_COM_Steel,604.01669,179.650409,CC,Unk,Southern Great Plains
163,vulsens_0163,MN,MN_County,AIR_KEY_YB_2005,1278.028578,336.767554,CC,2005,Florida
164,vulsens_0164,AZ,FL_County,AIR_KEY_HT_COM_3,257.558475,287.218181,FA_SFD,Unk,Florida
165,vulsens_0165,MD,AZ_County,AIR_KEY_HT_COM_Unk,450.320134,160.485471,FA_COM,2005,Southeast
166,vulsens_0166,NY,AZ_County,AIR_KEY_YB_COM_Unk,539.399194,325.156197,FA_SFD,LM,Northeast
167,vulsens_0167,TX,CO_County,AIR_KEY_HT_SFD_Unk,365.836435,224.897589,YB,MH,West
168,vulsens_0168,AL,MN_County,AIR_KEY_YB_2010,559.67053,426.807817,YB,10000,Mid Atlantic
169,vulsens_0169,TX,NY_County,AIR_KEY_CC_COM_MH,612.718646,638.096991,FA_SFD,2010,Northeast
170,vulsens_0170,CA,CA_County,AIR_KEY_HT_SFD_2,217.858077,646.330629,FA_SFD,Wood,Northern Great Plains
171,vulsens_0171,TX,FL_County,AIR_KEY_FA_SFD_5000,569.50887,265.864818,HT_COM,MH,Northeast
172,vulsens_0172,CO,AZ_County,AIR_KEY_FA_COM_25000,337.435123,895.252616,OCC,2005,West
173,vulsens_0173,AZ,FL_County,AIR_KEY_YB_2010,532.722846,399.533398,YB_COM,2020,Southern Great Plains
174,vulsens_0174,CO,MD_County,AIR_KEY_CC_COM_RC,806.034733,215.901702,CC_COM,RC,Midwest
175,vulsens_0175,AL,IL_County,AIR_KEY_HT_COM_7,144.965089,266.920812,HT_COM,10000,Midwest
176,vulsens_0176,AZ,CA_County,AIR_KEY_CC_Unk,366.890522,364.479524,OCC,Wood,Northern Great Plains
177,vulsens_0177,MD,CO_County,AIR_KEY_CC_COM_Wood,238.673422,744.211356,HT_COM,2005,West
178,vulsens_0178,AZ,IL_County,AIR_KEY_HT_COM_10,446.334896,373.835044,YB_COM,2,Florida
179,vulsens_0179,CO,NY_County,AIR_KEY_HT_COM_15,342.318385,218.065709,CC_COM,Masonry,Southern Great Plains
180,vulsens_0180,MN,AZ_County,AIR_KEY_CC_Unk,478.252087,305.08889,CC,2000,Florida
181,vulsens_0181,NY,IL_County,AIR_KEY_CC_Wood,539.532066,486.561351,CC,2020,Mid Atlantic
182,vulsens_0182,AL,AL_County,AIR_KEY_FA_SFD_Unk,404.094349,452.733602,FA_SFD,<1995,Northeast
183,vulsens_0183,MN,CA_County,AIR_KEY_FA_COM_10000,543.542339,167.552965,FA_COM,Wood,Northeast
184,vulsens_0184,MD,TX_County,AIR_KEY_YB_2020,603.880066,675.350248,CC_COM,3000,Northern Great Plains
185,vulsens_0185,AZ,MN_County,AIR_KEY_YB_COM_2000,476.168038,257.565184,CC,Unk,Northeast
186,vulsens_0186,CO,MN_County,AIR_KEY_YB_COM_<1995,479.421792,784.822649,FA_SFD,1,Florida
187,vulsens_0187,AZ,CO_County,AIR_KEY_HT_COM_Unk,245.815117,768.204047,YB,Unk,Northern Great Plains
188,vulsens_0188,CO,FL_County,AIR_KEY_FA_SFD_7500,237.520068,327.332142,YB_COM,10,West
189,vulsens_0189,MN,AZ_County,AIR_KEY_HT_COM_5,189.30304,792.921776,HT_COM,2025,Southern Great Plains
190,vulsens_0190,FL,CA_County,AIR_KEY_YB_COM_Unk,774.020061,496.016719,YB_COM,Auto,Southeast
191,vulsens_0191,AL,TX_County,AIR_KEY_FA_COM_Unk,200.685165,200.407816,YB_COM,2025,Northeast
192,vulsens_0192,IL,CO_County,AIR_KEY_HT_SFD_2,304.65009,394.488247,CC_COM,1995,Southeast
193,vulsens_0193,TX,MN_County,AIR_KEY_FA_COM_30000,429.984784,285.738104,HT_COM,10,West
194,vulsens_0194,NY,MN_County,AIR_KEY_FA_COM_15000,548.343645,466.132265,HT_COM,Steel,Southern Great Plains
195,vulsens_0195,CO,NY_County,AIR_KEY_HT_SFD_Unk,228.292233,764.492579,FA_COM,15,West
196,vulsens_0196,CO,NY_County,AIR_KEY_OCC_IND,269.86349,725.564359,HT_COM,5,West
197,vulsens_0197,NY,CA_County,AIR_KEY_CC_Auto,992.792065,141.026381,YB_COM,2025,Florida
198,vulsens_0198,NY,NY_County,AIR_KEY_CC_COM_RC,474.606878,345.052411,FA_SFD,2010,Midwest
199,vulsens_0199,MN,TX_County,AIR_KEY_OCC_MFD,225.037149,221.001369,FA_SFD,30000,Mid Atlantic
200,vulsens_0200,FL,NY_County,AIR_KEY_YB_COM_2020,423.800806,397.896133,HT_COM,Unk,Southeast
201,vulsens_0201,MN,NY_County,AIR_KEY_YB_COM_1995,434.542613,449.140146,CC,Masonry,Southern Great Plains
202,vulsens_0202,IL,MD_County,AIR_KEY_FA_SFD_5000,227.31796,342.839765,OCC,COM,Southeast
203,vulsens_0203,FL,IL_County,AIR_KEY_CC_Steel,517.965046,467.17322,HT_COM,3000,Florida
204,vulsens_0204,AL,CA_County,AIR_KEY_YB_2015,402.676078,130.602719,OCC,10000,Southeast
205,vulsens_0205,IL,CO_County,AIR_KEY_YB_2025,836.292407,148.916024,YB_COM,30000,Northern Great Plains
206,vulsens_0206,CO,FL_County,AIR_KEY_YB_2010,296.047601,517.44797,CC_COM,30000,West
207,vulsens_0207,FL,MN_County,AIR_KEY_CC_MH,492.366215,398.700797,CC_COM,5000,Northern Great Plains
208,vulsens_0208,CO,TX_County,AIR_KEY_CC_COM_Masonry,664.396101,367.919178,YB,2,Southeast
209,vulsens_0209,MD,TX_County,AIR_KEY_HT_COM_7,308.791059,414.708028,FA_SFD,IND,Mid Atlantic
210,vulsens_0210,IL,AZ_County,AIR_KEY_FA_COM_20000,223.580333,453.580551,HT_SFD,1,West
211,vulsens_0211,NY,CO_County,AIR_KEY_FA_COM_10000,329.590955,511.587591,OCC,10000,Southern Great Plains
212,vulsens_0212,MN,NY_County,AIR_KEY_CC_Masonry,434.042627,475.503862,HT_COM,MH,West
213,vulsens_0213,FL,NY_County,AIR_KEY_HT_SFD_1,287.250942,461.2065,CC_COM,Unk,West
214,vulsens_0214,AL,AL_County,AIR_KEY_HT_COM_3,621.943851,238.883883,YB,5,Mid Atlantic
215,vulsens_0215,AZ,MD_County,AIR_KEY_YB_COM_2000,248.928016,1413.082645,YB_COM,IND,West
216,vulsens_0216,AZ,AL_County,AIR_KEY_FA_COM_Unk,588.289316,271.85404,FA_COM,MFD,Mid Atlantic
217,vulsens_0217,CA,FL_County,AIR_KEY_CC_LM,701.66749,663.736103,HT_COM,2000,Mid Atlantic
218,vulsens_0218,NY,TX_County,AIR_KEY_OCC_IND,838.491058,299.422135,HT_COM,2015,Northeast
219,vulsens_0219,TX,CO_County,AIR_KEY_CC_Unk,1164.506259,635.622248,CC_COM,MFD,Midwest
220,vulsens_0220,FL,IL_County,AIR_KEY_FA_SFD_7500,392.803934,498.573823,FA_SFD,5,West
221,vulsens_0221,MN,IL_County,AIR_KEY_CC_COM_RC,281.392627,306.721132,YB_COM,3000,Mid Atlantic
222,vulsens_0222,CO,MD_County,AIR_KEY_FA_COM_15000,163.840271,439.292102,HT_COM,2005,Midwest
223,vulsens_0223,MD,AZ_County,AIR_KEY_HT_SFD_Unk,615.662687,274.706646,FA_COM,MH,Midwest
224,vulsens_0224,CO,NY_County,AIR_KEY_CC_COM_Wood,430.800123,594.749736,YB_COM,<1995,Northern Great Plains
225,vulsens_0225,TX,CO_County,AIR_KEY_YB_COM_2005,400.427858,477.694069,YB,2000,Southern Great Plains
226,vulsens_0226,NY,FL_County,AIR_KEY_YB_COM_2020,713.944665,738.265999,CC,5000,Southeast
227,vulsens_0227,MN,AL_County,AIR_KEY_CC_COM_Wood,235.36946,275.471248,YB_COM,20,Midwest
228,vulsens_0228,TX,AL_County,AIR_KEY_YB_COM_<1995,224.330247,486.795856,HT_COM,1,West
229,vulsens_0229,TX,IL_County,AIR_KEY_YB_COM_1995,240.570201,442.563693,OCC,2,Southern Great Plains
230,vulsens_0230,NY,CA_County,AIR_KEY_YB_COM_Unk,405.225948,213.434746,FA_SFD,10000,Southern Great Plains
231,vulsens_0231,AL,MN_County,AIR_KEY_CC_COM_MH,184.365052,610.940296,FA_SFD,5000,Midwest
232,vulsens_0232,CA,MN_County,AIR_KEY_YB_COM_2020,607.743319,559.346094,FA_COM,2015,Southern Great Plains
233,vulsens_0233,CO,AZ_County,AIR_KEY_HT_COM_20,691.548216,130.226428,CC_COM,RC,Midwest
234,vulsens_0234,CA,TX_County,AIR_KEY_HT_COM_10,1287.777992,672.1583,OCC,2000,West
235,vulsens_0235,CA,AL_County,AIR_KEY_HT_SFD_Unk,929.997128,325.05091,YB_COM,2005,West
236,vulsens_0236,AZ,AZ_County,AIR_KEY_YB_COM_2010,341.433876,254.540915,YB_COM,25000,West
237,vulsens_0237,AL,AZ_County,AIR_KEY_HT_COM_1,412.178914,281.370233,HT_COM,MH,Northeast
238,vulsens_0238,CO,CA_County,AIR_KEY_CC_Wood,480.089011,579.663494,OCC,Unk,Southern Great Plains
239,vulsens_0239,TX,AL_County,AIR_KEY_YB_<1995,302.608545,343.762488,YB,MH,West
240,vulsens_0240,AZ,CO_County,AIR_KEY_FA_COM_5000,383.032494,371.633821,CC_COM,Unk,Southeast
241,vulsens_0241,TX,FL_County,AIR_KEY_FA_COM_30000,456.200222,332.276678,FA_COM,RC,Florida
242,vulsens_0242,AZ,CO_County,AIR_KEY_CC_COM_MH,199.183744,329.274799,HT_SFD,2005,Southern Great Plains
243,vulsens_0243,MN,AL_County,AIR_KEY_OCC_COM,302.73965,210.632812,YB,Unk,Northern Great Plains
244,vulsens_0244,AZ,MN_County,AIR_KEY_YB_COM_<1995,592.859988,186.020828,YB,Unk,Southern Great Plains
245,vulsens_0245,FL,CA_County,AIR_KEY_HT_COM_5,220.377018,439.247884,YB_COM,2010,Southeast
246,vulsens_0246,CA,AZ_County,AIR_KEY_YB_2005,298.607721,660.173596,CC,15,Mid Atlantic
247,vulsens_0247,MD,TX_County,AIR_KEY_CC_Unk,336.068743,362.518144,YB_COM,Unk,Florida
248,vulsens_0248,AZ,MD_County,AIR_KEY_FA_COM_5000,239.815202,326.961409,HT_COM,2,Southern Great Plains
249,vulsens_0249,NY,AL_County,AIR_KEY_FA_COM_Unk,1077.029751,484.264965,YB_COM,2020,West
250,vulsens_0250,NY,FL_County,AIR_KEY_YB_COM_2010,489.759708,718.381864,YB,5,Southern Great Plains
251,vulsens_0251,IL,NY_County,AIR_KEY_CC_COM_Masonry,173.563553,718.192458,HT_COM,2015,Mid Atlantic
252,vulsens_0252,IL,AZ_County,AIR_KEY_FA_SFD_1000,259.871068,443.453729,YB_COM,2025,West
253,vulsens_0253,MD,AL_County,AIR_KEY_FA_COM_20000,150.049515,415.075143,YB_COM,2000,West
254,vulsens_0254,AZ,TX_County,AIR_KEY_HT_SFD_1,677.26465,465.831306,CC_COM,Wood,Northern Great Plains
255,vulsens_0255,FL,CO_County,AIR_KEY_CC_COM_MH,756.335191,494.058226,HT_COM,2020,West
256,vulsens_0256,CO,NY_County,AIR_KEY_YB_COM_2000,1862.538013,394.414875,YB,2000,Northern Great Plains
257,vulsens_0257,FL,AZ_County,AIR_KEY_HT_SFD_Unk,336.804583,338.54042,HT_COM,10,West
258,vulsens_0258,AZ,TX_County,AIR_KEY_YB_2010,474.807736,282.812469,FA_COM,LM,Florida
259,vulsens_0259,AL,FL_County,AIR_KEY_FA_COM_30000,447.229677,316.421786,YB,Auto,Southern Great Plains
260,vulsens_0260,MN,TX_County,AIR_KEY_YB_2010,399.506509,448.753692,FA_SFD,SFD,Northern Great Plains
261,vulsens_0261,CA,CO_County,AIR_KEY_OCC_Unk,289.959019,277.424068,YB,Unk,Southern Great Plains
262,vulsens_0262,CO,IL_County,AIR_KEY_FA_COM_Unk,403.035941,315.488194,CC_COM,1,West
263,vulsens_0263,TX,CO_County,AIR_KEY_HT_COM_3,726.890333,1069.321611,YB_COM,COM,Southern Great Plains
264,vulsens_0264,TX,AZ_County,AIR_KEY_YB_2020,933.527194,290.426096,YB_COM,Unk,West
265,vulsens_0265,IL,CA_County,AIR_KEY_FA_COM_Unk,284.315764,755.009472,YB,2010,Mid Atlantic
266,vulsens_0266,MD,NY_County,AIR_KEY_YB_2025,202.920938,674.535651,CC,2005,Northern Great Plains
267,vulsens_0267,TX,MN_County,AIR_KEY_CC_Auto,710.393214,614.4314,FA_SFD,Steel,Southern Great Plains
268,vulsens_0268,NY,MN_County,AIR_KEY_CC_COM_MH,1094.314801,822.788498,HT_SFD,MFD,Northern Great Plains
269,vulsens_0269,CO,CO_County,AIR_KEY_FA_COM_25000,802.670424,231.78961,FA_SFD,Masonry,Florida
270,vulsens_0270,TX,AL_County,AIR_KEY_YB_2025,596.150384,346.093832,FA_SFD,2025,Northern Great Plains
271,vulsens_0271,CA,AZ_County,AIR_KEY_FA_SFD_2000,526.888178,373.751201,FA_SFD,5000,West
272,vulsens_0272,AZ,MD_County,AIR_KEY_YB_COM_2025,575.643515,508.623444,OCC,Unk,West
273,vulsens_0273,NY,MD_County,AIR_KEY_YB_<1995,639.37073,950.402969,OCC,2025,Southern Great Plains
274,vulsens_0274,NY,TX_County,AIR_KEY_CC_MH,613.895684,219.87403,YB_COM,Unk,Florida
275,vulsens_0275,NY,AZ_County,AIR_KEY_CC_LM,279.541989,465.449421,HT_SFD,3,Northeast
276,vulsens_0276,IL,MN_County,AIR_KEY_FA_SFD_3000,329.369766,1088.776548,YB,Masonry,Northeast
277,vulsens_0277,MN,AZ_County,AIR_KEY_YB_2025,983.433709,201.474115,CC_COM,1,Mid Atlantic
278,vulsens_0278,MD,FL_County,AIR_KEY_YB_COM_1995,624.032073,243.32148,CC,2,Mid Atlantic
279,vulsens_0279,AZ,NY_County,AIR_KEY_HT_SFD_1,395.358939,217.758843,YB,2020,West
280,vulsens_0280,MD,MN_County,AIR_KEY_CC_COM_MH,757.184501,118.050166,CC,Unk,Northern Great Plains
281,vulsens_0281,TX,CA_County,AIR_KEY_FA_SFD_Unk,192.517248,375.896715,YB,Wood,West
282,vulsens_0282,TX,CA_County,AIR_KEY_OCC_COM,355.124329,1060.886346,CC,Auto,Southeast
283,vulsens_0283,IL,MD_County,AIR_KEY_HT_SFD_Unk,188.797552,1015.701627,CC,Auto,Florida
284,vulsens_0284,AL,MN_County,AIR_KEY_HT_COM_20,553.366667,1734.982376,YB_COM,RC,Southern Great Plains
285,vulsens_0285,NY,CA_County,AIR_KEY_HT_SFD_2,628.533624,461.750863,FA_SFD,15000,Southern Great Plains
286,vulsens_0286,AZ,MD_County,AIR_KEY_FA_SFD_2000,349.233381,721.489728,OCC,30000,Southeast
287,vulsens_0287,TX,AZ_County,AIR_KEY_YB_2005,347.876273,817.184932,OCC,5,Mid Atlantic
288,vulsens_0288,MN,IL_County,AIR_KEY_CC_COM_MH,389.910918,430.291359,OCC,30000,West
289,vulsens_0289,TX,MD_County,AIR_KEY_HT_COM_15,401.808025,168.318139,FA_COM,1,Southern Great Plains
290,vulsens_0290,TX,FL_County,AIR_KEY_OCC_MFD,222.764208,537.097266,CC_COM,Unk,Northern Great Plains
291,vulsens_0291,MN,CA_County,AIR_KEY_YB_1995,623.259542,448.778161,CC,Steel,Southern Great Plains
292,vulsens_0292,MN,NY_County,AIR_KEY_CC_Steel,381.225496,219.298544,YB_COM,20,Southern Great Plains
293,vulsens_0293,AZ,MD_County,AIR_KEY_YB_2020,712.299789,187.353709,FA_SFD,Unk,Southern Great Plains
294,vulsens_0294,AL,TX_County,AIR_KEY_HT_COM_1,503.882851,335.69247,CC,Masonry,West
295,vulsens_0295,NY,FL_County,AIR_KEY_YB_2005,420.549265,281.557112,HT_COM,Masonry,Mid Atlantic
296,vulsens_0296,MN,NY_County,AIR_KEY_YB_COM_2000,735.431559,486.06158,HT_SFD,Unk,West
297,vulsens_0297,MN,AL_County,AIR_KEY_HT_COM_3,886.527662,394.558552,YB,Wood,Northern Great Plains
298,vulsens_0298,IL,MN_County,AIR_KEY_YB_COM_2000,401.131964,519.741236,FA_COM,30000,Southeast
299,vulsens_0299,NY,NY_County,AIR_KEY_FA_SFD_Unk,950.25535,109.469857,CC_COM,Steel,Southern Great Plains
300,vulsens_0300,CA,CA_County,AIR_KEY_OCC_Unk,261.565951,709.071128,CC,5000,Southern Great Plains
301,vulsens_0301,MN,MD_County,AIR_KEY_YB_2000,633.638527,350.79847,FA_COM,2005,Northern Great Plains
302,vulsens_0302,IL,TX_County,AIR_KEY_CC_Unk,434.551449,674.456592,HT_COM,2015,Mid Atlantic
303,vulsens_0303,AL,MN_County,AIR_KEY_OCC_SFD,323.112782,580.690133,YB_COM,1,West
304,vulsens_0304,FL,CA_County,AIR_KEY_YB_2015,182.439146,798.195764,FA_SFD,2025,West
305,vulsens_0305,FL,AZ_County,AIR_KEY_CC_COM_LM,531.587674,341.194225,CC,Unk,Southern Great Plains
306,vulsens_0306,AZ,TX_County,AIR_KEY_OCC_Unk,649.681529,920.91929,YB,Unk,Southern Great Plains
307,vulsens_0307,CA,AZ_County,AIR_KEY_HT_SFD_Unk,452.023336,482.881344,HT_COM,1995,West
308,vulsens_0308,TX,AZ_County,AIR_KEY_YB_2015,179.882089,319.052886,OCC,1995,Northeast
309,vulsens_0309,FL,TX_County,AIR_KEY_YB_2005,520.648708,377.393838,YB_COM,10,West
310,vulsens_0310,TX,AZ_County,AIR_KEY_CC_COM_Steel,481.307306,545.836253,YB_COM,Unk,Mid Atlantic
311,vulsens_0311,MD,MD_County,AIR_KEY_FA_COM_30000,417.301364,682.097624,OCC,Unk,Southern Great Plains
312,vulsens_0312,IL,FL_County,AIR_KEY_YB_2025,833.818044,636.751253,YB_COM,2010,West
313,vulsens_0313,NY,AL_County,AIR_KEY_YB_2010,395.587842,670.538281,CC_COM,1000,Mid Atlantic
314,vulsens_0314,MN,MD_County,AIR_KEY_HT_COM_1,245.352859,253.26668,HT_SFD,2000,Midwest
315,vulsens_0315,AL,CO_County,AIR_KEY_HT_SFD_1,627.010886,335.374089,CC_COM,5000,West
316,vulsens_0316,CO,IL_County,AIR_KEY_FA_COM_25000,851.101903,784.07705,YB,10000,Northern Great Plains
317,vulsens_0317,TX,FL_County,AIR_KEY_CC_COM_Auto,973.043237,310.447391,CC_COM,SFD,Southeast
318,vulsens_0318,TX,MD_County,AIR_KEY_OCC_Unk,276.858768,672.285217,FA_COM,1,Mid Atlantic
319,vulsens_0319,NY,MD_County,AIR_KEY_OCC_COM,158.5692,280.093754,FA_SFD,Unk,Northern Great Plains
320,vulsens_0320,AZ,AL_County,AIR_KEY_CC_MH,421.29863,302.822741,FA_SFD,SFD,Mid Atlantic
321,vulsens_0321,MN,FL_County,AIR_KEY_YB_COM_Unk,897.909061,236.423919,HT_COM,1,Southern Great Plains
322,vulsens_0322,TX,MD_County,AIR_KEY_YB_COM_2000,276.631984,507.723738,FA_COM,COM,Southeast
323,vulsens_0323,CA,CO_County,AIR_KEY_OCC_IND,1084.508026,746.057933,YB_COM,30000,West
324,vulsens_0324,NY,MD_County,AIR_KEY_HT_COM_20,352.100844,552.425055,YB_COM,2005,Florida
325,vulsens_0325,MN,TX_County,AIR_KEY_YB_<1995,400.884834,259.096246,FA_SFD,10000,Southern Great Plains
326,vulsens_0326,MN,NY_County,AIR_KEY_FA_COM_25000,650.000531,312.776195,HT_SFD,Unk,Southern Great Plains
327,vulsens_0327,IL,AL_County,AIR_KEY_OCC_Unk,437.931683,256.461043,YB,2000,West
328,vulsens_0328,CA,CA_County,AIR_KEY_CC_COM_MH,363.132771,455.594734,YB_COM,1000,Southern Great Plains
329,vulsens_0329,AL,TX_County,AIR_KEY_CC_LM,287.059978,442.871525,YB,2015,Mid Atlantic
330,vulsens_0330,IL,CO_County,AIR_KEY_HT_COM_10,978.390558,625.272331,HT_COM,COM,Florida
331,vulsens_0331,AL,NY_County,AIR_KEY_FA_SFD_5000,371.616748,230.805441,CC_COM,Unk,Florida
332,vulsens_0332,NY,MD_County,AIR_KEY_YB_2025,344.171641,560.429142,HT_SFD,1000,Southeast
333,vulsens_0333,NY,CO_County,AIR_KEY_CC_COM_LM,589.869575,676.534552,FA_COM,5000,Southern Great Plains
334,vulsens_0334,TX,MD_County,AIR_KEY_HT_COM_1,606.093882,405.082159,YB_COM,Steel,Florida
335,vulsens_0335,TX,CA_County,AIR_KEY_YB_COM_2015,367.037051,217.406921,HT_COM,15,Midwest
336,vulsens_0336,MN,CO_County,AIR_KEY_YB_COM_2010,399.06722,499.197019,HT_SFD,10,Northern Great Plains
337,vulsens_0337,AZ,NY_County,AIR_KEY_HT_SFD_1,450.796261,407.415611,FA_SFD,7,Midwest
338,vulsens_0338,CO,IL_County,AIR_KEY_CC_Steel,522.274177,333.588879,HT_SFD,Unk,Midwest
339,vulsens_0339,TX,CA_County,AIR_KEY_OCC_Unk,352.86313,724.234477,CC,COM,Midwest
340,vulsens_0340,AL,FL_County,AIR_KEY_CC_COM_Wood,314.954129,273.23058,OCC,Unk,Southern Great Plains
341,vulsens_0341,AZ,AZ_County,AIR_KEY_CC_Steel,426.198092,644.430757,CC,COM,Southeast
342,vulsens_0342,IL,IL_County,AIR_KEY_OCC_IND,421.979645,248.842588,YB_COM,2015,West
343,vulsens_0343,AL,CA_County,AIR_KEY_YB_COM_2020,525.688211,304.120585,FA_SFD,Auto,Southern Great Plains
344,vulsens_0344,AL,AL_County,AIR_KEY_YB_<1995,567.859989,486.07423,CC,COM,West
345,vulsens_0345,MN,IL_County,AIR_KEY_YB_COM_2020,797.679878,391.990275,CC_COM,20,West
346,vulsens_0346,CO,MD_County,AIR_KEY_HT_COM_15,251.274348,293.492252,OCC,IND,Southeast
347,vulsens_0347,CO,CA_County,AIR_KEY_HT_COM_10,463.394051,333.179267,YB,Wood,Northeast
348,vulsens_0348,MN,FL_County,AIR_KEY_HT_SFD_Unk,363.956621,502.570551,YB,Unk,Southeast
349,vulsens_0349,TX,FL_County,AIR_KEY_YB_2000,697.578426,351.875314,YB,Unk,Southeast
350,vulsens_0350,AL,CA_County,AIR_KEY_CC_Unk,610.680837,161.512935,CC_COM,2020,Mid Atlantic
351,vulsens_0351,FL,NY_County,AIR_KEY_CC_COM_LM,341.172998,702.427407,CC,COM,Northeast
352,vulsens_0352,IL,TX_County,AIR_KEY_YB_COM_2005,397.801603,186.925433,YB_COM,Unk,Florida
353,vulsens_0353,TX,MN_County,AIR_KEY_CC_Masonry,529.140451,346.043987,HT_SFD,Unk,Northern Great Plains
354,vulsens_0354,AL,NY_County,AIR_KEY_YB_COM_<1995,215.398852,343.895441,YB,LM,Midwest
355,vulsens_0355,FL,MN_County,AIR_KEY_FA_SFD_5000,381.377938,325.634773,CC_COM,Unk,West
356,vulsens_0356,AL,CA_County,AIR_KEY_HT_COM_1,393.609261,539.19402,CC_COM,1,Florida
357,vulsens_0357,MN,NY_County,AIR_KEY_YB_1995,368.176262,752.303903,CC_COM,Unk,Northeast
358,vulsens_0358,AZ,MN_County,AIR_KEY_FA_SFD_1000,552.153634,630.360458,HT_COM,RC,Southern Great Plains
359,vulsens_0359,NY,AL_County,AIR_KEY_HT_COM_15,321.879505,175.612974,HT_COM,Unk,Midwest
360,vulsens_0360,CA,IL_County,AIR_KEY_YB_COM_2015,332.099462,302.145269,CC,1,Southern Great Plains
361,vulsens_0361,IL,IL_County,AIR_KEY_YB_COM_2025,599.732465,763.39417,HT_COM,1995,Southern Great Plains
362,vulsens_0362,CA,TX_County,AIR_KEY_FA_SFD_7500,329.633129,367.20782,FA_SFD,2015,Southeast
363,vulsens_0363,NY,TX_County,AIR_KEY_CC_COM_LM,175.913791,206.127752,CC_COM,<1995,West
364,vulsens_0364,CO,AZ_County,AIR_KEY_FA_SFD_3000,311.919028,239.444465,CC_COM,2000,Southern Great Plains
365,vulsens_0365,MD,MN_County,AIR_KEY_HT_COM_Unk,490.430226,452.489463,YB_COM,2010,Florida
366,vulsens_0366,FL,AL_County,AIR_KEY_CC_COM_Unk,993.119606,247.708044,CC_COM,1,Southeast
367,vulsens_0367,TX,FL_County,AIR_KEY_CC_COM_LM,246.584827,274.662186,YB,20000,West
368,vulsens_0368,IL,MD_County,AIR_KEY_FA_COM_20000,837.551788,185.376216,YB,<1995,Midwest
369,vulsens_0369,MD,NY_County,AIR_KEY_YB_COM_<1995,591.342108,197.310886,CC_COM,2010,Northeast
370,vulsens_0370,FL,CO_County,AIR_KEY_YB_COM_2000,381.955742,217.218623,YB,5000,West
371,vulsens_0371,IL,AZ_County,AIR_KEY_CC_Masonry,363.118538,390.281406,CC,LM,Northeast
372,vulsens_0372,TX,AL_County,AIR_KEY_OCC_SFD,494.407985,1106.230372,CC,Auto,West
373,vulsens_0373,FL,IL_County,AIR_KEY_HT_SFD_Unk,825.988959,256.329074,YB,1995,Southeast
374,vulsens_0374,NY,MN_County,AIR_KEY_FA_COM_30000,718.418913,613.963442,YB_COM,Steel,Southern Great Plains
375,vulsens_0375,IL,AL_County,AIR_KEY_FA_SFD_3000,522.727022,1054.561913,FA_COM,2010,West
376,vulsens_0376,CO,CO_County,AIR_KEY_YB_COM_2020,839.371163,299.310146,FA_SFD,20,Midwest
377,vulsens_0377,MD,IL_County,AIR_KEY_HT_COM_15,998.506618,505.077643,HT_SFD,7,Mid Atlantic
378,vulsens_0378,NY,AZ_County,AIR_KEY_CC_COM_Wood,474.926877,420.944994,CC_COM,1,West
379,vulsens_0379,AZ,NY_County,AIR_KEY_FA_COM_Unk,1253.212697,480.015017,FA_SFD,5,Florida
380,vulsens_0380,AZ,CA_County,AIR_KEY_OCC_Unk,260.351936,294.531592,CC,Wood,Midwest
381,vulsens_0381,TX,FL_County,AIR_KEY_YB_COM_2010,1922.835408,391.360401,CC_COM,IND,Southeast
382,vulsens_0382,TX,FL_County,AIR_KEY_CC_Unk,1122.320479,257.690363,CC_COM,2,Northeast
383,vulsens_0383,TX,NY_County,AIR_KEY_YB_2010,249.092521,226.892625,FA_COM,2015,West
384,vulsens_0384,FL,CA_County,AIR_KEY_CC_Masonry,764.148328,282.959172,YB,10,Northeast
385,vulsens_0385,MN,CO_County,AIR_KEY_YB_COM_1995,262.543383,241.32735,OCC,Steel,Northern Great Plains
386,vulsens_0386,AZ,IL_County,AIR_KEY_YB_COM_<1995,419.329008,132.43391,FA_SFD,IND,Florida
387,vulsens_0387,CO,AL_County,AIR_KEY_FA_SFD_3000,1299.823337,749.121824,YB_COM,Unk,Florida
388,vulsens_0388,CA,TX_County,AIR_KEY_YB_2020,537.553382,279.904984,YB_COM,MFD,Florida
389,vulsens_0389,TX,NY_County,AIR_KEY_YB_2025,296.932247,239.988892,HT_COM,Unk,West
390,vulsens_0390,MN,AL_County,AIR_KEY_FA_COM_Unk,416.302631,327.05404,FA_COM,2020,West
391,vulsens_0391,FL,CA_County,AIR_KEY_HT_SFD_2,295.869769,346.420347,HT_SFD,1995,Florida
392,vulsens_0392,TX,FL_County,AIR_KEY_YB_COM_<1995,272.252374,586.971927,FA_COM,10000,Southeast
393,vulsens_0393,NY,AZ_County,AIR_KEY_FA_COM_20000,1809.151839,631.705336,OCC,Unk,Florida
394,vulsens_0394,NY,CO_County,AIR_KEY_FA_COM_10000,239.098267,276.938064,YB,Steel,Southeast
395,vulsens_0395,AZ,FL_County,AIR_KEY_CC_Masonry,685.615781,1668.782203,CC,Masonry,Mid Atlantic
396,vulsens_0396,CA,AL_County,AIR_KEY_CC_Masonry,984.19284,479.140731,FA_COM,Unk,Midwest
397,vulsens_0397,AL,MN_County,AIR_KEY_YB_1995,1014.684188,401.299033,FA_COM,1,Northeast
398,vulsens_0398,IL,AZ_County,AIR_KEY_CC_COM_Steel,723.285199,337.364382,CC_COM,COM,Northeast
399,vulsens_0399,CA,FL_County,AIR_KEY_YB_2020,792.028319,517.729467,OCC,<1995,Midwest
400,vulsens_0400,IL,CO_County,AIR_KEY_FA_SFD_5000,460.989959,349.622312,OCC,20000,Northeast
401,vulsens_0401,TX,CO_County,AIR_KEY_FA_SFD_1000,976.169834,318.023751,FA_SFD,Auto,Northern Great Plains
402,vulsens_0402,FL,CO_County,AIR_KEY_OCC_SFD,1056.167608,358.618364,CC_COM,15000,Southern Great Plains
403,vulsens_0403,IL,MD_County,AIR_KEY_FA_SFD_7500,245.582972,503.227648,YB_COM,7,Mid Atlantic
404,vulsens_0404,CA,CO_County,AIR_KEY_YB_<1995,376.542148,1605.727678,OCC,2010,Southern Great Plains
405,vulsens_0405,MN,MD_County,AIR_KEY_YB_2015,283.512014,356.036212,FA_COM,Unk,Northern Great Plains
406,vulsens_0406,TX,FL_County,AIR_KEY_HT_COM_10,1397.532736,209.677766,OCC,Unk,Southern Great Plains
407,vulsens_0407,FL,MD_County,AIR_KEY_YB_2025,359.285683,502.977605,YB,1000,West
408,vulsens_0408,MD,AZ_County,AIR_KEY_FA_COM_25000,520.691351,194.644664,CC_COM,MFD,Northeast
409,vulsens_0409,MN,NY_County,AIR_KEY_YB_2015,196.714745,269.752275,FA_COM,15,Florida
410,vulsens_0410,NY,MD_County,AIR_KEY_CC_Masonry,779.512167,225.437442,YB_COM,LM,West
411,vulsens_0411,NY,AL_County,AIR_KEY_YB_2025,120.869926,324.212489,HT_COM,2020,Southeast
412,vulsens_0412,TX,AL_County,AIR_KEY_FA_COM_25000,364.688395,238.214178,YB_COM,1995,Mid Atlantic
413,vulsens_0413,CA,MN_County,AIR_KEY_CC_Steel,230.694449,525.155116,HT_SFD,Unk,Midwest
414,vulsens_0414,AL,IL_County,AIR_KEY_YB_COM_2020,354.076376,642.012412,HT_SFD,1,Southern Great Plains
415,vulsens_0415,AL,FL_County,AIR_KEY_HT_COM_15,174.392156,551.445723,CC_COM,2015,Northern Great Plains
416,vulsens_0416,TX,FL_County,AIR_KEY_FA_COM_15000,895.335393,828.861942,CC_COM,3,Southern Great Plains
417,vulsens_0417,TX,CA_County,AIR_KEY_YB_COM_1995,698.058743,384.500136,YB,2025,Southern Great Plains
418,vulsens_0418,CO,TX_County,AIR_KEY_FA_COM_5000,479.249212,313.626918,CC_COM,7500,Northern Great Plains
419,vulsens_0419,CA,FL_County,AIR_KEY_HT_SFD_Unk,424.144337,271.569176,YB,7500,West
420,vulsens_0420,AZ,NY_County,AIR_KEY_FA_COM_15000,158.446534,378.743242,OCC,30000,Southern Great Plains
421,vulsens_0421,CA,MD_County,AIR_KEY_HT_COM_1,602.668092,377.245639,CC_COM,3,Mid Atlantic
422,vulsens_0422,AL,IL_County,AIR_KEY_CC_RC,839.103098,246.829785,HT_COM,IND,Florida
423,vulsens_0423,MN,AZ_County,AIR_KEY_CC_COM_RC,517.817727,906.131792,CC_COM,7500,Southern Great Plains
424,vulsens_0424,TX,AZ_County,AIR_KEY_CC_Wood,617.670536,478.094014,HT_SFD,7500,Southern Great Plains
425,vulsens_0425,AL,MD_County,AIR_KEY_YB_COM_1995,256.269775,233.265707,CC_COM,Wood,West
426,vulsens_0426,IL,MN_County,AIR_KEY_CC_Wood,491.741587,412.548666,HT_COM,MH,West
427,vulsens_0427,MN,MD_County,AIR_KEY_HT_COM_15,596.83338,276.847227,YB,2,Northeast
428,vulsens_0428,CA,IL_County,AIR_KEY_YB_COM_2020,329.729524,266.469902,CC,2000,Southern Great Plains
429,vulsens_0429,FL,NY_County,AIR_KEY_YB_COM_2025,392.616141,481.559222,FA_COM,Auto,Northern Great Plains
430,vulsens_0430,AL,MD_County,AIR_KEY_YB_<1995,312.200565,462.76065,HT_COM,Unk,Southeast
431,vulsens_0431,IL,IL_County,AIR_KEY_CC_Steel,603.448789,504.717181,HT_COM,<1995,Mid Atlantic
432,vulsens_0432,TX,CA_County,AIR_KEY_CC_RC,568.892358,174.209818,HT_SFD,10000,Northeast
433,vulsens_0433,CO,TX_County,AIR_KEY_CC_Steel,540.996214,299.187941,FA_COM,5000,Southern Great Plains
434,vulsens_0434,MD,FL_County,AIR_KEY_OCC_IND,419.605849,312.432969,CC,COM,West
435,vulsens_0435,FL,AL_County,AIR_KEY_CC_Steel,554.33574,391.460496,CC_COM,Masonry,Northern Great Plains
436,vulsens_0436,CO,MN_County,AIR_KEY_YB_COM_2020,406.047614,319.626545,CC,RC,Midwest
437,vulsens_0437,FL,MN_County,AIR_KEY_YB_2000,572.414318,413.449446,CC,Masonry,Southern Great Plains
438,vulsens_0438,MD,MD_County,AIR_KEY_YB_Unk,940.546795,408.847607,FA_SFD,7500,West
439,vulsens_0439,FL,TX_County,AIR_KEY_FA_COM_15000,679.613367,436.50627,YB,Unk,Southern Great Plains
440,vulsens_0440,CO,CA_County,AIR_KEY_HT_COM_7,284.26229,753.603521,YB_COM,<1995,Midwest
441,vulsens_0441,AL,CO_County,AIR_KEY_HT_COM_5,1015.76568,178.891795,CC_COM,1,Northern Great Plains
442,vulsens_0442,IL,FL_County,AIR_KEY_OCC_MFD,918.220476,430.421921,HT_COM,2020,Mid Atlantic
443,vulsens_0443,CO,MD_County,AIR_KEY_FA_COM_20000,329.687108,937.882298,CC,20,Northern Great Plains
444,vulsens_0444,AL,IL_County,AIR_KEY_OCC_COM,661.023719,251.267708,FA_COM,2000,Northeast
445,vulsens_0445,CA,NY_County,AIR_KEY_YB_2005,447.341426,401.914465,CC,MFD,West
446,vulsens_0446,IL,IL_County,AIR_KEY_OCC_COM,520.834048,484.337284,FA_SFD,Masonry,Florida
447,vulsens_0447,MD,IL_County,AIR_KEY_YB_COM_Unk,302.044368,506.653537,YB,1,Mid Atlantic
448,vulsens_0448,AL,AL_County,AIR_KEY_OCC_Unk,543.629496,129.580246,CC_COM,1,Southern Great Plains
449,vulsens_0449,TX,AL_County,AIR_KEY_FA_SFD_1000,462.1087,302.506754,YB,30000,Northern Great Plains
450,vulsens_0450,NY,CA_County,AIR_KEY_OCC_SFD,983.28179,392.341346,FA_SFD,2015,Southeast
451,vulsens_0451,TX,FL_County,AIR_KEY_CC_COM_Wood,390.659937,345.850555,HT_COM,Unk,Midwest
452,vulsens_0452,IL,CO_County,AIR_KEY_CC_Unk,348.068229,379.060708,CC_COM,5000,Northern Great Plains
453,vulsens_0453,AL,CO_County,AIR_KEY_YB_COM_2020,937.564797,423.709471,YB_COM,2010,Northeast
454,vulsens_0454,CO,CA_County,AIR_KEY_HT_COM_Unk,589.907189,309.528606,FA_COM,Unk,Midwest
455,vulsens_0455,NY,CA_County,AIR_KEY_YB_2025,572.567217,372.857797,CC,Steel,Southern Great Plains
456,vulsens_0456,AL,IL_County,AIR_KEY_CC_COM_MH,944.286024,555.165991,FA_SFD,Auto,Southeast
457,vulsens_0457,MN,TX_County,AIR_KEY_CC_MH,331.485443,230.054161,CC_COM,10000,West
458,vulsens_0458,IL,MN_County,AIR_KEY_FA_SFD_3000,481.742567,267.32376,HT_SFD,Steel,West
459,vulsens_0459,AL,TX_County,AIR_KEY_YB_COM_2005,500.297455,98.654186,CC,15,Southern Great Plains
460,vulsens_0460,TX,MD_County,AIR_KEY_FA_SFD_3000,381.763292,365.101924,HT_SFD,Unk,Midwest
461,vulsens_0461,IL,TX_County,AIR_KEY_HT_COM_10,408.153007,274.758253,HT_COM,30000,Northern Great Plains
462,vulsens_0462,CO,AL_County,AIR_KEY_CC_Steel,292.833908,395.920929,CC_COM,2015,Midwest
463,vulsens_0463,CO,FL_County,AIR_KEY_CC_COM_Steel,867.010204,232.31914,YB_COM,15,Northeast
464,vulsens_0464,IL,AL_County,AIR_KEY_FA_COM_5000,715.194355,335.30694,HT_COM,1,Southern Great Plains
465,vulsens_0465,AL,MD_County,AIR_KEY_YB_COM_2005,250.16489,612.70412,YB_COM,7500,Florida
466,vulsens_0466,TX,TX_County,AIR_KEY_YB_2010,325.077714,341.501266,CC_COM,2,Southern Great Plains
467,vulsens_0467,MN,MD_County,AIR_KEY_CC_Auto,760.735679,452.56324,HT_SFD,2025,Northern Great Plains
468,vulsens_0468,FL,MD_County,AIR_KEY_YB_COM_2005,751.692723,383.730114,YB_COM,Unk,Southern Great Plains
469,vulsens_0469,MN,AL_County,AIR_KEY_FA_COM_15000,433.650484,572.378174,YB,Wood,Southern Great Plains
470,vulsens_0470,FL,TX_County,AIR_KEY_YB_2000,925.575625,299.788476,FA_COM,MH,Southern Great Plains
471,vulsens_0471,TX,CO_County,AIR_KEY_YB_2005,848.752797,186.810796,FA_COM,1,West
472,vulsens_0472,FL,FL_County,AIR_KEY_CC_COM_Auto,284.124771,446.018306,CC,2010,Florida
473,vulsens_0473,CO,MN_County,AIR_KEY_YB_2025,411.921024,195.252645,YB_COM,5000,Northeast
474,vulsens_0474,AL,MD_County,AIR_KEY_OCC_SFD,861.404694,310.441045,FA_COM,2005,Northern Great Plains
475,vulsens_0475,CA,NY_County,AIR_KEY_HT_COM_20,1978.952149,432.487603,YB,5000,Northeast
476,vulsens_0476,CA,MN_County,AIR_KEY_CC_Steel,229.461998,695.290883,HT_COM,7,Florida
477,vulsens_0477,NY,IL_County,AIR_KEY_YB_2025,342.38336,432.138932,FA_COM,Unk,Mid Atlantic
478,vulsens_0478,CO,TX_County,AIR_KEY_FA_SFD_Unk,834.567689,293.557068,CC,1,West
479,vulsens_0479,TX,MN_County,AIR_KEY_CC_COM_Auto,359.985449,883.48912,OCC,Auto,Florida
480,vulsens_0480,IL,TX_County,AIR_KEY_YB_COM_2025,145.922077,453.179053,YB_COM,Auto,Southern Great Plains
481,vulsens_0481,MD,AZ_County,AIR_KEY_YB_2010,873.082969,543.30308,FA_COM,Unk,Northeast
482,vulsens_0482,TX,NY_County,AIR_KEY_CC_Steel,389.223672,590.273361,YB,RC,Midwest
483,vulsens_0483,MD,AZ_County,AIR_KEY_CC_COM_Masonry,193.378598,605.651107,OCC,3000,Southern Great Plains
484,vulsens_0484,CO,MD_County,AIR_KEY_YB_COM_Unk,465.406702,1085.109843,FA_COM,Unk,Mid Atlantic
485,vulsens_0485,MD,AZ_County,AIR_KEY_FA_SFD_1000,677.412326,185.178886,YB,1,Mid Atlantic
486,vulsens_0486,MD,CO_County,AIR_KEY_YB_2025,397.827517,348.654983,FA_SFD,20000,Southeast
487,vulsens_0487,TX,CA_County,AIR_KEY_CC_LM,273.010382,573.584429,YB,Wood,West
488,vulsens_0488,NY,NY_County,AIR_KEY_CC_COM_MH,134.31917,169.413497,CC_COM,Masonry,Midwest
489,vulsens_0489,TX,MN_County,AIR_KEY_FA_COM_25000,419.301974,323.250712,CC_COM,1995,Mid Atlantic
490,vulsens_0490,AZ,AZ_County,AIR_KEY_HT_SFD_1,696.220724,486.550291,OCC,2,West
491,vulsens_0491,FL,TX_County,AIR_KEY_YB_COM_1995,288.006887,465.269952,CC_COM,5,Midwest
492,vulsens_0492,TX,IL_County,AIR_KEY_FA_SFD_1000,714.922663,461.400348,CC_COM,RC,Mid Atlantic
493,vulsens_0493,IL,IL_County,AIR_KEY_FA_SFD_3000,890.267851,591.701822,HT_COM,LM,Southern Great Plains
494,vulsens_0494,CO,IL_County,AIR_KEY_CC_MH,806.820611,279.292113,FA_COM,25000,West
495,vulsens_0495,MD,FL_County,AIR_KEY_YB_2020,350.448945,682.25963,FA_COM,1995,Northeast
496,vulsens_0496,NY,TX_County,AIR_KEY_FA_COM_20000,255.421045,773.104531,YB,15000,Southern Great Plains
497,vulsens_0497,AZ,CO_County,AIR_KEY_CC_Steel,370.998411,385.180633,YB,2005,Southeast
498,vulsens_0498,MN,CO_County,AIR_KEY_YB_COM_2000,533.613222,177.29354,HT_SFD,Unk,West
499,vulsens_0499,MN,CO_County,AIR_KEY_FA_COM_5000,649.385582,177.350263,YB_COM,RC,Northern Great Plains
500,vulsens_0500,NY,AL_County,AIR_KEY_HT_COM_Unk,382.730319,258.809243,CC,2000,Southeast
501,vulsens_0501,CA,FL_County,AIR_KEY_YB_COM_2020,528.546451,581.601789,YB,Unk,Southeast
502,vulsens_0502,NY,CO_County,AIR_KEY_YB_2015,438.82037,374.736691,HT_COM,COM,West
503,vulsens_0503,AL,CA_County,AIR_KEY_OCC_MFD,572.157646,326.88705,CC,MH,Southern Great Plains
504,vulsens_0504,TX,AZ_County,AIR_KEY_YB_1995,422.191132,304.150743,OCC,RC,Northeast
505,vulsens_0505,IL,MD_County,AIR_KEY_CC_COM_Auto,413.064668,659.114926,CC,20,Southern Great Plains
506,vulsens_0506,MD,MD_County,AIR_KEY_CC_Steel,518.680083,524.623083,FA_COM,2025,Southeast
507,vulsens_0507,TX,AL_County,AIR_KEY_FA_COM_20000,1093.048052,457.600751,CC_COM,MH,West
508,vulsens_0508,AL,MD_County,AIR_KEY_YB_2000,626.520092,174.27847,CC_COM,10000,Midwest
509,vulsens_0509,MD,CO_County,AIR_KEY_CC_COM_Steel,431.803498,303.960842,CC,25000,West
510,vulsens_0510,FL,NY_County,AIR_KEY_YB_COM_2015,434.875023,221.602382,FA_COM,1995,Northeast
511,vulsens_0511,MN,MD_County,AIR_KEY_CC_RC,658.234524,604.583487,YB,20000,Southern Great Plains
512,vulsens_0512,NY,CA_County,AIR_KEY_CC_Auto,396.140961,392.471661,FA_COM,20000,Southern Great Plains
513,vulsens_0513,AZ,MN_County,AIR_KEY_HT_SFD_1,328.457578,343.773979,YB_COM,Unk,West
514,vulsens_0514,MN,IL_County,AIR_KEY_FA_COM_5000,160.242659,322.22454,FA_SFD,7500,Southeast
515,vulsens_0515,NY,NY_County,AIR_KEY_HT_COM_20,239.183099,756.300498,FA_COM,2010,Southern Great Plains
516,vulsens_0516,FL,TX_County,AIR_KEY_YB_2025,873.162331,542.900551,HT_COM,25000,Northeast
517,vulsens_0517,FL,IL_County,AIR_KEY_YB_2005,390.151226,309.349112,YB_COM,5,Mid Atlantic
518,vulsens_0518,NY,MN_County,AIR_KEY_YB_2010,475.364279,387.431835,CC,5000,West
519,vulsens_0519,AL,AL_County,AIR_KEY_HT_COM_1,379.134968,342.311539,YB_COM,Unk,Southeast
520,vulsens_0520,AZ,MN_County,AIR_KEY_FA_SFD_Unk,267.6194,215.368292,HT_COM,2025,Northern Great Plains
521,vulsens_0521,MN,FL_County,AIR_KEY_HT_SFD_Unk,430.479275,446.465543,YB,2010,West
522,vulsens_0522,AL,AZ_County,AIR_KEY_YB_Unk,788.061654,353.843191,HT_SFD,<1995,Southern Great Plains
523,vulsens_0523,FL,CA_County,AIR_KEY_CC_COM_Wood,353.065848,537.626741,FA_COM,5000,West
524,vulsens_0524,MD,CA_County,AIR_KEY_YB_COM_2015,453.428749,291.673576,YB_COM,Unk,West
525,vulsens_0525,TX,MN_County,AIR_KEY_YB_COM_2000,164.547208,180.295552,YB_COM,Auto,Florida
526,vulsens_0526,MD,AZ_County,AIR_KEY_CC_COM_MH,929.166978,1543.025396,CC,7500,Florida
527,vulsens_0527,CO,AL_County,AIR_KEY_CC_COM_MH,336.524903,365.472442,HT_COM,2020,Florida
528,vulsens_0528,FL,TX_County,AIR_KEY_HT_COM_3,730.837985,1351.916873,HT_COM,2000,West
529,vulsens_0529,TX,TX_County,AIR_KEY_YB_2005,417.571255,602.542593,HT_COM,IND,Florida
530,vulsens_0530,CO,NY_County,AIR_KEY_YB_COM_2015,606.036685,455.846965,HT_SFD,20000,Florida
531,vulsens_0531,NY,AL_County,AIR_KEY_YB_2020,201.2468,452.132184,YB_COM,30000,Northeast
532,vulsens_0532,MD,CA_County,AIR_KEY_FA_SFD_2000,654.865232,419.031842,CC,2005,West
533,vulsens_0533,CA,TX_County,AIR_KEY_HT_COM_10,429.772718,245.054365,CC,LM,West
534,vulsens_0534,CO,CO_County,AIR_KEY_CC_LM,1052.856385,194.292076,HT_COM,1000,Southern Great Plains
535,vulsens_0535,CO,MN_County,AIR_KEY_CC_COM_Masonry,910.725246,321.610334,CC_COM,2,West
536,vulsens_0536,CO,NY_County,AIR_KEY_HT_COM_20,202.501573,206.643633,HT_COM,<1995,Northern Great Plains
537,vulsens_0537,NY,MD_County,AIR_KEY_YB_Unk,425.886189,207.894949,YB,7500,Southern Great Plains
538,vulsens_0538,CO,FL_County,AIR_KEY_YB_COM_2000,164.185736,1011.35519,CC,Unk,Southeast
539,vulsens_0539,NY,TX_County,AIR_KEY_YB_2005,1272.629574,460.296746,YB_COM,3000,Mid Atlantic
540,vulsens_0540,AL,TX_County,AIR_KEY_YB_2025,659.303591,566.534084,CC_COM,MH,Northeast
541,vulsens_0541,MD,NY_County,AIR_KEY_YB_2005,165.194979,305.731243,YB,Unk,Florida
542,vulsens_0542,IL,CA_County,AIR_KEY_CC_COM_Unk,856.311011,667.773825,YB,2015,Northern Great Plains
543,vulsens_0543,IL,MN_County,AIR_KEY_HT_COM_Unk,321.736704,243.915994,HT_COM,10,Southeast
544,vulsens_0544,AL,TX_County,AIR_KEY_YB_2015,383.994455,693.610441,FA_SFD,MH,Southern Great Plains
545,vulsens_0545,AL,AL_County,AIR_KEY_FA_COM_5000,90.53664,139.104316,CC_COM,2010,Florida
546,vulsens_0546,IL,MD_County,AIR_KEY_FA_COM_Unk,441.600587,628.16355,CC_COM,Unk,Mid Atlantic
547,vulsens_0547,MN,AL_County,AIR_KEY_FA_SFD_1000,821.699483,439.717273,YB,2000,West
548,vulsens_0548,NY,NY_County,AIR_KEY_CC_COM_RC,1206.882917,657.321012,HT_COM,Steel,West
549,vulsens_0549,MD,CO_County,AIR_KEY_CC_COM_LM,293.068594,298.117838,CC,2000,Southern Great Plains
550,vulsens_0550,NY,FL_County,AIR_KEY_HT_COM_3,346.024478,301.616116,YB,2000,Midwest
551,vulsens_0551,CO,FL_County,AIR_KEY_FA_COM_20000,414.45236,490.586585,YB,Masonry,Southern Great Plains
552,vulsens_0552,AL,CO_County,AIR_KEY_HT_COM_1,250.284452,814.666687,HT_SFD,1,Northern Great Plains
553,vulsens_0553,MN,MD_County,AIR_KEY_HT_COM_10,392.29342,107.767761,YB_COM,MH,Southern Great Plains
554,vulsens_0554,IL,MN_County,AIR_KEY_HT_COM_20,567.938559,367.273651,HT_COM,5,Southern Great Plains
555,vulsens_0555,AZ,CA_County,AIR_KEY_CC_MH,283.018961,467.264223,YB_COM,3,Mid Atlantic
556,vulsens_0556,MN,CO_County,AIR_KEY_CC_COM_LM,827.248229,692.305884,CC_COM,MFD,Florida
557,vulsens_0557,IL,MD_County,AIR_KEY_YB_Unk,509.738682,437.105004,CC,2,West
558,vulsens_0558,TX,TX_County,AIR_KEY_YB_COM_Unk,399.134894,373.422606,CC_COM,2015,West
559,vulsens_0559,AZ,NY_County,AIR_KEY_YB_COM_2020,190.964802,321.878379,FA_COM,25000,Southeast
560,vulsens_0560,MN,MN_County,AIR_KEY_YB_COM_2005,818.629951,688.413562,HT_COM,2020,Southeast
561,vulsens_0561,AZ,AZ_County,AIR_KEY_HT_COM_15,552.555565,860.828768,YB,Masonry,Mid Atlantic
562,vulsens_0562,MD,TX_County,AIR_KEY_HT_SFD_Unk,447.519245,163.060215,FA_COM,MFD,West
563,vulsens_0563,TX,MD_County,AIR_KEY_HT_COM_1,528.662142,379.470503,CC,<1995,Northern Great Plains
564,vulsens_0564,AZ,CO_County,AIR_KEY_HT_COM_5,374.637835,592.774142,CC_COM,7500,West
565,vulsens_0565,NY,MN_County,AIR_KEY_CC_COM_Wood,244.927382,812.987395,YB,5,Northeast
566,vulsens_0566,MD,IL_County,AIR_KEY_HT_COM_3,792.193396,212.169141,FA_COM,1995,West
567,vulsens_0567,IL,AZ_County,AIR_KEY_YB_COM_1995,227.749017,817.565344,OCC,RC,West
568,vulsens_0568,AL,IL_County,AIR_KEY_OCC_IND,179.58773,231.387439,CC,2010,West
569,vulsens_0569,MD,AZ_County,AIR_KEY_CC_Wood,309.300941,208.039266,FA_SFD,1995,Northern Great Plains
570,vulsens_0570,MD,AZ_County,AIR_KEY_YB_2015,381.02898,636.459275,CC_COM,2025,Mid Atlantic
571,vulsens_0571,TX,NY_County,AIR_KEY_CC_COM_LM,327.559953,476.616351,YB_COM,<1995,Mid Atlantic
572,vulsens_0572,FL,MN_County,AIR_KEY_HT_COM_1,420.154452,409.191443,FA_SFD,2025,Mid Atlantic
573,vulsens_0573,AL,IL_County,AIR_KEY_HT_COM_1,439.939041,243.687415,HT_COM,5000,West
574,vulsens_0574,FL,FL_County,AIR_KEY_YB_2025,274.781532,532.562481,CC_COM,1000,Northeast
575,vulsens_0575,CO,IL_County,AIR_KEY_FA_COM_30000,298.913542,289.108586,CC_COM,15000,Mid Atlantic
576,vulsens_0576,NY,CA_County,AIR_KEY_FA_COM_15000,557.486465,581.236476,OCC,5000,Northeast
577,vulsens_0577,IL,FL_County,AIR_KEY_YB_Unk,891.762941,350.43562,FA_SFD,5,Southern Great Plains
578,vulsens_0578,NY,TX_County,AIR_KEY_YB_2025,461.258951,780.481717,YB,2015,Northeast
579,vulsens_0579,CA,MD_County,AIR_KEY_FA_SFD_7500,581.093355,412.032715,CC_COM,RC,Southern Great Plains
580,vulsens_0580,AL,AL_County,AIR_KEY_HT_COM_20,461.052482,398.081186,OCC,2000,Northeast
581,vulsens_0581,MD,AZ_County,AIR_KEY_YB_COM_2005,650.494797,462.375193,YB_COM,SFD,Northeast
582,vulsens_0582,CO,CA_County,AIR_KEY_HT_SFD_Unk,485.760674,204.049894,FA_COM,2015,Northern Great Plains
583,vulsens_0583,TX,FL_County,AIR_KEY_HT_SFD_Unk,255.458223,459.696324,HT_COM,Steel,Mid Atlantic
584,vulsens_0584,NY,MD_County,AIR_KEY_HT_COM_20,629.711506,403.239718,HT_COM,30000,West
585,vulsens_0585,AL,FL_County,AIR_KEY_CC_LM,418.355968,425.161051,CC_COM,2025,Southern Great Plains
586,vulsens_0586,MD,NY_County,AIR_KEY_CC_COM_MH,385.407528,543.889352,CC,2015,Southern Great Plains
587,vulsens_0587,NY,IL_County,AIR_KEY_HT_COM_10,345.611705,112.866182,YB,COM,Southern Great Plains
588,vulsens_0588,CO,CO_County,AIR_KEY_FA_SFD_7500,599.771414,279.654095,HT_COM,20,West
589,vulsens_0589,MD,AL_County,AIR_KEY_CC_COM_MH,299.419554,221.415888,HT_SFD,SFD,Southern Great Plains
590,vulsens_0590,CO,NY_County,AIR_KEY_FA_SFD_Unk,209.336374,191.983633,FA_SFD,Masonry,Northeast
591,vulsens_0591,AZ,MD_County,AIR_KEY_OCC_COM,301.838258,206.494269,CC,Steel,Mid Atlantic
592,vulsens_0592,CO,MN_County,AIR_KEY_OCC_IND,542.516379,1135.84716,YB,Unk,Southern Great Plains
593,vulsens_0593,FL,CA_County,AIR_KEY_FA_SFD_7500,278.492105,607.034629,CC,Unk,West
594,vulsens_0594,TX,CO_County,AIR_KEY_FA_COM_30000,377.402266,517.289736,CC,15,Midwest
595,vulsens_0595,CA,IL_County,AIR_KEY_CC_COM_Wood,983.298963,196.447761,CC_COM,2015,Southern Great Plains
596,vulsens_0596,CO,NY_County,AIR_KEY_CC_MH,603.067492,619.534105,YB_COM,Masonry,Southern Great Plains
597,vulsens_0597,MN,AZ_County,AIR_KEY_CC_MH,313.918365,260.794578,YB_COM,COM,Florida
598,vulsens_0598,FL,AZ_County,AIR_KEY_YB_2025,582.330871,142.101687,YB_COM,Auto,Southern Great Plains
599,vulsens_0599,CO,MN_County,AIR_KEY_HT_SFD_1,200.666489,441.626506,FA_SFD,15,Southern Great Plains
600,vulsens_0600,CA,NY_County,AIR_KEY_FA_COM_15000,539.620469,153.761044,HT_COM,Masonry,West
601,vulsens_0601,CO,FL_County,AIR_KEY_FA_COM_5000,455.588588,460.030094,YB_COM,2000,Midwest
602,vulsens_0602,NY,CA_County,AIR_KEY_OCC_COM,352.143307,174.750921,OCC,15,Southeast
603,vulsens_0603,CO,AL_County,AIR_KEY_CC_Wood,927.463032,440.667927,HT_SFD,7,West
604,vulsens_0604,AZ,AL_County,AIR_KEY_CC_Unk,908.01095,468.131886,HT_COM,LM,Mid Atlantic
605,vulsens_0605,AL,TX_County,AIR_KEY_CC_RC,570.961856,152.336934,YB,Auto,Northeast
606,vulsens_0606,MD,CO_County,AIR_KEY_FA_SFD_1000,571.894041,216.058506,YB_COM,Steel,West
607,vulsens_0607,AL,TX_County,AIR_KEY_CC_COM_MH,352.433059,345.583624,FA_SFD,7500,Southern Great Plains
608,vulsens_0608,AZ,TX_County,AIR_KEY_YB_COM_2025,152.202571,494.637845,FA_SFD,30000,Midwest
609,vulsens_0609,CO,FL_County,AIR_KEY_YB_COM_2005,380.571835,400.073012,FA_SFD,Unk,Northeast
610,vulsens_0610,MN,IL_County,AIR_KEY_FA_SFD_3000,530.508785,365.535611,FA_COM,RC,Midwest
611,vulsens_0611,MN,FL_County,AIR_KEY_HT_COM_20,564.172895,386.033527,OCC,10,Midwest
612,vulsens_0612,MD,MD_County,AIR_KEY_CC_Masonry,154.179172,805.484898,YB,Unk,Northern Great Plains
613,vulsens_0613,MN,AZ_County,AIR_KEY_YB_COM_2015,194.863001,280.212059,CC,2005,West
614,vulsens_0614,FL,TX_County,AIR_KEY_YB_COM_1995,898.650327,710.323056,HT_COM,MH,Northeast
615,vulsens_0615,CO,MN_County,AIR_KEY_OCC_IND,331.513222,806.699833,CC,LM,Southern Great Plains
616,vulsens_0616,AL,TX_County,AIR_KEY_HT_SFD_2,371.324444,245.878262,HT_SFD,IND,Southeast
617,vulsens_0617,CA,MD_County,AIR_KEY_YB_Unk,320.028491,809.274195,CC_COM,2010,West
618,vulsens_0618,AL,IL_County,AIR_KEY_CC_COM_Steel,513.988956,218.45307,CC,2000,Northern Great Plains
619,vulsens_0619,IL,IL_County,AIR_KEY_CC_COM_Auto,495.719143,289.651451,OCC,2025,Midwest
620,vulsens_0620,IL,TX_County,AIR_KEY_HT_COM_1,1129.02601,429.731552,CC_COM,Unk,Midwest
621,vulsens_0621,TX,NY_County,AIR_KEY_FA_COM_5000,293.606256,286.319936,HT_COM,2025,Mid Atlantic
622,vulsens_0622,CO,AZ_County,AIR_KEY_OCC_Unk,752.437893,412.950036,FA_COM,Unk,Midwest
623,vulsens_0623,AL,IL_County,AIR_KEY_OCC_COM,388.537448,262.92054,CC,1,Southern Great Plains
624,vulsens_0624,NY,CA_County,AIR_KEY_CC_COM_RC,603.349961,1010.587196,HT_COM,2010,Southern Great Plains
625,vulsens_0625,AL,CA_County,AIR_KEY_FA_SFD_2000,594.693181,360.033226,HT_COM,1,Northeast
626,vulsens_0626,CA,CO_County,AIR_KEY_YB_Unk,547.119077,303.006908,OCC,5000,Southeast
627,vulsens_0627,CA,CO_County,AIR_KEY_HT_SFD_1,374.741635,432.473452,FA_COM,3,Midwest
628,vulsens_0628,AZ,CA_County,AIR_KEY_HT_COM_7,498.615374,420.258405,YB_COM,Steel,West
629,vulsens_0629,AZ,AZ_County,AIR_KEY_YB_2020,261.277431,351.983696,YB_COM,1995,Midwest
630,vulsens_0630,CA,IL_County,AIR_KEY_YB_COM_1995,552.596863,363.802335,CC_COM,Unk,Midwest
631,vulsens_0631,MD,MN_County,AIR_KEY_YB_COM_<1995,700.867551,175.388846,FA_SFD,Unk,West
632,vulsens_0632,FL,MN_County,AIR_KEY_YB_2015,311.270348,486.531845,CC_COM,IND,Southern Great Plains
633,vulsens_0633,CO,IL_County,AIR_KEY_FA_COM_30000,277.851943,823.12423,FA_SFD,5000,Southeast
634,vulsens_0634,TX,MD_County,AIR_KEY_YB_2000,777.785233,217.681758,OCC,2020,Southeast
635,vulsens_0635,MN,CA_County,AIR_KEY_YB_Unk,467.744303,682.713053,FA_SFD,RC,Southeast
636,vulsens_0636,MN,CO_County,AIR_KEY_HT_COM_5,307.482248,245.871836,CC_COM,Unk,Southern Great Plains
637,vulsens_0637,AZ,AZ_County,AIR_KEY_OCC_COM,545.977253,297.585847,FA_SFD,30000,West
638,vulsens_0638,IL,CA_County,AIR_KEY_FA_COM_10000,684.33292,214.83436,OCC,5,Northern Great Plains
639,vulsens_0639,IL,MD_County,AIR_KEY_CC_LM,267.823753,388.345379,FA_SFD,1,Mid Atlantic
640,vulsens_0640,MD,AL_County,AIR_KEY_YB_1995,273.590672,172.893285,FA_SFD,2005,West
641,vulsens_0641,NY,TX_County,AIR_KEY_HT_SFD_2,754.866729,364.364587,CC_COM,COM,Florida
642,vulsens_0642,MN,CA_County,AIR_KEY_CC_COM_RC,591.88203,510.565026,HT_COM,LM,Mid Atlantic
643,vulsens_0643,NY,AZ_County,AIR_KEY_YB_1995,181.808164,217.589195,FA_COM,5000,Southeast
644,vulsens_0644,NY,NY_County,AIR_KEY_CC_Auto,572.059114,652.177772,YB_COM,25000,West
645,vulsens_0645,NY,FL_County,AIR_KEY_CC_Masonry,347.449245,235.942484,HT_COM,1,West
646,vulsens_0646,MD,MN_County,AIR_KEY_YB_COM_2015,627.327573,122.985669,FA_SFD,Auto,Mid Atlantic
647,vulsens_0647,NY,IL_County,AIR_KEY_FA_SFD_3000,390.798596,300.316815,FA_COM,LM,West
648,vulsens_0648,TX,MD_County,AIR_KEY_OCC_MFD,417.996928,924.713113,CC,2020,Southern Great Plains
649,vulsens_0649,AL,MN_County,AIR_KEY_CC_Auto,548.22113,628.694307,HT_SFD,5000,Florida
650,vulsens_0650,TX,CO_County,AIR_KEY_HT_COM_Unk,1182.020481,470.611397,HT_SFD,2010,West
651,vulsens_0651,MD,CO_County,AIR_KEY_HT_SFD_1,317.852631,236.002819,CC,15000,Southeast
652,vulsens_0652,NY,CA_County,AIR_KEY_YB_COM_2005,820.882323,339.272747,OCC,2015,Mid Atlantic
653,vulsens_0653,CO,TX_County,AIR_KEY_CC_COM_RC,788.247627,367.817821,FA_SFD,<1995,Southern Great Plains
654,vulsens_0654,TX,AZ_County,AIR_KEY_FA_SFD_7500,216.635196,363.191042,CC,3000,West
655,vulsens_0655,MN,NY_County,AIR_KEY_CC_RC,975.360038,277.382399,CC,Unk,Midwest
656,vulsens_0656,CA,AZ_County,AIR_KEY_CC_RC,484.544024,438.726946,HT_COM,2000,West
657,vulsens_0657,AL,TX_County,AIR_KEY_FA_SFD_3000,703.861294,521.982196,OCC,Auto,Florida
658,vulsens_0658,MN,IL_County,AIR_KEY_YB_<1995,784.734662,700.117434,YB_COM,3000,Northeast
659,vulsens_0659,FL,CO_County,AIR_KEY_CC_COM_Unk,956.739544,695.634747,CC_COM,MFD,Southern Great Plains
660,vulsens_0660,IL,MD_County,AIR_KEY_CC_COM_Unk,769.700123,768.130847,CC,Unk,Southern Great Plains
661,vulsens_0661,IL,CO_County,AIR_KEY_CC_COM_Masonry,328.529734,344.53366,OCC,MH,Midwest
662,vulsens_0662,TX,CA_County,AIR_KEY_HT_COM_15,187.611737,500.834466,YB,2,Northern Great Plains
663,vulsens_0663,FL,MN_County,AIR_KEY_HT_COM_3,246.018681,420.287382,YB,LM,Northeast
664,vulsens_0664,AZ,MD_County,AIR_KEY_YB_COM_2005,277.754453,330.449223,YB_COM,Unk,Southern Great Plains
665,vulsens_0665,FL,MD_County,AIR_KEY_HT_SFD_1,1504.689683,788.056333,YB,5000,Northeast
666,vulsens_0666,AL,TX_County,AIR_KEY_FA_COM_30000,307.570874,278.473682,CC_COM,COM,Florida
667,vulsens_0667,AZ,AL_County,AIR_KEY_CC_COM_Masonry,295.847979,510.249072,YB_COM,7500,West
668,vulsens_0668,AL,MN_County,AIR_KEY_FA_COM_20000,162.464281,489.941293,HT_COM,MFD,Mid Atlantic
669,vulsens_0669,CA,IL_County,AIR_KEY_YB_COM_2015,358.114622,139.310981,YB,2000,Southern Great Plains
670,vulsens_0670,NY,TX_County,AIR_KEY_YB_COM_<1995,508.02268,375.35539,OCC,Masonry,Southern Great Plains
671,vulsens_0671,TX,FL_County,AIR_KEY_CC_COM_Wood,329.713497,248.564167,YB,Steel,Southern Great Plains
672,vulsens_0672,NY,MD_County,AIR_KEY_FA_SFD_3000,184.664897,340.477505,CC,2010,West
673,vulsens_0673,AZ,CA_County,AIR_KEY_YB_2010,416.521199,296.834731,YB_COM,2015,Mid Atlantic
674,vulsens_0674,FL,CA_County,AIR_KEY_OCC_SFD,1279.548337,325.987876,FA_COM,5,Midwest
675,vulsens_0675,MD,MN_County,AIR_KEY_FA_SFD_Unk,458.203163,483.256346,CC,Auto,Southern Great Plains
676,vulsens_0676,AZ,TX_County,AIR_KEY_HT_COM_7,885.408467,464.363689,CC,RC,West
677,vulsens_0677,CO,AZ_County,AIR_KEY_YB_2005,874.197077,633.994074,CC,MFD,Southern Great Plains
678,vulsens_0678,NY,FL_County,AIR_KEY_HT_COM_Unk,316.410799,188.651833,HT_COM,10000,Southern Great Plains
679,vulsens_0679,IL,CA_County,AIR_KEY_CC_Wood,510.600121,115.653427,HT_SFD,2025,Southern Great Plains
680,vulsens_0680,CO,AL_County,AIR_KEY_CC_RC,599.600932,294.988013,FA_COM,Unk,Northern Great Plains
681,vulsens_0681,IL,FL_County,AIR_KEY_CC_COM_RC,269.934971,257.112582,YB_COM,MFD,Mid Atlantic
682,vulsens_0682,IL,CO_County,AIR_KEY_FA_COM_20000,933.633481,917.304352,YB_COM,2005,West
683,vulsens_0683,CO,CA_County,AIR_KEY_HT_COM_7,834.279516,197.288389,YB,1995,Northern Great Plains
684,vulsens_0684,CA,FL_County,AIR_KEY_CC_Unk,364.264765,360.59928,HT_SFD,1995,Northeast
685,vulsens_0685,MD,NY_County,AIR_KEY_CC_MH,449.390856,154.568652,HT_COM,15,Northern Great Plains
686,vulsens_0686,AL,IL_County,AIR_KEY_FA_COM_25000,168.759958,710.647153,FA_COM,<1995,Southeast
687,vulsens_0687,CO,MD_County,AIR_KEY_FA_COM_Unk,482.566377,729.914918,YB,2005,Northeast
688,vulsens_0688,IL,MN_County,AIR_KEY_OCC_IND,617.799583,231.050974,FA_COM,Unk,Midwest
689,vulsens_0689,AL,AZ_County,AIR_KEY_YB_COM_2000,464.68111,593.792142,CC_COM,Unk,Midwest
690,vulsens_0690,AL,AZ_County,AIR_KEY_YB_<1995,973.387411,251.32748,HT_COM,Unk,West
691,vulsens_0691,FL,TX_County,AIR_KEY_HT_SFD_2,239.849655,445.318236,CC_COM,Wood,Southeast
692,vulsens_0692,AZ,AL_County,AIR_KEY_HT_COM_Unk,356.463623,264.703596,FA_COM,2025,West
693,vulsens_0693,FL,IL_County,AIR_KEY_HT_COM_1,385.737474,85.654419,OCC,<1995,Mid Atlantic
694,vulsens_0694,MD,MD_County,AIR_KEY_FA_SFD_7500,354.939067,490.883065,FA_SFD,Unk,West
695,vulsens_0695,IL,CO_County,AIR_KEY_FA_SFD_1000,390.327283,263.367516,CC,<1995,Mid Atlantic
696,vulsens_0696,CO,IL_County,AIR_KEY_HT_COM_15,281.657386,355.239291,CC,1995,Florida
697,vulsens_0697,AZ,CA_County,AIR_KEY_YB_2015,1001.887811,410.971494,YB,1995,Mid Atlantic
698,vulsens_0698,MD,CA_County,AIR_KEY_OCC_MFD,233.379301,1922.435786,HT_COM,RC,Midwest
699,vulsens_0699,MD,FL_County,AIR_KEY_YB_COM_2010,808.399988,415.348443,YB_COM,Unk,Southern Great Plains
700,vulsens_0700,CA,AL_County,AIR_KEY_YB_2020,286.588114,278.577342,YB,2005,Southern Great Plains
701,vulsens_0701,MD,CO_County,AIR_KEY_HT_COM_10,568.168396,626.518809,YB,2025,West
702,vulsens_0702,NY,MN_County,AIR_KEY_YB_2000,969.379312,406.634909,OCC,1,Northern Great Plains
703,vulsens_0703,TX,MD_County,AIR_KEY_CC_LM,278.0995,738.856582,HT_SFD,Unk,Southeast
704,vulsens_0704,IL,CA_County,AIR_KEY_FA_COM_25000,249.114122,363.335261,FA_SFD,15000,Northern Great Plains
705,vulsens_0705,MN,AL_County,AIR_KEY_FA_COM_25000,405.0988,496.330795,CC_COM,Unk,Northeast
706,vulsens_0706,CA,CO_County,AIR_KEY_YB_2010,1066.839536,203.956502,OCC,5000,Southern Great Plains
707,vulsens_0707,CA,MN_County,AIR_KEY_CC_COM_Steel,416.594171,389.765579,YB,Unk,Northern Great Plains
708,vulsens_0708,AZ,CO_County,AIR_KEY_HT_SFD_Unk,315.35664,285.352586,FA_SFD,2000,Northern Great Plains
709,vulsens_0709,AL,TX_County,AIR_KEY_OCC_MFD,1626.323294,213.176894,OCC,1000,West
710,vulsens_0710,TX,CO_County,AIR_KEY_CC_RC,425.324766,794.70978,FA_SFD,Unk,West
711,vulsens_0711,MN,AZ_County,AIR_KEY_YB_COM_2005,220.019559,124.917706,FA_COM,2,Midwest
712,vulsens_0712,AZ,TX_County,AIR_KEY_CC_COM_Masonry,465.219176,411.899627,FA_SFD,2005,Midwest
713,vulsens_0713,MD,FL_County,AIR_KEY_OCC_Unk,252.57393,940.538605,YB,20000,Southeast
714,vulsens_0714,AZ,TX_County,AIR_KEY_CC_Masonry,363.871686,257.473762,HT_COM,2015,Midwest
715,vulsens_0715,MN,NY_County,AIR_KEY_CC_COM_RC,204.807355,530.48297,OCC,Unk,Southern Great Plains
716,vulsens_0716,NY,MN_County,AIR_KEY_FA_COM_20000,451.918753,255.182865,CC,LM,Northeast
717,vulsens_0717,AL,MD_County,AIR_KEY_CC_COM_MH,283.245539,601.416643,HT_COM,Steel,Southern Great Plains
718,vulsens_0718,AZ,NY_County,AIR_KEY_CC_COM_Masonry,372.68342,597.196271,FA_COM,MH,Midwest
719,vulsens_0719,NY,CA_County,AIR_KEY_CC_RC,772.832486,132.775479,OCC,20000,Northern Great Plains
720,vulsens_0720,CO,TX_County,AIR_KEY_CC_Auto,900.877493,180.093799,OCC,5000,West
721,vulsens_0721,IL,CA_County,AIR_KEY_YB_Unk,348.748311,331.05448,FA_COM,1995,Southern Great Plains
722,vulsens_0722,AL,CO_County,AIR_KEY_CC_COM_Masonry,723.622522,462.438974,CC_COM,2000,Midwest
723,vulsens_0723,CO,MD_County,AIR_KEY_HT_COM_1,815.702058,457.949522,YB_COM,Auto,Northern Great Plains
724,vulsens_0724,MD,AZ_County,AIR_KEY_CC_RC,943.808686,467.510901,HT_COM,Unk,Northern Great Plains
725,vulsens_0725,TX,NY_County,AIR_KEY_YB_COM_2025,1171.200297,252.972299,FA_COM,Masonry,Florida
726,vulsens_0726,IL,CA_County,AIR_KEY_FA_COM_10000,333.701721,353.549834,FA_SFD,Unk,Mid Atlantic
727,vulsens_0727,AL,NY_County,AIR_KEY_YB_<1995,526.515973,248.269522,OCC,2010,Southern Great Plains
728,vulsens_0728,CO,IL_County,AIR_KEY_HT_SFD_1,232.257594,193.599324,YB_COM,2020,Southeast
729,vulsens_0729,IL,NY_County,AIR_KEY_FA_COM_15000,573.832754,651.446671,OCC,2,Florida
730,vulsens_0730,NY,AZ_County,AIR_KEY_FA_COM_Unk,237.71148,230.902405,YB,3000,Southern Great Plains
731,vulsens_0731,NY,NY_County,AIR_KEY_FA_COM_15000,326.660959,782.834816,HT_COM,1,Midwest
732,vulsens_0732,MN,MN_County,AIR_KEY_YB_COM_<1995,556.486144,176.165017,CC_COM,Unk,West
733,vulsens_0733,MD,MD_County,AIR_KEY_CC_COM_Auto,369.809355,347.827153,FA_SFD,SFD,Mid Atlantic
734,vulsens_0734,MD,AZ_County,AIR_KEY_OCC_SFD,284.370586,391.866245,FA_COM,LM,Midwest
735,vulsens_0735,CO,NY_County,AIR_KEY_CC_COM_LM,191.221818,730.74339,CC,<1995,Midwest
736,vulsens_0736,FL,MD_County,AIR_KEY_FA_SFD_2000,343.143606,1031.136239,YB,10,Mid Atlantic
737,vulsens_0737,AL,NY_County,AIR_KEY_CC_COM_Auto,1141.334208,871.938447,CC_COM,MH,Southeast
738,vulsens_0738,CA,MN_County,AIR_KEY_YB_<1995,244.3649,199.273614,YB_COM,Unk,Florida
739,vulsens_0739,MD,AL_County,AIR_KEY_HT_COM_Unk,658.259321,542.668146,YB_COM,3,Northern Great Plains
740,vulsens_0740,AZ,CO_County,AIR_KEY_FA_SFD_1000,589.639446,772.066381,HT_COM,2025,Southern Great Plains
741,vulsens_0741,AL,NY_County,AIR_KEY_CC_Masonry,338.227533,319.199618,FA_COM,Steel,West
742,vulsens_0742,TX,MN_County,AIR_KEY_HT_COM_1,590.514885,419.888723,CC,1,Midwest
743,vulsens_0743,MN,NY_County,AIR_KEY_CC_COM_Wood,460.796171,94.17601,YB,2005,Southeast
744,vulsens_0744,TX,AL_County,AIR_KEY_FA_COM_30000,490.302938,350.70688,HT_COM,2015,West
745,vulsens_0745,TX,MD_County,AIR_KEY_HT_COM_Unk,429.353603,403.36026,FA_SFD,RC,Florida
746,vulsens_0746,AL,CO_County,AIR_KEY_OCC_Unk,584.77758,765.114836,CC,Unk,Southeast
747,vulsens_0747,IL,MD_County,AIR_KEY_CC_COM_Masonry,764.650422,444.421487,FA_SFD,20000,Southern Great Plains
748,vulsens_0748,CO,MD_County,AIR_KEY_CC_COM_Masonry,918.208924,323.279092,FA_COM,Unk,Southern Great Plains
749,vulsens_0749,NY,TX_County,AIR_KEY_YB_2010,560.677847,313.67341,OCC,2010,Southeast
750,vulsens_0750,NY,MN_County,AIR_KEY_YB_2025,206.343637,511.843875,FA_SFD,7,Southern Great Plains
751,vulsens_0751,AL,MN_County,AIR_KEY_FA_SFD_Unk,318.973168,435.47409,HT_COM,2000,Mid Atlantic
752,vulsens_0752,MN,FL_County,AIR_KEY_CC_Wood,1319.046417,194.643441,HT_SFD,2000,Florida
753,vulsens_0753,MN,AZ_County,AIR_KEY_YB_Unk,187.44512,798.043475,OCC,25000,Florida
754,vulsens_0754,AZ,CO_County,AIR_KEY_YB_COM_2000,259.625382,193.928896,CC,LM,West
755,vulsens_0755,MD,IL_County,AIR_KEY_FA_SFD_2000,175.28026,964.89722,YB,Masonry,Southern Great Plains
756,vulsens_0756,TX,AZ_County,AIR_KEY_YB_COM_2025,332.645213,576.597969,CC_COM,Wood,Southeast
757,vulsens_0757,CO,MN_County,AIR_KEY_YB_Unk,412.410585,294.254768,OCC,Unk,Southern Great Plains
758,vulsens_0758,CA,AZ_County,AIR_KEY_HT_SFD_1,318.353213,490.201912,OCC,Unk,Midwest
759,vulsens_0759,CA,CO_County,AIR_KEY_OCC_Unk,948.491044,216.234154,CC_COM,20000,Northern Great Plains
760,vulsens_0760,IL,MD_County,AIR_KEY_YB_COM_2015,215.394,282.959979,HT_COM,2015,West
761,vulsens_0761,MN,MN_County,AIR_KEY_OCC_COM,964.925983,533.974061,HT_SFD,2015,Southern Great Plains
762,vulsens_0762,TX,CA_County,AIR_KEY_FA_COM_5000,262.662706,367.797066,CC,20,Florida
763,vulsens_0763,TX,TX_County,AIR_KEY_YB_2025,860.583972,277.553187,HT_SFD,1995,Southern Great Plains
764,vulsens_0764,AZ,FL_County,AIR_KEY_YB_1995,310.361603,974.102779,HT_SFD,COM,Southern Great Plains
765,vulsens_0765,FL,CA_County,AIR_KEY_HT_COM_10,127.477705,402.032442,HT_COM,Unk,Florida
766,vulsens_0766,IL,CA_County,AIR_KEY_CC_COM_RC,516.636516,661.177189,FA_SFD,1000,Florida
767,vulsens_0767,CA,MD_County,AIR_KEY_HT_COM_Unk,197.560949,748.108982,YB,2,West
768,vulsens_0768,MD,TX_County,AIR_KEY_YB_COM_2005,312.962229,334.939569,FA_COM,5000,Northern Great Plains
769,vulsens_0769,MN,FL_County,AIR_KEY_FA_COM_15000,413.878522,339.741982,FA_COM,2010,Southeast
770,vulsens_0770,CO,AZ_County,AIR_KEY_HT_COM_Unk,151.287936,308.376638,HT_COM,Masonry,Northern Great Plains
771,vulsens_0771,NY,CA_County,AIR_KEY_YB_2025,559.648371,582.246628,HT_COM,2000,Midwest
772,vulsens_0772,AZ,AZ_County,AIR_KEY_FA_SFD_1000,495.907136,234.381851,OCC,2010,Southern Great Plains
773,vulsens_0773,AL,NY_County,AIR_KEY_YB_2015,488.844695,668.978717,CC,COM,Southern Great Plains
774,vulsens_0774,CA,TX_County,AIR_KEY_YB_2005,130.401004,509.49831,HT_COM,3000,West
775,vulsens_0775,IL,FL_County,AIR_KEY_FA_SFD_Unk,284.732859,437.082081,FA_COM,Unk,West
776,vulsens_0776,FL,TX_County,AIR_KEY_FA_SFD_Unk,961.88828,452.909014,YB,20,Northern Great Plains
777,vulsens_0777,FL,AL_County,AIR_KEY_YB_2020,579.534919,401.981923,FA_COM,Unk,Midwest
778,vulsens_0778,IL,CA_County,AIR_KEY_YB_COM_<1995,188.20596,224.547321,CC_COM,LM,Midwest
779,vulsens_0779,AZ,CO_County,AIR_KEY_HT_COM_10,403.140522,303.11894,FA_COM,LM,Southern Great Plains
780,vulsens_0780,CA,AZ_County,AIR_KEY_CC_COM_Auto,377.770637,256.711455,YB,Unk,West
781,vulsens_0781,MN,NY_County,AIR_KEY_FA_SFD_3000,900.450436,596.942513,HT_COM,2,West
782,vulsens_0782,AL,AZ_County,AIR_KEY_OCC_SFD,527.338696,424.585729,OCC,3000,Mid Atlantic
783,vulsens_0783,CA,IL_County,AIR_KEY_OCC_IND,455.45912,352.897915,CC,Unk,Mid Atlantic
784,vulsens_0784,CO,FL_County,AIR_KEY_CC_RC,897.681121,549.666479,HT_SFD,LM,Mid Atlantic
785,vulsens_0785,IL,IL_County,AIR_KEY_YB_2010,541.028246,299.040686,OCC,Unk,Florida
786,vulsens_0786,NY,NY_County,AIR_KEY_CC_Steel,585.475345,437.929016,FA_SFD,1995,Southern Great Plains
787,vulsens_0787,IL,CA_County,AIR_KEY_OCC_SFD,927.699497,411.778788,FA_SFD,10000,Northern Great Plains
788,vulsens_0788,MN,AL_County,AIR_KEY_FA_SFD_1000,647.677111,476.451464,YB,Unk,West
789,vulsens_0789,MD,CO_County,AIR_KEY_YB_COM_1995,614.509125,193.39917,YB,LM,Mid Atlantic
790,vulsens_0790,MD,CA_County,AIR_KEY_CC_LM,859.488624,702.513896,FA_SFD,Unk,Northern Great Plains
791,vulsens_0791,MN,CO_County,AIR_KEY_YB_COM_<1995,321.13465,788.90355,CC,20,Mid Atlantic
792,vulsens_0792,AZ,CO_County,AIR_KEY_YB_COM_Unk,872.286813,256.120118,HT_SFD,2025,Northeast
793,vulsens_0793,MD,IL_County,AIR_KEY_HT_COM_10,1029.331996,510.226087,HT_COM,Unk,Northeast
794,vulsens_0794,NY,IL_County,AIR_KEY_FA_COM_30000,377.200528,267.16039,YB_COM,Unk,Southeast
795,vulsens_0795,MN,NY_County,AIR_KEY_HT_COM_3,663.952666,155.230881,HT_COM,<1995,Southern Great Plains
796,vulsens_0796,NY,IL_County,AIR_KEY_HT_COM_Unk,263.829251,379.902216,FA_COM,Unk,Midwest
797,vulsens_0797,MN,AL_County,AIR_KEY_YB_COM_2020,302.711302,693.879718,HT_COM,MFD,Midwest
798,vulsens_0798,IL,MD_County,AIR_KEY_YB_COM_1995,251.731204,613.912646,YB_COM,3000,Southern Great Plains
799,vulsens_0799,CO,AZ_County,AIR_KEY_YB_COM_2015,432.446217,642.982295,HT_COM,2,Florida
800,vulsens_0800,IL,NY_County,AIR_KEY_HT_SFD_Unk,373.866765,194.621242,YB_COM,MH,Southeast
801,vulsens_0801,CO,TX_County,AIR_KEY_FA_COM_Unk,908.821502,1290.644336,YB,Masonry,Midwest
802,vulsens_0802,TX,MD_County,AIR_KEY_FA_COM_Unk,255.381761,818.103038,FA_COM,7500,Southeast
803,vulsens_0803,TX,FL_County,AIR_KEY_YB_COM_2000,402.242928,126.872217,CC_COM,IND,Mid Atlantic
804,vulsens_0804,NY,NY_County,AIR_KEY_OCC_COM,545.524547,359.122742,HT_COM,10000,Mid Atlantic
805,vulsens_0805,MD,CA_County,AIR_KEY_HT_SFD_2,418.196271,263.74038,HT_COM,2020,Northern Great Plains
806,vulsens_0806,IL,MN_County,AIR_KEY_FA_COM_Unk,752.490308,217.113723,CC_COM,Unk,West
807,vulsens_0807,FL,AL_County,AIR_KEY_FA_COM_Unk,1035.672995,290.191407,FA_SFD,2020,Southern Great Plains
808,vulsens_0808,FL,AL_County,AIR_KEY_OCC_MFD,99.959063,176.787837,YB,2,Southern Great Plains
809,vulsens_0809,FL,FL_County,AIR_KEY_FA_SFD_1000,960.159978,364.777661,CC,2025,Southern Great Plains
810,vulsens_0810,MD,MN_County,AIR_KEY_HT_COM_7,191.331739,772.350097,YB,MH,Mid Atlantic
811,vulsens_0811,MD,TX_County,AIR_KEY_YB_COM_1995,206.921654,206.903148,CC_COM,2020,Southeast
812,vulsens_0812,FL,MD_County,AIR_KEY_HT_SFD_Unk,188.536199,310.769094,OCC,2015,West
813,vulsens_0813,MD,FL_County,AIR_KEY_HT_COM_3,226.290599,231.445031,CC,2015,Southern Great Plains
814,vulsens_0814,NY,AZ_County,AIR_KEY_HT_SFD_2,743.743291,601.303554,CC,2015,Northeast
815,vulsens_0815,AL,FL_County,AIR_KEY_FA_COM_25000,658.872097,654.403801,HT_COM,Unk,Midwest
816,vulsens_0816,AL,IL_County,AIR_KEY_FA_COM_25000,606.60875,763.775103,FA_COM,Wood,West
817,vulsens_0817,TX,FL_County,AIR_KEY_OCC_COM,284.044769,485.672814,FA_SFD,MH,Southern Great Plains
818,vulsens_0818,MD,AL_County,AIR_KEY_HT_COM_10,232.945125,328.00232,FA_COM,LM,Southern Great Plains
819,vulsens_0819,CA,IL_County,AIR_KEY_YB_2005,611.549092,555.785628,FA_SFD,10000,Southern Great Plains
820,vulsens_0820,MN,AL_County,AIR_KEY_YB_COM_<1995,323.411261,472.670771,OCC,Wood,Southern Great Plains
821,vulsens_0821,AL,AL_County,AIR_KEY_FA_COM_Unk,611.53789,566.669623,CC,1000,West
822,vulsens_0822,CA,FL_County,AIR_KEY_CC_Steel,383.135826,174.403231,HT_COM,2005,Southern Great Plains
823,vulsens_0823,MD,AZ_County,AIR_KEY_FA_COM_5000,357.269791,354.913416,CC_COM,5,Southern Great Plains
824,vulsens_0824,NY,TX_County,AIR_KEY_FA_SFD_3000,314.478494,413.646554,FA_COM,IND,Mid Atlantic
825,vulsens_0825,CO,AL_County,AIR_KEY_YB_COM_<1995,666.122354,295.651616,CC_COM,5,Southern Great Plains
826,vulsens_0826,FL,MD_County,AIR_KEY_HT_COM_7,983.862637,427.153856,HT_COM,7500,Florida
827,vulsens_0827,MD,IL_County,AIR_KEY_YB_2010,1221.79057,516.481028,CC_COM,2015,Southern Great Plains
828,vulsens_0828,NY,CO_County,AIR_KEY_FA_COM_25000,132.372364,303.864756,YB_COM,Auto,West
829,vulsens_0829,AZ,CO_County,AIR_KEY_YB_COM_2005,92.501178,200.361149,CC,COM,Northeast
830,vulsens_0830,CA,AZ_County,AIR_KEY_CC_COM_Masonry,526.666438,404.324722,YB,2015,Northern Great Plains
831,vulsens_0831,NY,CO_County,AIR_KEY_CC_LM,532.10044,270.204208,YB_COM,3,Mid Atlantic
832,vulsens_0832,AZ,TX_County,AIR_KEY_YB_Unk,500.109484,210.747188,CC_COM,30000,Southern Great Plains
833,vulsens_0833,CA,CA_County,AIR_KEY_HT_COM_15,348.692391,417.011815,FA_COM,2000,Midwest
834,vulsens_0834,IL,AL_County,AIR_KEY_HT_SFD_2,672.793362,444.996068,YB,2015,Florida
835,vulsens_0835,MN,AZ_County,AIR_KEY_YB_COM_2015,404.046332,251.355242,YB,1000,West
836,vulsens_0836,IL,MD_County,AIR_KEY_CC_Unk,381.601299,650.799226,CC_COM,5000,Florida
837,vulsens_0837,AL,MN_County,AIR_KEY_YB_COM_2010,299.721688,614.098808,CC,2015,Southern Great Plains
838,vulsens_0838,MD,IL_County,AIR_KEY_HT_COM_15,424.468719,292.846157,FA_COM,Unk,Southern Great Plains
839,vulsens_0839,TX,FL_County,AIR_KEY_CC_Unk,569.112288,251.051909,FA_COM,2000,Southeast
840,vulsens_0840,IL,AL_County,AIR_KEY_FA_SFD_2000,474.462758,508.133288,CC,Unk,Southern Great Plains
841,vulsens_0841,MN,NY_County,AIR_KEY_YB_2010,208.144832,801.61584,FA_SFD,<1995,Florida
842,vulsens_0842,MD,NY_County,AIR_KEY_HT_COM_3,341.051839,154.839524,FA_SFD,5000,West
843,vulsens_0843,CO,CO_County,AIR_KEY_YB_<1995,609.373955,483.480742,YB_COM,30000,Southeast
844,vulsens_0844,IL,MN_County,AIR_KEY_HT_SFD_Unk,516.654268,783.331559,YB_COM,Unk,West
845,vulsens_0845,IL,MD_County,AIR_KEY_YB_2005,876.242418,151.455711,YB_COM,2020,Midwest
846,vulsens_0846,TX,CO_County,AIR_KEY_YB_2015,910.596428,185.830821,CC_COM,Masonry,Northern Great Plains
847,vulsens_0847,CO,NY_County,AIR_KEY_YB_<1995,806.911895,337.29368,OCC,2015,Southern Great Plains
848,vulsens_0848,AZ,NY_County,AIR_KEY_CC_RC,580.042134,477.73498,FA_SFD,5000,Florida
849,vulsens_0849,CA,NY_County,AIR_KEY_FA_SFD_Unk,417.163202,267.42974,YB,Unk,West
850,vulsens_0850,NY,CO_County,AIR_KEY_YB_COM_2020,231.980343,421.600223,YB,30000,West
851,vulsens_0851,FL,TX_County,AIR_KEY_CC_Unk,712.637068,322.617445,CC_COM,Unk,Northeast
852,vulsens_0852,AZ,MN_County,AIR_KEY_CC_RC,206.274658,1142.95068,YB,Unk,Southeast
853,vulsens_0853,NY,AZ_County,AIR_KEY_YB_Unk,296.998486,269.285588,CC,RC,Northeast
854,vulsens_0854,TX,IL_County,AIR_KEY_HT_COM_15,1328.958585,717.290546,CC_COM,2,Southeast
855,vulsens_0855,NY,AZ_County,AIR_KEY_CC_COM_Masonry,226.304753,211.833955,HT_COM,1,West
856,vulsens_0856,TX,TX_County,AIR_KEY_OCC_SFD,960.251619,258.737125,CC,MH,Northeast
857,vulsens_0857,MN,MD_County,AIR_KEY_YB_2015,430.471752,459.004539,CC,LM,Southern Great Plains
858,vulsens_0858,NY,IL_County,AIR_KEY_YB_COM_2020,578.918922,291.410684,FA_SFD,2020,Northern Great Plains
859,vulsens_0859,CA,MD_County,AIR_KEY_YB_COM_<1995,454.989339,350.608291,HT_COM,Wood,Northern Great Plains
860,vulsens_0860,AZ,MD_County,AIR_KEY_HT_SFD_2,435.419121,469.386951,HT_COM,10,Mid Atlantic
861,vulsens_0861,TX,MD_County,AIR_KEY_FA_COM_Unk,580.68474,303.901458,CC,2020,Midwest
862,vulsens_0862,MD,MN_County,AIR_KEY_CC_COM_LM,536.721993,160.294802,HT_COM,MFD,Mid Atlantic
863,vulsens_0863,NY,CO_County,AIR_KEY_YB_COM_<1995,976.853973,244.573317,HT_SFD,Steel,Southern Great Plains
864,vulsens_0864,TX,MD_County,AIR_KEY_YB_COM_2025,241.627499,246.987108,YB,Unk,Northeast
865,vulsens_0865,CA,MN_County,AIR_KEY_FA_COM_10000,1287.380558,189.500199,FA_SFD,1,West
866,vulsens_0866,CA,CO_County,AIR_KEY_YB_2015,233.903411,241.852269,YB,10000,Mid Atlantic
867,vulsens_0867,NY,AL_County,AIR_KEY_CC_Unk,179.774932,263.174075,CC_COM,2015,Florida
868,vulsens_0868,CO,FL_County,AIR_KEY_FA_SFD_3000,175.676486,561.569134,OCC,2005,Southern Great Plains
869,vulsens_0869,AL,IL_County,AIR_KEY_YB_1995,572.836208,448.082872,CC_COM,MH,Midwest
870,vulsens_0870,IL,AL_County,AIR_KEY_YB_COM_Unk,573.825161,215.522712,CC_COM,1,Southeast
871,vulsens_0871,TX,MN_County,AIR_KEY_CC_Auto,174.5368,337.893856,YB,10,Northeast
872,vulsens_0872,TX,IL_County,AIR_KEY_FA_SFD_3000,347.756966,284.986095,CC_COM,Steel,Northeast
873,vulsens_0873,MD,MN_County,AIR_KEY_HT_COM_10,962.916606,239.515187,OCC,1,Northeast
874,vulsens_0874,MN,TX_County,AIR_KEY_YB_2025,216.008757,209.59015,OCC,2005,Midwest
875,vulsens_0875,CA,AL_County,AIR_KEY_CC_COM_LM,249.651844,261.031834,CC_COM,MH,Southern Great Plains
876,vulsens_0876,MD,TX_County,AIR_KEY_YB_COM_2010,932.001593,470.979655,HT_COM,2000,Northern Great Plains
877,vulsens_0877,TX,FL_County,AIR_KEY_CC_COM_Masonry,323.313059,402.500047,YB,5,West
878,vulsens_0878,CO,IL_County,AIR_KEY_YB_2025,532.650576,499.954305,CC,2005,West
879,vulsens_0879,MN,MN_County,AIR_KEY_CC_COM_Unk,1196.158741,945.91108,YB,2010,Midwest
880,vulsens_0880,FL,MD_County,AIR_KEY_YB_2010,870.683466,291.226736,YB,Unk,Southern Great Plains
881,vulsens_0881,TX,IL_County,AIR_KEY_OCC_IND,525.424575,711.255267,YB,20,Southern Great Plains
882,vulsens_0882,AL,TX_County,AIR_KEY_CC_COM_Unk,1098.075584,877.71656,YB,MFD,Midwest
883,vulsens_0883,AL,AZ_County,AIR_KEY_HT_COM_20,393.351955,313.311507,CC_COM,2020,Midwest
884,vulsens_0884,IL,NY_County,AIR_KEY_HT_COM_7,255.037229,777.959962,HT_COM,15000,West
885,vulsens_0885,IL,CO_County,AIR_KEY_HT_COM_5,439.680676,280.738853,OCC,1995,Northern Great Plains
886,vulsens_0886,MD,CO_County,AIR_KEY_YB_<1995,810.777583,358.775226,YB,20,Northern Great Plains
887,vulsens_0887,FL,CO_County,AIR_KEY_CC_COM_Wood,294.301607,809.62295,OCC,Unk,West
888,vulsens_0888,AZ,MN_County,AIR_KEY_OCC_Unk,464.759063,1167.622871,HT_COM,2005,West
889,vulsens_0889,FL,CA_County,AIR_KEY_YB_COM_2010,401.440624,429.787519,CC_COM,5000,Northeast
890,vulsens_0890,CA,CO_County,AIR_KEY_YB_COM_2010,305.940924,591.536431,FA_COM,Unk,Florida
891,vulsens_0891,FL,IL_County,AIR_KEY_CC_COM_Wood,626.724362,353.701589,YB,3000,Northern Great Plains
892,vulsens_0892,MN,TX_County,AIR_KEY_HT_COM_1,546.438135,571.179118,FA_SFD,Unk,Mid Atlantic
893,vulsens_0893,IL,NY_County,AIR_KEY_YB_COM_<1995,769.771159,508.35172,OCC,2025,Midwest
894,vulsens_0894,MN,CA_County,AIR_KEY_HT_COM_5,466.633003,582.30517,CC_COM,IND,Northern Great Plains
895,vulsens_0895,NY,NY_County,AIR_KEY_YB_1995,571.584119,426.054789,CC_COM,2005,Northern Great Plains
896,vulsens_0896,CO,CO_County,AIR_KEY_HT_SFD_2,891.754432,202.915003,YB_COM,2025,West
897,vulsens_0897,IL,AZ_County,AIR_KEY_HT_COM_7,641.689298,550.144368,CC,Wood,Northeast
898,vulsens_0898,MN,FL_County,AIR_KEY_FA_SFD_1000,324.083931,186.969601,OCC,MH,Mid Atlantic
899,vulsens_0899,TX,AZ_County,AIR_KEY_CC_Unk,611.488425,491.793106,CC,20,Southern Great Plains
900,vulsens_0900,CO,FL_County,AIR_KEY_CC_MH,1040.062956,416.886479,YB,2015,Southern Great Plains
901,vulsens_0901,CO,AL_County,AIR_KEY_CC_Wood,311.34073,709.743163,CC,5,Southeast
902,vulsens_0902,MN,TX_County,AIR_KEY_YB_Unk,199.668028,163.558921,FA_COM,1000,Southern Great Plains
903,vulsens_0903,TX,AZ_County,AIR_KEY_YB_Unk,689.815963,446.48506,CC_COM,2025,Florida
904,vulsens_0904,MD,TX_County,AIR_KEY_FA_SFD_5000,889.429602,493.638297,YB,Unk,West
905,vulsens_0905,FL,IL_County,AIR_KEY_CC_COM_Auto,141.399862,360.080431,CC_COM,Unk,Northern Great Plains
906,vulsens_0906,MN,MN_County,AIR_KEY_CC_Wood,184.117136,517.983923,YB,Auto,Northern Great Plains
907,vulsens_0907,TX,CA_County,AIR_KEY_CC_Auto,470.919287,324.835935,CC,2005,Mid Atlantic
908,vulsens_0908,CO,AZ_County,AIR_KEY_CC_Auto,438.370519,609.757386,CC,3000,Midwest
909,vulsens_0909,CO,CO_County,AIR_KEY_HT_COM_7,602.483472,545.331128,CC_COM,5000,Northeast
910,vulsens_0910,CA,FL_County,AIR_KEY_HT_COM_5,410.644798,271.49105,FA_COM,7500,Southern Great Plains
911,vulsens_0911,AL,AL_County,AIR_KEY_YB_Unk,259.931903,436.715037,YB,2015,Southeast
912,vulsens_0912,AL,FL_County,AIR_KEY_HT_SFD_1,893.38762,211.171177,CC,Wood,Northeast
913,vulsens_0913,AZ,AZ_County,AIR_KEY_FA_COM_10000,909.17187,766.513593,HT_SFD,5000,Midwest
914,vulsens_0914,IL,MD_County,AIR_KEY_FA_SFD_7500,151.41317,562.863793,YB,RC,Mid Atlantic
915,vulsens_0915,IL,NY_County,AIR_KEY_CC_COM_MH,418.139183,381.788128,HT_COM,LM,Southeast
916,vulsens_0916,AL,FL_County,AIR_KEY_CC_COM_RC,598.190897,645.621094,HT_COM,20000,Southern Great Plains
917,vulsens_0917,CO,CA_County,AIR_KEY_FA_COM_20000,359.695185,1113.952732,HT_COM,3,Florida
918,vulsens_0918,FL,FL_County,AIR_KEY_YB_COM_Unk,824.92714,199.758069,HT_COM,10,Southeast
919,vulsens_0919,FL,NY_County,AIR_KEY_FA_SFD_Unk,454.635221,621.473846,HT_COM,15000,West
920,vulsens_0920,NY,AZ_County,AIR_KEY_YB_2020,589.295428,996.45263,FA_SFD,<1995,Florida
921,vulsens_0921,TX,TX_County,AIR_KEY_FA_SFD_3000,431.109939,224.198139,YB_COM,25000,Mid Atlantic
922,vulsens_0922,FL,MD_County,AIR_KEY_CC_COM_MH,519.76341,430.016723,CC,5,Florida
923,vulsens_0923,MN,MD_County,AIR_KEY_CC_COM_RC,564.181645,423.461119,HT_COM,<1995,Southern Great Plains
924,vulsens_0924,CA,MN_County,AIR_KEY_OCC_IND,859.589628,217.786149,FA_SFD,2000,Southern Great Plains
925,vulsens_0925,CO,AZ_County,AIR_KEY_CC_RC,437.485916,437.984454,YB,Steel,Southeast
926,vulsens_0926,MD,MN_County,AIR_KEY_YB_COM_Unk,350.688284,1228.689802,FA_COM,2010,West
927,vulsens_0927,IL,CO_County,AIR_KEY_YB_2020,325.507664,307.884022,CC,MH,Florida
928,vulsens_0928,CA,NY_County,AIR_KEY_YB_2000,141.630969,211.280775,YB_COM,5000,West
929,vulsens_0929,IL,MD_County,AIR_KEY_CC_MH,338.838887,1858.972042,CC,SFD,Southeast
930,vulsens_0930,CA,CA_County,AIR_KEY_FA_SFD_2000,254.881626,575.859056,CC,Unk,Northern Great Plains
931,vulsens_0931,CA,AZ_County,AIR_KEY_YB_COM_<1995,620.471486,316.521644,YB,2000,Southeast
932,vulsens_0932,MD,NY_County,AIR_KEY_HT_SFD_2,385.731151,224.780839,YB_COM,2025,Southern Great Plains
933,vulsens_0933,IL,IL_County,AIR_KEY_FA_SFD_Unk,137.633634,1035.789762,FA_COM,2020,Southeast
934,vulsens_0934,AZ,NY_County,AIR_KEY_HT_COM_20,914.47078,340.078575,FA_SFD,Unk,Southern Great Plains
935,vulsens_0935,FL,NY_County,AIR_KEY_YB_COM_2005,100.330765,379.58128,CC_COM,Auto,Northeast
936,vulsens_0936,CO,NY_County,AIR_KEY_YB_COM_2000,406.048344,421.94816,YB,2000,Florida
937,vulsens_0937,CA,AZ_County,AIR_KEY_OCC_IND,310.327217,470.009736,YB_COM,2010,Northeast
938,vulsens_0938,MN,FL_County,AIR_KEY_CC_Steel,609.365923,213.449976,HT_SFD,2010,Mid Atlantic
939,vulsens_0939,FL,NY_County,AIR_KEY_YB_COM_2000,242.915857,362.456482,CC_COM,20,Southern Great Plains
940,vulsens_0940,MN,AZ_County,AIR_KEY_CC_COM_MH,588.496306,470.152874,YB_COM,1995,Southern Great Plains
941,vulsens_0941,FL,MD_County,AIR_KEY_FA_COM_20000,360.223006,968.219802,CC_COM,2,Florida
942,vulsens_0942,MN,NY_County,AIR_KEY_FA_SFD_1000,596.791245,346.143962,HT_COM,10,Florida
943,vulsens_0943,MD,CO_County,AIR_KEY_HT_SFD_1,413.579628,417.168969,CC_COM,1995,Mid Atlantic
944,vulsens_0944,AZ,CA_County,AIR_KEY_YB_2010,235.196933,1125.633508,YB_COM,MH,Florida
945,vulsens_0945,NY,MD_County,AIR_KEY_YB_COM_2000,374.733124,389.741237,CC,<1995,Southern Great Plains
946,vulsens_0946,NY,TX_County,AIR_KEY_CC_RC,345.073064,320.669559,YB_COM,2010,Florida
947,vulsens_0947,TX,AZ_County,AIR_KEY_HT_COM_5,205.305239,499.459101,HT_SFD,2000,Northern Great Plains
948,vulsens_0948,CO,FL_County,AIR_KEY_HT_COM_5,483.914634,287.015913,YB,Unk,Northern Great Plains
949,vulsens_0949,AL,TX_County,AIR_KEY_CC_Auto,332.996046,315.680106,CC_COM,Unk,Northeast
950,vulsens_0950,MD,CA_County,AIR_KEY_HT_COM_Unk,612.711845,439.322091,CC,Masonry,Southeast
951,vulsens_0951,MD,MD_County,AIR_KEY_HT_COM_15,355.143428,427.122705,CC,15,Florida
952,vulsens_0952,CA,CA_County,AIR_KEY_HT_SFD_1,786.751665,392.591658,CC_COM,3,Southern Great Plains
953,vulsens_0953,NY,FL_County,AIR_KEY_HT_COM_5,891.572009,349.019615,HT_SFD,<1995,Northeast
954,vulsens_0954,CO,FL_County,AIR_KEY_HT_COM_5,312.95604,397.634722,CC_COM,Wood,West
955,vulsens_0955,FL,TX_County,AIR_KEY_YB_2010,191.015417,356.288693,YB_COM,7500,Florida
956,vulsens_0956,MD,MN_County,AIR_KEY_YB_2005,303.721412,306.118285,CC,<1995,Northern Great Plains
957,vulsens_0957,MN,MD_County,AIR_KEY_HT_SFD_1,213.956109,249.003928,YB,Wood,Florida
958,vulsens_0958,MN,TX_County,AIR_KEY_CC_COM_Wood,501.380267,679.917393,HT_COM,2005,Florida
959,vulsens_0959,MD,NY_County,AIR_KEY_HT_SFD_2,220.875187,273.128193,HT_SFD,5000,Southern Great Plains
960,vulsens_0960,TX,CO_County,AIR_KEY_FA_COM_25000,539.257193,304.783603,YB,MH,Southern Great Plains
961,vulsens_0961,CA,TX_County,AIR_KEY_FA_SFD_2000,740.450235,294.947367,OCC,1995,West
962,vulsens_0962,CO,CO_County,AIR_KEY_CC_Unk,483.922404,1028.623694,HT_COM,20000,Northeast
963,vulsens_0963,IL,CO_County,AIR_KEY_CC_COM_MH,593.069504,223.656938,YB,2005,West
964,vulsens_0964,FL,MN_County,AIR_KEY_HT_COM_5,464.316851,513.608036,FA_SFD,MH,West
965,vulsens_0965,AZ,NY_County,AIR_KEY_YB_2015,2042.750958,281.109462,YB_COM,15000,Florida
966,vulsens_0966,IL,AZ_County,AIR_KEY_YB_2010,476.905189,474.036408,YB,30000,Florida
967,vulsens_0967,AL,MN_County,AIR_KEY_YB_COM_<1995,712.924381,282.197782,YB,SFD,Northeast
968,vulsens_0968,NY,MD_County,AIR_KEY_FA_SFD_5000,957.779416,368.205192,FA_COM,2025,Florida
969,vulsens_0969,MN,TX_County,AIR_KEY_YB_COM_2005,549.084354,85.34476,CC,2,West
970,vulsens_0970,AZ,FL_County,AIR_KEY_CC_COM_Auto,694.812027,438.364896,YB_COM,LM,Northeast
971,vulsens_0971,MD,MN_County,AIR_KEY_FA_SFD_2000,502.05732,1092.518855,YB,1995,Southern Great Plains
972,vulsens_0972,AZ,NY_County,AIR_KEY_CC_Auto,196.144486,340.214458,FA_SFD,20000,Mid Atlantic
973,vulsens_0973,CO,CA_County,AIR_KEY_CC_Auto,270.225658,1129.242515,CC_COM,Auto,Southern Great Plains
974,vulsens_0974,MN,FL_County,AIR_KEY_HT_COM_Unk,505.172588,840.353551,HT_COM,2010,Southern Great Plains
975,vulsens_0975,TX,NY_County,AIR_KEY_YB_COM_2015,552.70847,382.960231,HT_COM,2000,Southern Great Plains
976,vulsens_0976,MN,AZ_County,AIR_KEY_FA_SFD_3000,324.192827,137.60852,FA_COM,2020,Southeast
977,vulsens_0977,AL,MD_County,AIR_KEY_CC_Masonry,483.99355,225.830833,HT_COM,RC,West
978,vulsens_0978,IL,CO_County,AIR_KEY_FA_COM_20000,746.045047,337.470609,HT_SFD,Unk,West
979,vulsens_0979,CO,NY_County,AIR_KEY_OCC_Unk,1452.012029,192.708571,YB_COM,2000,Southern Great Plains
980,vulsens_0980,CA,AZ_County,AIR_KEY_YB_Unk,280.696202,345.039041,YB,7,Southern Great Plains
981,vulsens_0981,IL,MN_County,AIR_KEY_OCC_SFD,582.312986,452.113176,CC_COM,Unk,Mid Atlantic
982,vulsens_0982,AZ,IL_County,AIR_KEY_YB_2005,783.346423,349.260015,HT_SFD,IND,Southern Great Plains
983,vulsens_0983,FL,MN_County,AIR_KEY_YB_COM_2010,201.45513,281.98081,YB_COM,Unk,Southern Great Plains
984,vulsens_0984,AL,CO_County,AIR_KEY_CC_RC,614.933344,425.393637,CC,3,West
985,vulsens_0985,AZ,CO_County,AIR_KEY_HT_COM_Unk,555.352887,268.186167,YB,Wood,West
986,vulsens_0986,NY,AL_County,AIR_KEY_FA_COM_25000,313.126258,287.014807,YB,3,Northeast
987,vulsens_0987,IL,CO_County,AIR_KEY_CC_COM_Steel,505.69454,361.845397,FA_COM,1995,Northeast
988,vulsens_0988,AL,NY_County,AIR_KEY_YB_COM_2005,262.78763,185.801704,HT_SFD,15,Mid Atlantic
989,vulsens_0989,TX,CA_County,AIR_KEY_FA_SFD_3000,339.079664,732.693962,YB,Unk,West
990,vulsens_0990,MD,CA_County,AIR_KEY_FA_SFD_Unk,499.538154,370.784712,YB,Unk,Southeast
991,vulsens_0991,IL,MD_County,AIR_KEY_CC_Masonry,262.063539,190.561459,YB,10000,Midwest
992,vulsens_0992,NY,FL_County,AIR_KEY_YB_2015,526.985039,344.718327,CC_COM,Steel,Southern Great Plains
993,vulsens_0993,FL,CO_County,AIR_KEY_YB_<1995,609.254603,180.57606,OCC,SFD,Midwest
994,vulsens_0994,MN,FL_County,AIR_KEY_FA_COM_30000,279.973347,256.035868,FA_COM,5000,Southern Great Plains
995,vulsens_0995,AL,FL_County,AIR_KEY_CC_LM,563.473171,805.55067,HT_SFD,2015,Midwest
996,vulsens_0996,FL,AL_County,AIR_KEY_HT_COM_Unk,730.269807,378.507756,FA_SFD,Unk,Mid Atlantic
997,vulsens_0997,AL,AL_County,AIR_KEY_YB_COM_2020,1117.364699,158.052006,CC,20000,Southeast
998,vulsens_0998,AL,MD_County,AIR_KEY_YB_2010,1114.32079,496.950423,OCC,IND,Northern Great Plains
999,vulsens_0999,CA,NY_County,AIR_KEY_FA_SFD_2000,321.870241,176.390602,FA_SFD,RC,Florida
1000,vulsens_1000,MN,IL_County,AIR_KEY_CC_COM_Masonry,389.124354,413.999948,CC,Wood,Mid Atlantic
1001,vulsens_1001,MD,FL_County,AIR_KEY_OCC_SFD,512.982444,522.201351,YB,2010,Southern Great Plains
1002,vulsens_1002,AL,MD_County,AIR_KEY_FA_COM_15000,269.146464,296.012251,CC,MH,Northeast
1003,vulsens_1003,CO,IL_County,AIR_KEY_OCC_Unk,312.086675,188.732299,YB,1,Northern Great Plains
1004,vulsens_1004,CO,IL_County,AIR_KEY_CC_COM_Wood,184.059597,401.376124,YB,Masonry,West
1005,vulsens_1005,AL,IL_County,AIR_KEY_FA_SFD_3000,470.534779,284.446656,FA_COM,Unk,West
1006,vulsens_1006,CO,AZ_County,AIR_KEY_FA_COM_15000,851.627888,203.903522,CC,Masonry,Florida
1007,vulsens_1007,CO,FL_County,AIR_KEY_FA_SFD_1000,393.543005,790.227462,FA_SFD,2005,Northeast
1008,vulsens_1008,CO,MN_County,AIR_KEY_FA_SFD_7500,818.52857,274.748146,HT_SFD,1995,Southern Great Plains
1009,vulsens_1009,CO,AZ_County,AIR_KEY_HT_COM_5,242.252003,247.943511,YB,RC,Northeast
1010,vulsens_1010,FL,MD_County,AIR_KEY_OCC_Unk,636.174816,709.079735,CC_COM,Wood,West
1011,vulsens_1011,MN,IL_County,AIR_KEY_CC_COM_RC,359.667975,824.388682,CC,1995,Florida
1012,vulsens_1012,FL,NY_County,AIR_KEY_CC_MH,724.925463,523.96254,HT_COM,2005,Midwest
1013,vulsens_1013,NY,AL_County,AIR_KEY_YB_2000,566.270246,484.834458,CC_COM,15,Southeast
1014,vulsens_1014,CO,CA_County,AIR_KEY_OCC_MFD,741.796155,178.659,YB_COM,2005,Midwest
1015,vulsens_1015,TX,AL_County,AIR_KEY_HT_COM_3,302.145829,216.065667,YB,10000,Mid Atlantic
1016,vulsens_1016,AL,IL_County,AIR_KEY_YB_2025,341.135515,349.600892,YB,1995,Mid Atlantic
1017,vulsens_1017,CA,CA_County,AIR_KEY_CC_COM_LM,141.152136,439.022799,FA_SFD,RC,West
1018,vulsens_1018,AZ,IL_County,AIR_KEY_YB_<1995,443.372598,264.921363,HT_SFD,MH,West
1019,vulsens_1019,CA,CA_County,AIR_KEY_HT_SFD_1,186.58785,290.980364,FA_SFD,Wood,Florida
1020,vulsens_1020,CO,CA_County,AIR_KEY_CC_COM_RC,514.69918,220.2324,YB_COM,2000,Mid Atlantic
1021,vulsens_1021,CO,AL_County,AIR_KEY_YB_2010,391.063664,683.494509,FA_COM,3,Southern Great Plains
1022,vulsens_1022,MN,NY_County,AIR_KEY_HT_COM_1,201.65872,424.920431,HT_COM,5000,Northern Great Plains
1023,vulsens_1023,FL,AZ_County,AIR_KEY_YB_COM_1995,306.810289,154.228549,FA_SFD,Steel,Northeast
1024,vulsens_1024,MD,MN_County,AIR_KEY_CC_COM_Unk,893.472129,352.827427,CC_COM,2005,Florida
1025,vulsens_1025,IL,IL_County,AIR_KEY_FA_SFD_7500,1221.263705,170.051589,CC_COM,15000,Midwest
1026,vulsens_1026,IL,CA_County,AIR_KEY_CC_COM_MH,613.371369,648.384124,CC_COM,COM,Southern Great Plains
1027,vulsens_1027,AZ,CO_County,AIR_KEY_CC_COM_Wood,212.436281,515.52731,HT_SFD,Masonry,Southern Great Plains
1028,vulsens_1028,MN,AL_County,AIR_KEY_FA_SFD_7500,288.961163,426.83785,FA_COM,2005,Mid Atlantic
1029,vulsens_1029,IL,AZ_County,AIR_KEY_FA_COM_10000,511.676491,1794.427149,HT_COM,15,Midwest
1030,vulsens_1030,CA,AL_County,AIR_KEY_HT_SFD_2,683.069726,91.849437,YB,1995,Midwest
1031,vulsens_1031,MD,AZ_County,AIR_KEY_YB_Unk,1058.912019,717.019729,YB,<1995,Florida
1032,vulsens_1032,TX,NY_County,AIR_KEY_HT_SFD_2,404.129992,442.584358,CC_COM,RC,Northeast
1033,vulsens_1033,NY,TX_County,AIR_KEY_CC_Wood,211.496071,290.023951,CC,2,Southeast
1034,vulsens_1034,CO,CO_County,AIR_KEY_YB_2000,109.389012,284.951887,YB,MH,West
1035,vulsens_1035,AZ,TX_County,AIR_KEY_CC_COM_Auto,924.327895,501.025078,CC,20000,Mid Atlantic
1036,vulsens_1036,MD,MD_County,AIR_KEY_OCC_MFD,807.478732,178.655209,FA_SFD,<1995,West
1037,vulsens_1037,TX,AZ_County,AIR_KEY_CC_MH,542.458358,483.748162,FA_SFD,Unk,Southern Great Plains
1038,vulsens_1038,AZ,NY_County,AIR_KEY_YB_2005,412.574995,680.174412,CC_COM,<1995,Southeast
1039,vulsens_1039,AL,CO_County,AIR_KEY_YB_COM_2015,679.529476,579.307039,YB,2020,West
1040,vulsens_1040,CA,AL_County,AIR_KEY_CC_COM_Wood,1571.465442,380.880004,HT_SFD,Steel,Midwest
1041,vulsens_1041,MN,TX_County,AIR_KEY_OCC_Unk,408.991434,204.00631,CC,Unk,Midwest
1042,vulsens_1042,IL,CA_County,AIR_KEY_HT_COM_10,203.855669,372.46729,CC_COM,1995,Northern Great Plains
1043,vulsens_1043,AZ,MD_County,AIR_KEY_FA_COM_5000,197.771339,885.600472,HT_SFD,Masonry,West
1044,vulsens_1044,CA,CA_County,AIR_KEY_FA_COM_30000,373.034082,121.722515,HT_COM,10,Florida
1045,vulsens_1045,IL,FL_County,AIR_KEY_HT_COM_3,469.680739,1081.732879,CC_COM,2005,Northeast
1046,vulsens_1046,IL,AL_County,AIR_KEY_FA_COM_30000,228.941317,812.493537,CC,Steel,West
1047,vulsens_1047,IL,CA_County,AIR_KEY_YB_2025,367.235502,140.032726,YB,2015,Southeast
1048,vulsens_1048,AL,IL_County,AIR_KEY_YB_COM_1995,457.71179,323.066153,HT_COM,Steel,Midwest
1049,vulsens_1049,AZ,CO_County,AIR_KEY_YB_COM_<1995,591.039296,493.187358,HT_COM,1,West
1050,vulsens_1050,CO,NY_County,AIR_KEY_HT_COM_7,163.758188,276.918827,CC,3000,Florida
1051,vulsens_1051,IL,CO_County,AIR_KEY_YB_COM_<1995,287.164957,353.656951,FA_COM,2005,West
1052,vulsens_1052,IL,AZ_County,AIR_KEY_FA_SFD_2000,931.45158,384.750021,FA_COM,<1995,Northern Great Plains
1053,vulsens_1053,CA,CO_County,AIR_KEY_CC_LM,317.495467,299.556239,YB,1000,West
1054,vulsens_1054,MD,MD_County,AIR_KEY_HT_COM_Unk,730.3764,453.123134,FA_COM,2,Northern Great Plains
1055,vulsens_1055,CA,MD_County,AIR_KEY_YB_1995,210.25406,491.522621,FA_SFD,Steel,Northeast
1056,vulsens_1056,TX,MN_County,AIR_KEY_FA_COM_Unk,454.101484,1044.132205,CC_COM,IND,West
1057,vulsens_1057,CO,AL_County,AIR_KEY_YB_COM_1995,1021.007692,269.065268,YB,Unk,Florida
1058,vulsens_1058,MN,TX_County,AIR_KEY_CC_COM_RC,729.017649,355.450512,CC,2,Midwest
1059,vulsens_1059,FL,CO_County,AIR_KEY_HT_COM_Unk,264.840234,343.044059,FA_COM,MH,Northern Great Plains
1060,vulsens_1060,AZ,FL_County,AIR_KEY_HT_COM_3,203.172667,276.936272,CC,7500,Northeast
1061,vulsens_1061,CO,AZ_County,AIR_KEY_CC_COM_Wood,365.186019,719.013367,YB,2010,West
1062,vulsens_1062,CO,MD_County,AIR_KEY_FA_COM_30000,192.275623,177.871706,YB_COM,LM,Mid Atlantic
1063,vulsens_1063,AZ,NY_County,AIR_KEY_CC_COM_Steel,385.96584,371.898971,HT_COM,Masonry,Southeast
1064,vulsens_1064,IL,AL_County,AIR_KEY_YB_COM_2020,1186.353119,322.243656,HT_COM,30000,Northern Great Plains
1065,vulsens_1065,MD,MD_County,AIR_KEY_FA_SFD_2000,559.316333,505.086491,HT_COM,RC,Mid Atlantic
1066,vulsens_1066,AL,MD_County,AIR_KEY_OCC_MFD,251.394918,797.446512,YB,20000,Southeast
1067,vulsens_1067,AZ,FL_County,AIR_KEY_HT_COM_20,591.642845,385.916947,CC,2015,Northeast
1068,vulsens_1068,IL,FL_County,AIR_KEY_YB_COM_2020,234.923861,592.014631,OCC,2015,West
1069,vulsens_1069,TX,MN_County,AIR_KEY_YB_Unk,400.14375,742.061709,FA_SFD,MFD,West
1070,vulsens_1070,TX,TX_County,AIR_KEY_YB_COM_2000,320.493759,475.939298,CC,Masonry,Midwest
1071,vulsens_1071,FL,FL_County,AIR_KEY_CC_Auto,802.035303,372.173987,YB,Unk,West
1072,vulsens_1072,MN,CA_County,AIR_KEY_YB_2020,608.952311,384.429812,CC_COM,3,West
1073,vulsens_1073,FL,AL_County,AIR_KEY_YB_COM_<1995,389.256052,460.542351,CC_COM,1000,Midwest
1074,vulsens_1074,TX,IL_County,AIR_KEY_OCC_IND,205.538126,489.667611,HT_COM,3000,Southern Great Plains
1075,vulsens_1075,IL,AL_County,AIR_KEY_YB_2015,1682.273987,809.867468,CC,25000,Northeast
1076,vulsens_1076,CO,TX_County,AIR_KEY_CC_LM,336.051398,272.29719,YB,7500,West
1077,vulsens_1077,CO,CA_County,AIR_KEY_CC_Unk,265.586619,303.946727,CC,10,Northern Great Plains
1078,vulsens_1078,CA,CO_County,AIR_KEY_FA_COM_10000,248.766013,499.785284,CC,3,West
1079,vulsens_1079,CA,NY_County,AIR_KEY_YB_COM_<1995,549.420225,182.766141,CC,Unk,Florida
1080,vulsens_1080,MD,NY_County,AIR_KEY_YB_1995,361.528537,417.183791,YB_COM,<1995,Northeast
1081,vulsens_1081,CA,CA_County,AIR_KEY_CC_COM_Auto,191.634784,359.184846,CC_COM,1,Florida
1082,vulsens_1082,MD,AL_County,AIR_KEY_YB_2015,202.273377,425.617712,FA_COM,Auto,West
1083,vulsens_1083,CO,MN_County,AIR_KEY_YB_COM_2025,785.224233,607.194083,HT_COM,Unk,Florida
1084,vulsens_1084,IL,FL_County,AIR_KEY_CC_Unk,393.789314,819.705761,YB_COM,1000,Mid Atlantic
1085,vulsens_1085,AL,CA_County,AIR_KEY_YB_COM_2020,478.690666,319.122875,HT_SFD,2025,West
1086,vulsens_1086,FL,TX_County,AIR_KEY_HT_SFD_1,560.875776,425.871451,YB,2015,Midwest
1087,vulsens_1087,TX,AZ_County,AIR_KEY_CC_RC,338.236101,191.4163,YB,2015,Florida
1088,vulsens_1088,MN,AL_County,AIR_KEY_OCC_COM,757.681929,327.915251,FA_SFD,MFD,Southeast
1089,vulsens_1089,AL,CO_County,AIR_KEY_OCC_COM,326.844858,226.141245,YB,20,Midwest
1090,vulsens_1090,CA,TX_County,AIR_KEY_YB_COM_2010,315.39663,188.452803,OCC,5000,West
1091,vulsens_1091,AL,MD_County,AIR_KEY_YB_2020,136.691329,517.454519,HT_SFD,2010,Northeast
1092,vulsens_1092,CO,MD_County,AIR_KEY_CC_COM_Auto,762.673461,182.98952,CC_COM,2005,West
1093,vulsens_1093,NY,IL_County,AIR_KEY_OCC_IND,467.54032,561.137736,HT_COM,5000,Southern Great Plains
1094,vulsens_1094,AL,NY_County,AIR_KEY_CC_COM_Masonry,412.60706,375.323462,HT_COM,<1995,Southeast
1095,vulsens_1095,MD,TX_County,AIR_KEY_HT_COM_15,240.41123,468.203838,YB,MH,West
1096,vulsens_1096,MN,IL_County,AIR_KEY_YB_COM_<1995,775.236499,336.900676,CC,LM,Mid Atlantic
1097,vulsens_1097,AL,TX_County,AIR_KEY_HT_COM_5,792.587851,329.331793,CC,15,Mid Atlantic
1098,vulsens_1098,MN,CO_County,AIR_KEY_OCC_IND,938.556278,990.205868,CC_COM,30000,Southern Great Plains
1099,vulsens_1099,AL,CO_County,AIR_KEY_FA_COM_30000,710.447056,310.602665,YB_COM,LM,Northern Great Plains
1100,vulsens_1100,MN,MD_County,AIR_KEY_OCC_Unk,131.486463,501.833361,CC,<1995,Northeast
1101,vulsens_1101,CA,MD_County,AIR_KEY_CC_Steel,856.753292,204.760459,CC,2020,Northeast
1102,vulsens_1102,MD,TX_County,AIR_KEY_CC_COM_Wood,818.267228,248.533625,FA_COM,2020,Midwest
1103,vulsens_1103,CA,MD_County,AIR_KEY_CC_COM_Masonry,1249.793977,371.995254,CC_COM,IND,Southern Great Plains
1104,vulsens_1104,IL,NY_County,AIR_KEY_CC_COM_RC,316.317436,501.771596,CC_COM,20000,West
1105,vulsens_1105,AL,MD_County,AIR_KEY_FA_SFD_2000,513.204564,289.578742,YB,SFD,Midwest
1106,vulsens_1106,TX,CO_County,AIR_KEY_CC_Steel,452.011742,290.280147,FA_SFD,Unk,West
1107,vulsens_1107,IL,IL_County,AIR_KEY_FA_COM_5000,386.640694,128.948334,HT_SFD,30000,Northern Great Plains
1108,vulsens_1108,AZ,CA_County,AIR_KEY_CC_COM_Auto,497.486281,415.843971,CC,2015,Mid Atlantic
1109,vulsens_1109,MD,TX_County,AIR_KEY_FA_SFD_3000,269.601605,261.783928,CC_COM,2025,West
1110,vulsens_1110,FL,CA_County,AIR_KEY_YB_COM_2025,331.749069,276.965283,FA_SFD,RC,Northeast
1111,vulsens_1111,NY,CA_County,AIR_KEY_YB_COM_2025,413.481133,535.667257,CC,Unk,Northeast
1112,vulsens_1112,IL,AL_County,AIR_KEY_FA_SFD_3000,600.963843,263.541674,CC_COM,1,Southern Great Plains
1113,vulsens_1113,NY,CA_County,AIR_KEY_CC_COM_MH,236.612393,404.479043,YB_COM,2000,Florida
1114,vulsens_1114,MN,IL_County,AIR_KEY_FA_SFD_3000,204.786487,229.602057,YB,1,West
1115,vulsens_1115,NY,MN_County,AIR_KEY_CC_COM_Auto,285.758216,206.984294,YB,<1995,Southeast
1116,vulsens_1116,MD,AZ_County,AIR_KEY_HT_SFD_2,206.085108,718.559697,HT_SFD,SFD,Southeast
1117,vulsens_1117,AL,MD_County,AIR_KEY_CC_RC,640.485435,326.351633,HT_COM,Masonry,Northeast
1118,vulsens_1118,FL,FL_County,AIR_KEY_FA_SFD_2000,453.931842,607.979733,YB,5000,Northern Great Plains
1119,vulsens_1119,TX,AL_County,AIR_KEY_FA_COM_30000,1270.70386,372.233754,CC,RC,Northern Great Plains
1120,vulsens_1120,FL,FL_County,AIR_KEY_HT_COM_1,485.717651,558.399886,HT_COM,20,Southern Great Plains
1121,vulsens_1121,AZ,TX_County,AIR_KEY_CC_LM,432.530771,587.396194,CC,Unk,Southeast
1122,vulsens_1122,TX,CA_County,AIR_KEY_CC_RC,341.249258,693.35192,YB,Steel,Southern Great Plains
1123,vulsens_1123,AZ,CA_County,AIR_KEY_HT_COM_3,370.719139,187.302214,YB,10000,Southeast
1124,vulsens_1124,AZ,IL_County,AIR_KEY_FA_COM_15000,147.821455,480.799926,CC_COM,Unk,Southern Great Plains
1125,vulsens_1125,TX,MN_County,AIR_KEY_CC_COM_RC,264.084299,762.27538,FA_SFD,5000,Northern Great Plains
1126,vulsens_1126,FL,MN_County,AIR_KEY_OCC_SFD,180.600412,381.857134,CC_COM,3,Mid Atlantic
1127,vulsens_1127,AL,NY_County,AIR_KEY_CC_Steel,221.200442,182.55616,YB,Unk,West
1128,vulsens_1128,TX,NY_County,AIR_KEY_YB_<1995,154.858077,322.040749,HT_COM,Wood,Northern Great Plains
1129,vulsens_1129,FL,IL_County,AIR_KEY_FA_COM_5000,916.7065,227.435697,YB_COM,2010,Northern Great Plains
1130,vulsens_1130,AZ,IL_County,AIR_KEY_HT_COM_10,442.618893,475.508944,CC,LM,Southern Great Plains
1131,vulsens_1131,AL,MN_County,AIR_KEY_CC_Steel,436.159466,251.323535,CC_COM,2000,Southern Great Plains
1132,vulsens_1132,NY,NY_County,AIR_KEY_CC_COM_Wood,637.103318,241.522162,HT_COM,30000,Northeast
1133,vulsens_1133,NY,NY_County,AIR_KEY_FA_COM_30000,800.686001,241.977889,FA_SFD,5,Florida
1134,vulsens_1134,MN,FL_County,AIR_KEY_YB_COM_<1995,960.745501,296.618946,CC_COM,Unk,West
1135,vulsens_1135,MD,IL_County,AIR_KEY_CC_COM_LM,169.083209,526.114372,FA_COM,MH,Florida
1136,vulsens_1136,AZ,IL_County,AIR_KEY_YB_COM_Unk,239.391124,411.361067,YB,Masonry,Southern Great Plains
1137,vulsens_1137,CO,TX_County,AIR_KEY_FA_COM_Unk,373.347669,436.352555,YB,5000,West
1138,vulsens_1138,AL,IL_County,AIR_KEY_FA_SFD_2000,945.87591,445.490702,YB_COM,2005,Mid Atlantic
1139,vulsens_1139,AL,FL_County,AIR_KEY_FA_SFD_Unk,506.068093,229.104405,FA_COM,25000,Mid Atlantic
1140,vulsens_1140,CA,NY_County,AIR_KEY_HT_SFD_Unk,290.734278,622.353681,OCC,5,Florida
1141,vulsens_1141,MN,NY_County,AIR_KEY_CC_MH,423.379767,378.805302,HT_COM,LM,Southern Great Plains
1142,vulsens_1142,MD,AL_County,AIR_KEY_FA_COM_30000,459.64398,473.281486,YB,Auto,Northeast
1143,vulsens_1143,MN,FL_County,AIR_KEY_HT_COM_1,267.137835,308.254269,CC_COM,Unk,Northeast
1144,vulsens_1144,TX,NY_County,AIR_KEY_YB_COM_2000,146.344004,175.213658,CC_COM,2025,West
1145,vulsens_1145,NY,CA_County,AIR_KEY_HT_SFD_2,242.704182,435.762749,OCC,3000,Southeast
1146,vulsens_1146,MN,MD_County,AIR_KEY_HT_COM_15,1312.317482,190.831549,YB,Masonry,Northeast
1147,vulsens_1147,FL,MN_County,AIR_KEY_CC_Steel,560.959816,500.220775,CC,5000,West
1148,vulsens_1148,MD,AZ_County,AIR_KEY_OCC_SFD,194.787687,689.673444,HT_COM,IND,West
1149,vulsens_1149,AL,FL_County,AIR_KEY_FA_COM_10000,486.636766,835.106604,OCC,Unk,West
1150,vulsens_1150,CA,CA_County,AIR_KEY_YB_COM_2025,356.678593,778.457253,FA_SFD,2,West
1151,vulsens_1151,TX,IL_County,AIR_KEY_CC_COM_Wood,251.026847,488.855121,YB,Unk,Southern Great Plains
1152,vulsens_1152,CA,AZ_County,AIR_KEY_YB_COM_2015,208.586548,240.979725,CC,Unk,Florida
1153,vulsens_1153,NY,CA_County,AIR_KEY_FA_COM_5000,141.518304,655.84525,HT_COM,<1995,Northeast
1154,vulsens_1154,MN,MD_County,AIR_KEY_FA_SFD_7500,495.869938,613.507532,YB_COM,COM,Southern Great Plains
1155,vulsens_1155,NY,MD_County,AIR_KEY_YB_2015,404.010691,508.765017,CC_COM,MFD,Mid Atlantic
1156,vulsens_1156,TX,NY_County,AIR_KEY_FA_SFD_5000,444.817379,94.335306,YB_COM,1,West
1157,vulsens_1157,MN,TX_County,AIR_KEY_HT_COM_5,516.114699,138.937298,CC_COM,2020,Southeast
1158,vulsens_1158,IL,TX_County,AIR_KEY_FA_COM_20000,380.188639,196.389716,CC_COM,2020,Southern Great Plains
1159,vulsens_1159,IL,NY_County,AIR_KEY_FA_COM_20000,480.579606,712.780099,HT_SFD,Auto,Florida
1160,vulsens_1160,CO,AZ_County,AIR_KEY_FA_SFD_5000,328.443782,203.479927,CC_COM,<1995,Northern Great Plains
1161,vulsens_1161,CO,AZ_County,AIR_KEY_HT_COM_5,881.92775,753.714595,FA_SFD,Unk,Southern Great Plains
1162,vulsens_1162,AL,CO_County,AIR_KEY_YB_COM_2015,478.682375,177.838436,CC,Wood,Mid Atlantic
1163,vulsens_1163,IL,TX_County,AIR_KEY_HT_COM_5,850.274535,264.457577,CC_COM,30000,Florida
1164,vulsens_1164,CO,CO_County,AIR_KEY_YB_2005,352.784978,313.953875,FA_COM,Wood,Florida
1165,vulsens_1165,CO,TX_County,AIR_KEY_FA_COM_30000,641.944871,279.405129,CC_COM,Wood,Southeast
1166,vulsens_1166,CA,MD_County,AIR_KEY_FA_COM_20000,326.1166,735.917441,FA_COM,Auto,Florida
1167,vulsens_1167,CO,MN_County,AIR_KEY_FA_SFD_5000,351.200474,331.961945,OCC,Wood,Northern Great Plains
1168,vulsens_1168,AZ,AL_County,AIR_KEY_CC_Steel,504.828386,198.16427,FA_SFD,5,Northeast
1169,vulsens_1169,NY,CA_County,AIR_KEY_OCC_SFD,758.031208,215.290034,YB,2015,West
1170,vulsens_1170,AL,FL_County,AIR_KEY_HT_COM_1,427.464516,83.55,CC_COM,5000,Midwest
1171,vulsens_1171,NY,IL_County,AIR_KEY_CC_COM_LM,445.788778,513.208501,YB,Wood,Mid Atlantic
1172,vulsens_1172,NY,AL_County,AIR_KEY_FA_SFD_3000,962.019337,717.784049,HT_SFD,20,West
1173,vulsens_1173,AZ,IL_County,AIR_KEY_YB_COM_2020,729.081354,416.511059,YB_COM,1995,Midwest
1174,vulsens_1174,CO,CO_County,AIR_KEY_CC_COM_LM,211.246283,735.742241,CC_COM,Wood,West
1175,vulsens_1175,AL,MN_County,AIR_KEY_OCC_MFD,367.23319,240.563949,HT_COM,2010,Southeast
1176,vulsens_1176,CO,CA_County,AIR_KEY_YB_2010,592.65436,771.995202,CC_COM,7500,West
1177,vulsens_1177,MN,CO_County,AIR_KEY_FA_COM_15000,397.321343,483.842218,HT_COM,30000,Midwest
1178,vulsens_1178,AL,NY_County,AIR_KEY_YB_COM_2005,315.56753,511.569399,YB,MH,Northeast
1179,vulsens_1179,FL,NY_County,AIR_KEY_OCC_COM,436.226812,663.16417,CC,5000,Mid Atlantic
1180,vulsens_1180,FL,MD_County,AIR_KEY_HT_COM_15,913.17093,390.950777,HT_SFD,2015,Northeast
1181,vulsens_1181,CA,FL_County,AIR_KEY_CC_COM_Unk,226.710992,366.949291,CC,3000,West
1182,vulsens_1182,AZ,NY_County,AIR_KEY_CC_Masonry,516.174695,266.636598,HT_COM,Unk,Northeast
1183,vulsens_1183,IL,CO_County,AIR_KEY_YB_<1995,955.011827,752.387019,FA_COM,Auto,West
1184,vulsens_1184,FL,IL_County,AIR_KEY_HT_SFD_Unk,568.855997,998.497171,CC_COM,1995,Southern Great Plains
1185,vulsens_1185,AZ,MD_County,AIR_KEY_YB_2025,282.061954,425.241577,FA_COM,Unk,Southern Great Plains
1186,vulsens_1186,MN,MN_County,AIR_KEY_CC_COM_MH,540.026706,328.801853,YB,1,West
1187,vulsens_1187,AL,CA_County,AIR_KEY_YB_COM_1995,400.743077,740.335769,FA_SFD,RC,Northern Great Plains
1188,vulsens_1188,IL,FL_County,AIR_KEY_YB_COM_1995,1159.826157,210.251207,CC,5000,Southern Great Plains
1189,vulsens_1189,FL,AL_County,AIR_KEY_HT_COM_5,623.083413,459.217821,CC_COM,Unk,Northern Great Plains
1190,vulsens_1190,NY,TX_County,AIR_KEY_CC_COM_Wood,233.180481,189.15839,HT_COM,COM,Northern Great Plains
1191,vulsens_1191,NY,AZ_County,AIR_KEY_OCC_COM,320.379461,149.979428,CC,2000,Midwest
1192,vulsens_1192,TX,MN_County,AIR_KEY_YB_2005,576.146744,221.464249,FA_SFD,MH,West
1193,vulsens_1193,MD,AZ_County,AIR_KEY_CC_LM,458.079063,306.861592,CC,Unk,West
1194,vulsens_1194,MD,CA_County,AIR_KEY_HT_COM_20,215.728769,122.019993,OCC,Unk,West
1195,vulsens_1195,FL,TX_County,AIR_KEY_FA_COM_30000,166.155712,728.918485,CC,RC,Mid Atlantic
1196,vulsens_1196,IL,FL_County,AIR_KEY_CC_COM_Unk,687.318475,709.192164,YB,1995,Mid Atlantic
1197,vulsens_1197,NY,NY_County,AIR_KEY_HT_COM_3,221.500064,221.487564,YB,Unk,Florida
1198,vulsens_1198,CO,TX_County,AIR_KEY_FA_SFD_3000,271.825334,234.504948,HT_COM,30000,Southeast
1199,vulsens_1199,TX,NY_County,AIR_KEY_CC_COM_Wood,325.346489,376.026077,YB,2,Southern Great Plains
1200,vulsens_1200,MD,CO_County,AIR_KEY_CC_LM,696.361274,730.968204,FA_SFD,<1995,Mid Atlantic
1201,vulsens_1201,IL,MD_County,AIR_KEY_YB_COM_2015,511.395368,328.047123,YB_COM,2010,Southeast
1202,vulsens_1202,CO,TX_County,AIR_KEY_HT_COM_1,340.0991,198.723985,FA_SFD,1995,Florida
1203,vulsens_1203,TX,AL_County,AIR_KEY_YB_COM_2020,206.32508,696.520776,YB,1995,Midwest
1204,vulsens_1204,IL,MN_County,AIR_KEY_HT_COM_7,185.240866,191.534541,HT_COM,RC,Florida
1205,vulsens_1205,MN,NY_County,AIR_KEY_FA_SFD_3000,846.963542,1144.548894,YB_COM,Steel,Southern Great Plains
1206,vulsens_1206,FL,CA_County,AIR_KEY_CC_LM,374.296484,374.146262,FA_SFD,5000,Mid Atlantic
1207,vulsens_1207,IL,MN_County,AIR_KEY_CC_Steel,296.077739,333.366351,YB_COM,2020,Florida
1208,vulsens_1208,FL,AL_County,AIR_KEY_YB_COM_2020,581.444164,485.372637,CC_COM,Unk,West
1209,vulsens_1209,MD,NY_County,AIR_KEY_CC_COM_Auto,1147.789243,402.931222,YB,15000,Midwest
1210,vulsens_1210,CA,IL_County,AIR_KEY_CC_COM_Auto,259.778645,262.721402,CC_COM,Unk,Florida
1211,vulsens_1211,NY,AL_County,AIR_KEY_YB_<1995,408.894655,211.828847,OCC,10000,Mid Atlantic
1212,vulsens_1212,IL,AL_County,AIR_KEY_CC_Wood,193.635591,504.273756,FA_SFD,Masonry,Mid Atlantic
1213,vulsens_1213,AZ,FL_County,AIR_KEY_CC_Masonry,273.695445,234.921703,HT_COM,COM,Northeast
1214,vulsens_1214,AL,MD_County,AIR_KEY_YB_COM_2025,160.691662,239.215917,FA_SFD,RC,Southeast
1215,vulsens_1215,CA,AL_County,AIR_KEY_FA_SFD_3000,231.738244,216.448064,CC,Masonry,Southern Great Plains
1216,vulsens_1216,MN,TX_County,AIR_KEY_YB_COM_2015,552.848732,256.798801,OCC,2000,Northern Great Plains
1217,vulsens_1217,CO,CA_County,AIR_KEY_CC_Steel,229.221294,755.683651,FA_SFD,MH,Mid Atlantic
1218,vulsens_1218,MD,AZ_County,AIR_KEY_YB_COM_2015,626.275316,404.82097,CC,SFD,Southern Great Plains
1219,vulsens_1219,IL,CO_County,AIR_KEY_YB_COM_2020,212.818679,766.123779,FA_SFD,SFD,Northern Great Plains
1220,vulsens_1220,AL,AL_County,AIR_KEY_YB_2020,350.01569,171.636067,FA_SFD,30000,Southeast
1221,vulsens_1221,FL,NY_County,AIR_KEY_YB_COM_2020,262.011251,492.41918,YB_COM,MH,West
1222,vulsens_1222,CO,MD_County,AIR_KEY_YB_COM_2010,770.670489,121.528451,FA_COM,Unk,West
1223,vulsens_1223,MD,FL_County,AIR_KEY_YB_COM_2020,294.864956,244.303413,YB,2025,West
1224,vulsens_1224,IL,IL_County,AIR_KEY_CC_COM_Auto,205.671396,813.069305,FA_COM,7,West
1225,vulsens_1225,NY,TX_County,AIR_KEY_YB_COM_2020,768.383214,186.631582,YB,3000,West
1226,vulsens_1226,FL,IL_County,AIR_KEY_OCC_Unk,233.290491,784.127218,HT_COM,5000,Midwest
1227,vulsens_1227,AL,FL_County,AIR_KEY_HT_COM_1,414.403221,124.838693,FA_SFD,MH,Midwest
1228,vulsens_1228,NY,AZ_County,AIR_KEY_CC_Auto,268.634029,434.496523,YB_COM,15,West
1229,vulsens_1229,CO,NY_County,AIR_KEY_HT_COM_20,910.326195,242.5219,HT_SFD,RC,West
1230,vulsens_1230,CA,AL_County,AIR_KEY_CC_COM_Wood,737.387012,241.412316,CC,Unk,Florida
1231,vulsens_1231,AL,AZ_County,AIR_KEY_HT_COM_7,430.786252,422.10926,HT_SFD,1995,Southern Great Plains
1232,vulsens_1232,IL,CO_County,AIR_KEY_YB_COM_2025,487.91438,316.519302,FA_COM,20,Northeast
1233,vulsens_1233,AL,TX_County,AIR_KEY_HT_COM_7,215.887352,325.062405,YB_COM,25000,Mid Atlantic
1234,vulsens_1234,IL,AZ_County,AIR_KEY_FA_SFD_7500,566.760095,517.634553,HT_SFD,COM,Southeast
1235,vulsens_1235,IL,AL_County,AIR_KEY_FA_COM_20000,529.585865,368.931867,CC,15000,Southern Great Plains
1236,vulsens_1236,AL,CO_County,AIR_KEY_CC_COM_LM,599.539291,444.837911,CC,Unk,West
1237,vulsens_1237,CO,CO_County,AIR_KEY_YB_COM_2015,403.952905,365.531113,FA_COM,Auto,West
1238,vulsens_1238,CA,MN_County,AIR_KEY_FA_COM_5000,425.504324,140.021519,YB_COM,2,West
1239,vulsens_1239,FL,MD_County,AIR_KEY_CC_COM_RC,740.975995,384.62841,HT_SFD,2005,Southern Great Plains
1240,vulsens_1240,CA,CO_County,AIR_KEY_CC_COM_Auto,823.462158,825.086827,YB,5000,Northeast
1241,vulsens_1241,FL,NY_County,AIR_KEY_CC_Masonry,179.914081,411.323595,YB_COM,Unk,West
1242,vulsens_1242,NY,AL_County,AIR_KEY_FA_SFD_2000,359.323865,228.776814,HT_COM,25000,Southeast
1243,vulsens_1243,TX,AZ_County,AIR_KEY_YB_2020,423.514085,240.737566,YB,2025,Southern Great Plains
1244,vulsens_1244,MN,FL_County,AIR_KEY_CC_Masonry,171.666033,292.382997,OCC,Steel,Florida
1245,vulsens_1245,TX,CA_County,AIR_KEY_HT_COM_20,455.3252,361.948652,OCC,MH,West
1246,vulsens_1246,FL,AZ_County,AIR_KEY_YB_2000,217.47599,277.859457,FA_COM,<1995,Northeast
1247,vulsens_1247,AL,MD_County,AIR_KEY_FA_SFD_1000,444.934552,113.221631,FA_SFD,Masonry,West
1248,vulsens_1248,MD,AL_County,AIR_KEY_HT_COM_10,955.582158,737.646265,HT_COM,MH,Northeast
1249,vulsens_1249,MN,MN_County,AIR_KEY_FA_COM_20000,847.861932,666.327683,HT_COM,LM,Southern Great Plains
1250,vulsens_1250,IL,NY_County,AIR_KEY_YB_COM_2020,441.81541,231.013721,YB,10,Northern Great Plains
1251,vulsens_1251,MD,TX_County,AIR_KEY_CC_LM,305.575189,309.282766,YB,2020,Northeast
1252,vulsens_1252,AZ,MD_County,AIR_KEY_CC_COM_Masonry,205.35384,347.662756,YB_COM,30000,Southern Great Plains
1253,vulsens_1253,MN,AZ_County,AIR_KEY_YB_COM_Unk,900.605366,416.629845,FA_COM,2005,West
1254,vulsens_1254,MN,CO_County,AIR_KEY_CC_COM_Wood,838.716833,402.263245,YB,15,Southeast
1255,vulsens_1255,AL,AL_County,AIR_KEY_CC_MH,277.317037,362.887968,FA_SFD,2000,Florida
1256,vulsens_1256,IL,MN_County,AIR_KEY_HT_COM_20,617.547716,733.454126,CC,5,Southern Great Plains
1257,vulsens_1257,MN,AL_County,AIR_KEY_YB_COM_Unk,1333.731037,483.992171,CC_COM,1995,Northeast
1258,vulsens_1258,CA,FL_County,AIR_KEY_HT_COM_Unk,367.272989,356.744974,YB_COM,Auto,Florida
1259,vulsens_1259,IL,AL_County,AIR_KEY_CC_COM_Unk,700.404534,187.98225,YB,5,Northeast
1260,vulsens_1260,CA,FL_County,AIR_KEY_CC_COM_RC,534.415031,660.155316,HT_COM,Unk,West
