State,LossPerspective,EPType,Peril,LOB,RP,Loss
US,GR,AEP,IF,Commercial,5,1796.0
US,GR,AEP,IF,Commercial,10,2617.0
US,GR,AEP,IF,Commercial,20,3670.0
US,GR,AEP,IF,Commercial,25,3945.0
US,GR,AEP,IF,Commercial,50,4878.0
US,GR,AEP,IF,Commercial,100,6055.0
US,GR,AEP,IF,Commercial,200,6958.0
US,GR,AEP,IF,Commercial,250,7284.0
US,GR,AEP,IF,Commercial,500,8362.0
US,GR,AEP,IF,Commercial,1000,9330.0
US,GR,AEP,IF,Personal,5,2415.0
US,GR,AEP,IF,Personal,10,3654.0
US,GR,AEP,IF,Personal,20,4901.0
US,GR,AEP,IF,Personal,25,5533.0
US,GR,AEP,IF,Personal,50,6716.0
US,GR,AEP,IF,Personal,100,8193.0
US,GR,AEP,IF,Personal,200,9623.0
US,GR,AEP,IF,Personal,250,10076.0
US,GR,AEP,IF,Personal,500,11518.0
US,GR,AEP,IF,Personal,1000,13184.0
US,GR,AEP,IF,Total,5,4214.0
US,GR,AEP,IF,Total,10,6272.0
US,GR,AEP,IF,Total,20,8573.0
US,GR,AEP,IF,Total,25,9480.0
US,GR,AEP,IF,Total,50,11596.0
US,GR,AEP,IF,Total,100,14248.0
US,GR,AEP,IF,Total,200,16582.0
US,GR,AEP,IF,Total,250,17360.0
US,GR,AEP,IF,Total,500,19881.0
US,GR,AEP,IF,Total,1000,22512.0
US,GR,AEP,PF,Commercial,5,6535.0
US,GR,AEP,PF,Commercial,10,10566.0
US,GR,AEP,PF,Commercial,20,14741.0
US,GR,AEP,PF,Commercial,25,15753.0
US,GR,AEP,PF,Commercial,50,20701.0
US,GR,AEP,PF,Commercial,100,26038.0
US,GR,AEP,PF,Commercial,200,30187.0
US,GR,AEP,PF,Commercial,250,33304.0
US,GR,AEP,PF,Commercial,500,38565.0
US,GR,AEP,PF,Commercial,1000,43420.0
US,GR,AEP,PF,Personal,5,8691.0
US,GR,AEP,PF,Personal,10,13838.0
US,GR,AEP,PF,Personal,20,19459.0
US,GR,AEP,PF,Personal,25,21744.0
US,GR,AEP,PF,Personal,50,28051.0
US,GR,AEP,PF,Personal,100,34746.0
US,GR,AEP,PF,Personal,200,41345.0
US,GR,AEP,PF,Personal,250,42936.0
US,GR,AEP,PF,Personal,500,51701.0
US,GR,AEP,PF,Personal,1000,58505.0
US,GR,AEP,PF,Total,5,15224.0
US,GR,AEP,PF,Total,10,24404.0
US,GR,AEP,PF,Total,20,34198.0
US,GR,AEP,PF,Total,25,37496.0
US,GR,AEP,PF,Total,50,48754.0
US,GR,AEP,PF,Total,100,60784.0
US,GR,AEP,PF,Total,200,71534.0
US,GR,AEP,PF,Total,250,76241.0
US,GR,AEP,PF,Total,500,90268.0
US,GR,AEP,PF,Total,1000,101927.0
US,GR,AEP,SU,Commercial,5,16403.0
US,GR,AEP,SU,Commercial,10,29455.0
US,GR,AEP,SU,Commercial,20,45084.0
US,GR,AEP,SU,Commercial,25,50947.0
US,GR,AEP,SU,Commercial,50,71345.0
US,GR,AEP,SU,Commercial,100,90950.0
US,GR,AEP,SU,Commercial,200,114794.0
US,GR,AEP,SU,Commercial,250,123912.0
US,GR,AEP,SU,Commercial,500,151276.0
US,GR,AEP,SU,Commercial,1000,181957.0
US,GR,AEP,SU,Personal,5,22155.0
US,GR,AEP,SU,Personal,10,40068.0
US,GR,AEP,SU,Personal,20,61502.0
US,GR,AEP,SU,Personal,25,70369.0
US,GR,AEP,SU,Personal,50,95124.0
US,GR,AEP,SU,Personal,100,126574.0
US,GR,AEP,SU,Personal,200,158454.0
US,GR,AEP,SU,Personal,250,169689.0
US,GR,AEP,SU,Personal,500,206630.0
US,GR,AEP,SU,Personal,1000,237808.0
US,GR,AEP,SU,Total,5,38559.0
US,GR,AEP,SU,Total,10,69522.0
US,GR,AEP,SU,Total,20,106587.0
US,GR,AEP,SU,Total,25,121315.0
US,GR,AEP,SU,Total,50,166471.0
US,GR,AEP,SU,Total,100,217524.0
US,GR,AEP,SU,Total,200,273248.0
US,GR,AEP,SU,Total,250,293601.0
US,GR,AEP,SU,Total,500,357906.0
US,GR,AEP,SU,Total,1000,419767.0
US,GR,AEP,TC,Commercial,5,37426.0
US,GR,AEP,TC,Commercial,10,73847.0
US,GR,AEP,TC,Commercial,20,119455.0
US,GR,AEP,TC,Commercial,25,135250.0
US,GR,AEP,TC,Commercial,50,192693.0
US,GR,AEP,TC,Commercial,100,253592.0
US,GR,AEP,TC,Commercial,200,331551.0
US,GR,AEP,TC,Commercial,250,359983.0
US,GR,AEP,TC,Commercial,500,440893.0
US,GR,AEP,TC,Commercial,1000,529951.0
US,GR,AEP,TC,Personal,5,54671.0
US,GR,AEP,TC,Personal,10,104567.0
US,GR,AEP,TC,Personal,20,172887.0
US,GR,AEP,TC,Personal,25,194603.0
US,GR,AEP,TC,Personal,50,276399.0
US,GR,AEP,TC,Personal,100,366789.0
US,GR,AEP,TC,Personal,200,467999.0
US,GR,AEP,TC,Personal,250,512694.0
US,GR,AEP,TC,Personal,500,629182.0
US,GR,AEP,TC,Personal,1000,776019.0
US,GR,AEP,TC,Total,5,92097.0
US,GR,AEP,TC,Total,10,178415.0
US,GR,AEP,TC,Total,20,292344.0
US,GR,AEP,TC,Total,25,329852.0
US,GR,AEP,TC,Total,50,469094.0
US,GR,AEP,TC,Total,100,620380.0
US,GR,AEP,TC,Total,200,799553.0
US,GR,AEP,TC,Total,250,872676.0
US,GR,AEP,TC,Total,500,1070073.0
US,GR,AEP,TC,Total,1000,1305971.0
US,GR,OEP,IF,Commercial,5,1587.0
US,GR,OEP,IF,Commercial,10,2410.0
US,GR,OEP,IF,Commercial,20,3270.0
US,GR,OEP,IF,Commercial,25,3539.0
US,GR,OEP,IF,Commercial,50,4421.0
US,GR,OEP,IF,Commercial,100,5178.0
US,GR,OEP,IF,Commercial,200,6181.0
US,GR,OEP,IF,Commercial,250,6424.0
US,GR,OEP,IF,Commercial,500,7485.0
US,GR,OEP,IF,Commercial,1000,8478.0
US,GR,OEP,IF,Personal,5,2178.0
US,GR,OEP,IF,Personal,10,3296.0
US,GR,OEP,IF,Personal,20,4438.0
US,GR,OEP,IF,Personal,25,4843.0
US,GR,OEP,IF,Personal,50,5999.0
US,GR,OEP,IF,Personal,100,7135.0
US,GR,OEP,IF,Personal,200,8535.0
US,GR,OEP,IF,Personal,250,8977.0
US,GR,OEP,IF,Personal,500,10409.0
US,GR,OEP,IF,Personal,1000,11525.0
US,GR,OEP,IF,Total,5,3766.0
US,GR,OEP,IF,Total,10,5703.0
US,GR,OEP,IF,Total,20,7707.0
US,GR,OEP,IF,Total,25,8381.0
US,GR,OEP,IF,Total,50,10421.0
US,GR,OEP,IF,Total,100,12314.0
US,GR,OEP,IF,Total,200,14717.0
US,GR,OEP,IF,Total,250,15401.0
US,GR,OEP,IF,Total,500,17893.0
US,GR,OEP,IF,Total,1000,20005.0
US,GR,OEP,PF,Commercial,5,5835.0
US,GR,OEP,PF,Commercial,10,9377.0
US,GR,OEP,PF,Commercial,20,13065.0
US,GR,OEP,PF,Commercial,25,14457.0
US,GR,OEP,PF,Commercial,50,18726.0
US,GR,OEP,PF,Commercial,100,22832.0
US,GR,OEP,PF,Commercial,200,27543.0
US,GR,OEP,PF,Commercial,250,28903.0
US,GR,OEP,PF,Commercial,500,33890.0
US,GR,OEP,PF,Commercial,1000,39431.0
US,GR,OEP,PF,Personal,5,7675.0
US,GR,OEP,PF,Personal,10,12572.0
US,GR,OEP,PF,Personal,20,17577.0
US,GR,OEP,PF,Personal,25,19458.0
US,GR,OEP,PF,Personal,50,25087.0
US,GR,OEP,PF,Personal,100,31014.0
US,GR,OEP,PF,Personal,200,36314.0
US,GR,OEP,PF,Personal,250,39544.0
US,GR,OEP,PF,Personal,500,45268.0
US,GR,OEP,PF,Personal,1000,51187.0
US,GR,OEP,PF,Total,5,13509.0
US,GR,OEP,PF,Total,10,21949.0
US,GR,OEP,PF,Total,20,30643.0
US,GR,OEP,PF,Total,25,33916.0
US,GR,OEP,PF,Total,50,43813.0
US,GR,OEP,PF,Total,100,53848.0
US,GR,OEP,PF,Total,200,63858.0
US,GR,OEP,PF,Total,250,68448.0
US,GR,OEP,PF,Total,500,79159.0
US,GR,OEP,PF,Total,1000,90619.0
US,GR,OEP,SU,Commercial,5,14725.0
US,GR,OEP,SU,Commercial,10,26406.0
US,GR,OEP,SU,Commercial,20,41621.0
US,GR,OEP,SU,Commercial,25,45666.0
US,GR,OEP,SU,Commercial,50,64533.0
US,GR,OEP,SU,Commercial,100,84255.0
US,GR,OEP,SU,Commercial,200,104362.0
US,GR,OEP,SU,Commercial,250,112969.0
US,GR,OEP,SU,Commercial,500,137485.0
US,GR,OEP,SU,Commercial,1000,161751.0
US,GR,OEP,SU,Personal,5,19941.0
US,GR,OEP,SU,Personal,10,36187.0
US,GR,OEP,SU,Personal,20,55987.0
US,GR,OEP,SU,Personal,25,62299.0
US,GR,OEP,SU,Personal,50,85385.0
US,GR,OEP,SU,Personal,100,113775.0
US,GR,OEP,SU,Personal,200,139463.0
US,GR,OEP,SU,Personal,250,147912.0
US,GR,OEP,SU,Personal,500,184159.0
US,GR,OEP,SU,Personal,1000,221707.0
US,GR,OEP,SU,Total,5,34667.0
US,GR,OEP,SU,Total,10,62593.0
US,GR,OEP,SU,Total,20,97609.0
US,GR,OEP,SU,Total,25,107966.0
US,GR,OEP,SU,Total,50,149916.0
US,GR,OEP,SU,Total,100,198029.0
US,GR,OEP,SU,Total,200,243826.0
US,GR,OEP,SU,Total,250,260883.0
US,GR,OEP,SU,Total,500,321641.0
US,GR,OEP,SU,Total,1000,383456.0
US,GR,OEP,TC,Commercial,5,34550.0
US,GR,OEP,TC,Commercial,10,65910.0
US,GR,OEP,TC,Commercial,20,107674.0
US,GR,OEP,TC,Commercial,25,118837.0
US,GR,OEP,TC,Commercial,50,170038.0
US,GR,OEP,TC,Commercial,100,233828.0
US,GR,OEP,TC,Commercial,200,295647.0
US,GR,OEP,TC,Commercial,250,322536.0
US,GR,OEP,TC,Commercial,500,391343.0
US,GR,OEP,TC,Commercial,1000,474477.0
US,GR,OEP,TC,Personal,5,48715.0
US,GR,OEP,TC,Personal,10,96525.0
US,GR,OEP,TC,Personal,20,151457.0
US,GR,OEP,TC,Personal,25,171352.0
US,GR,OEP,TC,Personal,50,244265.0
US,GR,OEP,TC,Personal,100,328737.0
US,GR,OEP,TC,Personal,200,422848.0
US,GR,OEP,TC,Personal,250,455775.0
US,GR,OEP,TC,Personal,500,566219.0
US,GR,OEP,TC,Personal,1000,667066.0
US,GR,OEP,TC,Total,5,83266.0
US,GR,OEP,TC,Total,10,162436.0
US,GR,OEP,TC,Total,20,259133.0
US,GR,OEP,TC,Total,25,290189.0
US,GR,OEP,TC,Total,50,414304.0
US,GR,OEP,TC,Total,100,562566.0
US,GR,OEP,TC,Total,200,718496.0
US,GR,OEP,TC,Total,250,778310.0
US,GR,OEP,TC,Total,500,957560.0
US,GR,OEP,TC,Total,1000,1141544.0
US,GU,AEP,IF,Commercial,5,1969.0
US,GU,AEP,IF,Commercial,10,3057.0
US,GU,AEP,IF,Commercial,20,3987.0
US,GU,AEP,IF,Commercial,25,4422.0
US,GU,AEP,IF,Commercial,50,5470.0
US,GU,AEP,IF,Commercial,100,6762.0
US,GU,AEP,IF,Commercial,200,7921.0
US,GU,AEP,IF,Commercial,250,8275.0
US,GU,AEP,IF,Commercial,500,9348.0
US,GU,AEP,IF,Commercial,1000,10426.0
US,GU,AEP,IF,Personal,5,2719.0
US,GU,AEP,IF,Personal,10,4163.0
US,GU,AEP,IF,Personal,20,5574.0
US,GU,AEP,IF,Personal,25,5993.0
US,GU,AEP,IF,Personal,50,7698.0
US,GU,AEP,IF,Personal,100,9244.0
US,GU,AEP,IF,Personal,200,10721.0
US,GU,AEP,IF,Personal,250,11312.0
US,GU,AEP,IF,Personal,500,12968.0
US,GU,AEP,IF,Personal,1000,15050.0
US,GU,AEP,IF,Total,5,4687.0
US,GU,AEP,IF,Total,10,7220.0
US,GU,AEP,IF,Total,20,9559.0
US,GU,AEP,IF,Total,25,10415.0
US,GU,AEP,IF,Total,50,13168.0
US,GU,AEP,IF,Total,100,16005.0
US,GU,AEP,IF,Total,200,18643.0
US,GU,AEP,IF,Total,250,19582.0
US,GU,AEP,IF,Total,500,22316.0
US,GU,AEP,IF,Total,1000,25478.0
US,GU,AEP,PF,Commercial,5,7596.0
US,GU,AEP,PF,Commercial,10,12181.0
US,GU,AEP,PF,Commercial,20,16928.0
US,GU,AEP,PF,Commercial,25,18849.0
US,GU,AEP,PF,Commercial,50,24070.0
US,GU,AEP,PF,Commercial,100,30319.0
US,GU,AEP,PF,Commercial,200,35617.0
US,GU,AEP,PF,Commercial,250,38396.0
US,GU,AEP,PF,Commercial,500,43352.0
US,GU,AEP,PF,Commercial,1000,50637.0
US,GU,AEP,PF,Personal,5,10060.0
US,GU,AEP,PF,Personal,10,16010.0
US,GU,AEP,PF,Personal,20,22214.0
US,GU,AEP,PF,Personal,25,24660.0
US,GU,AEP,PF,Personal,50,31719.0
US,GU,AEP,PF,Personal,100,39549.0
US,GU,AEP,PF,Personal,200,47918.0
US,GU,AEP,PF,Personal,250,50062.0
US,GU,AEP,PF,Personal,500,57692.0
US,GU,AEP,PF,Personal,1000,66171.0
US,GU,AEP,PF,Total,5,17658.0
US,GU,AEP,PF,Total,10,28192.0
US,GU,AEP,PF,Total,20,39141.0
US,GU,AEP,PF,Total,25,43509.0
US,GU,AEP,PF,Total,50,55791.0
US,GU,AEP,PF,Total,100,69868.0
US,GU,AEP,PF,Total,200,83533.0
US,GU,AEP,PF,Total,250,88459.0
US,GU,AEP,PF,Total,500,101044.0
US,GU,AEP,PF,Total,1000,116810.0
US,GU,AEP,SU,Commercial,5,19860.0
US,GU,AEP,SU,Commercial,10,35866.0
US,GU,AEP,SU,Commercial,20,55967.0
US,GU,AEP,SU,Commercial,25,61139.0
US,GU,AEP,SU,Commercial,50,86035.0
US,GU,AEP,SU,Commercial,100,111714.0
US,GU,AEP,SU,Commercial,200,142341.0
US,GU,AEP,SU,Commercial,250,154348.0
US,GU,AEP,SU,Commercial,500,184378.0
US,GU,AEP,SU,Commercial,1000,215473.0
US,GU,AEP,SU,Personal,5,26842.0
US,GU,AEP,SU,Personal,10,48523.0
US,GU,AEP,SU,Personal,20,73501.0
US,GU,AEP,SU,Personal,25,83875.0
US,GU,AEP,SU,Personal,50,118817.0
US,GU,AEP,SU,Personal,100,150959.0
US,GU,AEP,SU,Personal,200,193134.0
US,GU,AEP,SU,Personal,250,201590.0
US,GU,AEP,SU,Personal,500,248363.0
US,GU,AEP,SU,Personal,1000,298710.0
US,GU,AEP,SU,Total,5,46701.0
US,GU,AEP,SU,Total,10,84387.0
US,GU,AEP,SU,Total,20,129471.0
US,GU,AEP,SU,Total,25,145016.0
US,GU,AEP,SU,Total,50,204852.0
US,GU,AEP,SU,Total,100,262671.0
US,GU,AEP,SU,Total,200,335475.0
US,GU,AEP,SU,Total,250,355939.0
US,GU,AEP,SU,Total,500,432739.0
US,GU,AEP,SU,Total,1000,514184.0
US,GU,AEP,TC,Commercial,5,49578.0
US,GU,AEP,TC,Commercial,10,92795.0
US,GU,AEP,TC,Commercial,20,153718.0
US,GU,AEP,TC,Commercial,25,174595.0
US,GU,AEP,TC,Commercial,50,249661.0
US,GU,AEP,TC,Commercial,100,330984.0
US,GU,AEP,TC,Commercial,200,424727.0
US,GU,AEP,TC,Commercial,250,457867.0
US,GU,AEP,TC,Commercial,500,568469.0
US,GU,AEP,TC,Commercial,1000,703517.0
US,GU,AEP,TC,Personal,5,71166.0
US,GU,AEP,TC,Personal,10,136479.0
US,GU,AEP,TC,Personal,20,224130.0
US,GU,AEP,TC,Personal,25,249412.0
US,GU,AEP,TC,Personal,50,360999.0
US,GU,AEP,TC,Personal,100,487532.0
US,GU,AEP,TC,Personal,200,616285.0
US,GU,AEP,TC,Personal,250,649406.0
US,GU,AEP,TC,Personal,500,822785.0
US,GU,AEP,TC,Personal,1000,990455.0
US,GU,AEP,TC,Total,5,120746.0
US,GU,AEP,TC,Total,10,229275.0
US,GU,AEP,TC,Total,20,377848.0
US,GU,AEP,TC,Total,25,424008.0
US,GU,AEP,TC,Total,50,610661.0
US,GU,AEP,TC,Total,100,818517.0
US,GU,AEP,TC,Total,200,1041011.0
US,GU,AEP,TC,Total,250,1107272.0
US,GU,AEP,TC,Total,500,1391254.0
US,GU,AEP,TC,Total,1000,1693975.0
US,GU,OEP,IF,Commercial,5,1788.0
US,GU,OEP,IF,Commercial,10,2737.0
US,GU,OEP,IF,Commercial,20,3669.0
US,GU,OEP,IF,Commercial,25,3951.0
US,GU,OEP,IF,Commercial,50,4997.0
US,GU,OEP,IF,Commercial,100,5856.0
US,GU,OEP,IF,Commercial,200,6861.0
US,GU,OEP,IF,Commercial,250,7292.0
US,GU,OEP,IF,Commercial,500,8482.0
US,GU,OEP,IF,Commercial,1000,9606.0
US,GU,OEP,IF,Personal,5,2423.0
US,GU,OEP,IF,Personal,10,3669.0
US,GU,OEP,IF,Personal,20,4955.0
US,GU,OEP,IF,Personal,25,5415.0
US,GU,OEP,IF,Personal,50,6800.0
US,GU,OEP,IF,Personal,100,8218.0
US,GU,OEP,IF,Personal,200,9529.0
US,GU,OEP,IF,Personal,250,10066.0
US,GU,OEP,IF,Personal,500,11690.0
US,GU,OEP,IF,Personal,1000,13112.0
US,GU,OEP,IF,Total,5,4212.0
US,GU,OEP,IF,Total,10,6407.0
US,GU,OEP,IF,Total,20,8625.0
US,GU,OEP,IF,Total,25,9362.0
US,GU,OEP,IF,Total,50,11797.0
US,GU,OEP,IF,Total,100,14073.0
US,GU,OEP,IF,Total,200,16391.0
US,GU,OEP,IF,Total,250,17358.0
US,GU,OEP,IF,Total,500,20171.0
US,GU,OEP,IF,Total,1000,22720.0
US,GU,OEP,PF,Commercial,5,6674.0
US,GU,OEP,PF,Commercial,10,10975.0
US,GU,OEP,PF,Commercial,20,15012.0
US,GU,OEP,PF,Commercial,25,16323.0
US,GU,OEP,PF,Commercial,50,21278.0
US,GU,OEP,PF,Commercial,100,25967.0
US,GU,OEP,PF,Commercial,200,31308.0
US,GU,OEP,PF,Commercial,250,33171.0
US,GU,OEP,PF,Commercial,500,39702.0
US,GU,OEP,PF,Commercial,1000,44201.0
US,GU,OEP,PF,Personal,5,8903.0
US,GU,OEP,PF,Personal,10,14300.0
US,GU,OEP,PF,Personal,20,19902.0
US,GU,OEP,PF,Personal,25,21621.0
US,GU,OEP,PF,Personal,50,28341.0
US,GU,OEP,PF,Personal,100,35427.0
US,GU,OEP,PF,Personal,200,42254.0
US,GU,OEP,PF,Personal,250,44479.0
US,GU,OEP,PF,Personal,500,52299.0
US,GU,OEP,PF,Personal,1000,60113.0
US,GU,OEP,PF,Total,5,15577.0
US,GU,OEP,PF,Total,10,25276.0
US,GU,OEP,PF,Total,20,34916.0
US,GU,OEP,PF,Total,25,37944.0
US,GU,OEP,PF,Total,50,49617.0
US,GU,OEP,PF,Total,100,61393.0
US,GU,OEP,PF,Total,200,73563.0
US,GU,OEP,PF,Total,250,77652.0
US,GU,OEP,PF,Total,500,92002.0
US,GU,OEP,PF,Total,1000,104315.0
US,GU,OEP,SU,Commercial,5,17931.0
US,GU,OEP,SU,Commercial,10,31184.0
US,GU,OEP,SU,Commercial,20,48829.0
US,GU,OEP,SU,Commercial,25,56048.0
US,GU,OEP,SU,Commercial,50,75942.0
US,GU,OEP,SU,Commercial,100,102034.0
US,GU,OEP,SU,Commercial,200,127107.0
US,GU,OEP,SU,Commercial,250,133149.0
US,GU,OEP,SU,Commercial,500,162597.0
US,GU,OEP,SU,Commercial,1000,195708.0
US,GU,OEP,SU,Personal,5,24418.0
US,GU,OEP,SU,Personal,10,43946.0
US,GU,OEP,SU,Personal,20,66614.0
US,GU,OEP,SU,Personal,25,73654.0
US,GU,OEP,SU,Personal,50,101670.0
US,GU,OEP,SU,Personal,100,137746.0
US,GU,OEP,SU,Personal,200,169743.0
US,GU,OEP,SU,Personal,250,182858.0
US,GU,OEP,SU,Personal,500,220504.0
US,GU,OEP,SU,Personal,1000,263162.0
US,GU,OEP,SU,Total,5,42350.0
US,GU,OEP,SU,Total,10,75130.0
US,GU,OEP,SU,Total,20,115440.0
US,GU,OEP,SU,Total,25,129700.0
US,GU,OEP,SU,Total,50,177613.0
US,GU,OEP,SU,Total,100,239781.0
US,GU,OEP,SU,Total,200,296850.0
US,GU,OEP,SU,Total,250,316008.0
US,GU,OEP,SU,Total,500,383102.0
US,GU,OEP,SU,Total,1000,458869.0
US,GU,OEP,TC,Commercial,5,45406.0
US,GU,OEP,TC,Commercial,10,86113.0
US,GU,OEP,TC,Commercial,20,135594.0
US,GU,OEP,TC,Commercial,25,157673.0
US,GU,OEP,TC,Commercial,50,221509.0
US,GU,OEP,TC,Commercial,100,288925.0
US,GU,OEP,TC,Commercial,200,379082.0
US,GU,OEP,TC,Commercial,250,409625.0
US,GU,OEP,TC,Commercial,500,497699.0
US,GU,OEP,TC,Commercial,1000,623967.0
US,GU,OEP,TC,Personal,5,64109.0
US,GU,OEP,TC,Personal,10,124027.0
US,GU,OEP,TC,Personal,20,196584.0
US,GU,OEP,TC,Personal,25,219735.0
US,GU,OEP,TC,Personal,50,320132.0
US,GU,OEP,TC,Personal,100,427367.0
US,GU,OEP,TC,Personal,200,540638.0
US,GU,OEP,TC,Personal,250,602271.0
US,GU,OEP,TC,Personal,500,736389.0
US,GU,OEP,TC,Personal,1000,893861.0
US,GU,OEP,TC,Total,5,109516.0
US,GU,OEP,TC,Total,10,210139.0
US,GU,OEP,TC,Total,20,332180.0
US,GU,OEP,TC,Total,25,377408.0
US,GU,OEP,TC,Total,50,541643.0
US,GU,OEP,TC,Total,100,716291.0
US,GU,OEP,TC,Total,200,919720.0
US,GU,OEP,TC,Total,250,1011896.0
US,GU,OEP,TC,Total,500,1234090.0
US,GU,OEP,TC,Total,1000,1517830.0
FL,GU,OEP,TC,Commercial,5,11990.0
FL,GU,OEP,TC,Personal,5,19029.0
FL,GU,OEP,TC,Total,5,31019.0
FL,GU,OEP,TC,Commercial,10,23422.0
FL,GU,OEP,TC,Personal,10,37535.0
FL,GU,OEP,TC,Total,10,60957.0
FL,GU,OEP,TC,Commercial,20,36154.0
FL,GU,OEP,TC,Personal,20,56913.0
FL,GU,OEP,TC,Total,20,93067.0
FL,GU,OEP,TC,Commercial,25,42700.0
FL,GU,OEP,TC,Personal,25,65904.0
FL,GU,OEP,TC,Total,25,108604.0
FL,GU,OEP,TC,Commercial,50,61782.0
FL,GU,OEP,TC,Personal,50,93413.0
FL,GU,OEP,TC,Total,50,155195.0
FL,GU,OEP,TC,Commercial,100,76404.0
FL,GU,OEP,TC,Personal,100,132884.0
FL,GU,OEP,TC,Total,100,209288.0
FL,GU,OEP,TC,Commercial,200,98650.0
FL,GU,OEP,TC,Personal,200,160241.0
FL,GU,OEP,TC,Total,200,258891.0
FL,GU,OEP,TC,Commercial,250,111165.0
FL,GU,OEP,TC,Personal,250,184990.0
FL,GU,OEP,TC,Total,250,296155.0
FL,GU,OEP,TC,Commercial,500,132048.0
FL,GU,OEP,TC,Personal,500,216426.0
FL,GU,OEP,TC,Total,500,348474.0
FL,GU,OEP,TC,Commercial,1000,169303.0
FL,GU,OEP,TC,Personal,1000,279454.0
FL,GU,OEP,TC,Total,1000,448757.0
FL,GU,AEP,TC,Commercial,5,13404.0
FL,GU,AEP,TC,Personal,5,20939.0
FL,GU,AEP,TC,Total,5,34344.0
FL,GU,AEP,TC,Commercial,10,24296.0
FL,GU,AEP,TC,Personal,10,40252.0
FL,GU,AEP,TC,Total,10,64548.0
FL,GU,AEP,TC,Commercial,20,39501.0
FL,GU,AEP,TC,Personal,20,67617.0
FL,GU,AEP,TC,Total,20,107117.0
FL,GU,AEP,TC,Commercial,25,44907.0
FL,GU,AEP,TC,Personal,25,75656.0
FL,GU,AEP,TC,Total,25,120563.0
FL,GU,AEP,TC,Commercial,50,67588.0
FL,GU,AEP,TC,Personal,50,108276.0
FL,GU,AEP,TC,Total,50,175864.0
FL,GU,AEP,TC,Commercial,100,86257.0
FL,GU,AEP,TC,Personal,100,148441.0
FL,GU,AEP,TC,Total,100,234698.0
FL,GU,AEP,TC,Commercial,200,116922.0
FL,GU,AEP,TC,Personal,200,189848.0
FL,GU,AEP,TC,Total,200,306770.0
FL,GU,AEP,TC,Commercial,250,118731.0
FL,GU,AEP,TC,Personal,250,192195.0
FL,GU,AEP,TC,Total,250,310926.0
FL,GU,AEP,TC,Commercial,500,159045.0
FL,GU,AEP,TC,Personal,500,244553.0
FL,GU,AEP,TC,Total,500,403598.0
FL,GU,AEP,TC,Commercial,1000,180828.0
FL,GU,AEP,TC,Personal,1000,298545.0
FL,GU,AEP,TC,Total,1000,479374.0
FL,GU,OEP,SU,Commercial,5,4802.0
FL,GU,OEP,SU,Personal,5,6274.0
FL,GU,OEP,SU,Total,5,11076.0
FL,GU,OEP,SU,Commercial,10,8350.0
FL,GU,OEP,SU,Personal,10,11296.0
FL,GU,OEP,SU,Total,10,19646.0
FL,GU,OEP,SU,Commercial,20,12546.0
FL,GU,OEP,SU,Personal,20,16819.0
FL,GU,OEP,SU,Total,20,29365.0
FL,GU,OEP,SU,Commercial,25,15028.0
FL,GU,OEP,SU,Personal,25,18090.0
FL,GU,OEP,SU,Total,25,33118.0
FL,GU,OEP,SU,Commercial,50,19723.0
FL,GU,OEP,SU,Personal,50,25770.0
FL,GU,OEP,SU,Total,50,45493.0
FL,GU,OEP,SU,Commercial,100,28026.0
FL,GU,OEP,SU,Personal,100,34331.0
FL,GU,OEP,SU,Total,100,62357.0
FL,GU,OEP,SU,Commercial,200,35209.0
FL,GU,OEP,SU,Personal,200,44160.0
FL,GU,OEP,SU,Total,200,79369.0
FL,GU,OEP,SU,Commercial,250,36007.0
FL,GU,OEP,SU,Personal,250,47181.0
FL,GU,OEP,SU,Total,250,83188.0
FL,GU,OEP,SU,Commercial,500,41791.0
FL,GU,OEP,SU,Personal,500,53580.0
FL,GU,OEP,SU,Total,500,95371.0
FL,GU,OEP,SU,Commercial,1000,54000.0
FL,GU,OEP,SU,Personal,1000,68358.0
FL,GU,OEP,SU,Total,1000,122359.0
FL,GU,AEP,SU,Commercial,5,5151.0
FL,GU,AEP,SU,Personal,5,6741.0
FL,GU,AEP,SU,Total,5,11892.0
FL,GU,AEP,SU,Commercial,10,9658.0
FL,GU,AEP,SU,Personal,10,12582.0
FL,GU,AEP,SU,Total,10,22239.0
FL,GU,AEP,SU,Commercial,20,14904.0
FL,GU,AEP,SU,Personal,20,18570.0
FL,GU,AEP,SU,Total,20,33475.0
FL,GU,AEP,SU,Commercial,25,16400.0
FL,GU,AEP,SU,Personal,25,20935.0
FL,GU,AEP,SU,Total,25,37335.0
FL,GU,AEP,SU,Commercial,50,23262.0
FL,GU,AEP,SU,Personal,50,30167.0
FL,GU,AEP,SU,Total,50,53429.0
FL,GU,AEP,SU,Commercial,100,29853.0
FL,GU,AEP,SU,Personal,100,37125.0
FL,GU,AEP,SU,Total,100,66977.0
FL,GU,AEP,SU,Commercial,200,36802.0
FL,GU,AEP,SU,Personal,200,49179.0
FL,GU,AEP,SU,Total,200,85981.0
FL,GU,AEP,SU,Commercial,250,41740.0
FL,GU,AEP,SU,Personal,250,49351.0
FL,GU,AEP,SU,Total,250,91092.0
FL,GU,AEP,SU,Commercial,500,47046.0
FL,GU,AEP,SU,Personal,500,63040.0
FL,GU,AEP,SU,Total,500,110086.0
FL,GU,AEP,SU,Commercial,1000,56480.0
FL,GU,AEP,SU,Personal,1000,76768.0
FL,GU,AEP,SU,Total,1000,133248.0
FL,GU,OEP,PF,Commercial,5,1243.0
FL,GU,OEP,PF,Personal,5,1763.0
FL,GU,OEP,PF,Total,5,3006.0
FL,GU,OEP,PF,Commercial,10,2103.0
FL,GU,OEP,PF,Personal,10,2815.0
FL,GU,OEP,PF,Total,10,4918.0
FL,GU,OEP,PF,Commercial,20,2779.0
FL,GU,OEP,PF,Personal,20,3959.0
FL,GU,OEP,PF,Total,20,6738.0
FL,GU,OEP,PF,Commercial,25,2999.0
FL,GU,OEP,PF,Personal,25,4287.0
FL,GU,OEP,PF,Total,25,7286.0
FL,GU,OEP,PF,Commercial,50,3840.0
FL,GU,OEP,PF,Personal,50,5613.0
FL,GU,OEP,PF,Total,50,9453.0
FL,GU,OEP,PF,Commercial,100,4746.0
FL,GU,OEP,PF,Personal,100,7238.0
FL,GU,OEP,PF,Total,100,11984.0
FL,GU,OEP,PF,Commercial,200,6069.0
FL,GU,OEP,PF,Personal,200,8515.0
FL,GU,OEP,PF,Total,200,14584.0
FL,GU,OEP,PF,Commercial,250,6175.0
FL,GU,OEP,PF,Personal,250,9085.0
FL,GU,OEP,PF,Total,250,15260.0
FL,GU,OEP,PF,Commercial,500,7610.0
FL,GU,OEP,PF,Personal,500,10961.0
FL,GU,OEP,PF,Total,500,18571.0
FL,GU,OEP,PF,Commercial,1000,8031.0
FL,GU,OEP,PF,Personal,1000,11763.0
FL,GU,OEP,PF,Total,1000,19795.0
FL,GU,AEP,PF,Commercial,5,1381.0
FL,GU,AEP,PF,Personal,5,1997.0
FL,GU,AEP,PF,Total,5,3378.0
FL,GU,AEP,PF,Commercial,10,2276.0
FL,GU,AEP,PF,Personal,10,3235.0
FL,GU,AEP,PF,Total,10,5511.0
FL,GU,AEP,PF,Commercial,20,3038.0
FL,GU,AEP,PF,Personal,20,4535.0
FL,GU,AEP,PF,Total,20,7573.0
FL,GU,AEP,PF,Commercial,25,3501.0
FL,GU,AEP,PF,Personal,25,4842.0
FL,GU,AEP,PF,Total,25,8343.0
FL,GU,AEP,PF,Commercial,50,4651.0
FL,GU,AEP,PF,Personal,50,6207.0
FL,GU,AEP,PF,Total,50,10858.0
FL,GU,AEP,PF,Commercial,100,5800.0
FL,GU,AEP,PF,Personal,100,7711.0
FL,GU,AEP,PF,Total,100,13511.0
FL,GU,AEP,PF,Commercial,200,6906.0
FL,GU,AEP,PF,Personal,200,10027.0
FL,GU,AEP,PF,Total,200,16933.0
FL,GU,AEP,PF,Commercial,250,7382.0
FL,GU,AEP,PF,Personal,250,10477.0
FL,GU,AEP,PF,Total,250,17860.0
FL,GU,AEP,PF,Commercial,500,8445.0
FL,GU,AEP,PF,Personal,500,12029.0
FL,GU,AEP,PF,Total,500,20474.0
FL,GU,AEP,PF,Commercial,1000,9689.0
FL,GU,AEP,PF,Personal,1000,13111.0
FL,GU,AEP,PF,Total,1000,22799.0
FL,GU,OEP,IF,Commercial,5,232.0
FL,GU,OEP,IF,Personal,5,363.0
FL,GU,OEP,IF,Total,5,595.0
FL,GU,OEP,IF,Commercial,10,361.0
FL,GU,OEP,IF,Personal,10,546.0
FL,GU,OEP,IF,Total,10,907.0
FL,GU,OEP,IF,Commercial,20,466.0
FL,GU,OEP,IF,Personal,20,751.0
FL,GU,OEP,IF,Total,20,1218.0
FL,GU,OEP,IF,Commercial,25,501.0
FL,GU,OEP,IF,Personal,25,776.0
FL,GU,OEP,IF,Total,25,1276.0
FL,GU,OEP,IF,Commercial,50,640.0
FL,GU,OEP,IF,Personal,50,999.0
FL,GU,OEP,IF,Total,50,1639.0
FL,GU,OEP,IF,Commercial,100,753.0
FL,GU,OEP,IF,Personal,100,1199.0
FL,GU,OEP,IF,Total,100,1952.0
FL,GU,OEP,IF,Commercial,200,897.0
FL,GU,OEP,IF,Personal,200,1403.0
FL,GU,OEP,IF,Total,200,2300.0
FL,GU,OEP,IF,Commercial,250,942.0
FL,GU,OEP,IF,Personal,250,1525.0
FL,GU,OEP,IF,Total,250,2467.0
FL,GU,OEP,IF,Commercial,500,1070.0
FL,GU,OEP,IF,Personal,500,1792.0
FL,GU,OEP,IF,Total,500,2862.0
FL,GU,OEP,IF,Commercial,1000,1285.0
FL,GU,OEP,IF,Personal,1000,1933.0
FL,GU,OEP,IF,Total,1000,3218.0
FL,GU,AEP,IF,Commercial,5,254.0
FL,GU,AEP,IF,Personal,5,408.0
FL,GU,AEP,IF,Total,5,662.0
FL,GU,AEP,IF,Commercial,10,404.0
FL,GU,AEP,IF,Personal,10,623.0
FL,GU,AEP,IF,Total,10,1027.0
FL,GU,AEP,IF,Commercial,20,545.0
FL,GU,AEP,IF,Personal,20,833.0
FL,GU,AEP,IF,Total,20,1377.0
FL,GU,AEP,IF,Commercial,25,582.0
FL,GU,AEP,IF,Personal,25,882.0
FL,GU,AEP,IF,Total,25,1464.0
FL,GU,AEP,IF,Commercial,50,735.0
FL,GU,AEP,IF,Personal,50,1095.0
FL,GU,AEP,IF,Total,50,1830.0
FL,GU,AEP,IF,Commercial,100,884.0
FL,GU,AEP,IF,Personal,100,1410.0
FL,GU,AEP,IF,Total,100,2294.0
FL,GU,AEP,IF,Commercial,200,981.0
FL,GU,AEP,IF,Personal,200,1617.0
FL,GU,AEP,IF,Total,200,2598.0
FL,GU,AEP,IF,Commercial,250,1025.0
FL,GU,AEP,IF,Personal,250,1715.0
FL,GU,AEP,IF,Total,250,2739.0
FL,GU,AEP,IF,Commercial,500,1172.0
FL,GU,AEP,IF,Personal,500,2005.0
FL,GU,AEP,IF,Total,500,3177.0
FL,GU,AEP,IF,Commercial,1000,1331.0
FL,GU,AEP,IF,Personal,1000,2269.0
FL,GU,AEP,IF,Total,1000,3600.0
FL,GR,OEP,TC,Commercial,5,9283.0
FL,GR,OEP,TC,Personal,5,14735.0
FL,GR,OEP,TC,Total,5,24019.0
FL,GR,OEP,TC,Commercial,10,17657.0
FL,GR,OEP,TC,Personal,10,28636.0
FL,GR,OEP,TC,Total,10,46293.0
FL,GR,OEP,TC,Commercial,20,28805.0
FL,GR,OEP,TC,Personal,20,43567.0
FL,GR,OEP,TC,Total,20,72372.0
FL,GR,OEP,TC,Commercial,25,31665.0
FL,GR,OEP,TC,Personal,25,48777.0
FL,GR,OEP,TC,Total,25,80441.0
FL,GR,OEP,TC,Commercial,50,45097.0
FL,GR,OEP,TC,Personal,50,69840.0
FL,GR,OEP,TC,Total,50,114937.0
FL,GR,OEP,TC,Commercial,100,60182.0
FL,GR,OEP,TC,Personal,100,97560.0
FL,GR,OEP,TC,Total,100,157743.0
FL,GR,OEP,TC,Commercial,200,76698.0
FL,GR,OEP,TC,Personal,200,124947.0
FL,GR,OEP,TC,Total,200,201645.0
FL,GR,OEP,TC,Commercial,250,85079.0
FL,GR,OEP,TC,Personal,250,138293.0
FL,GR,OEP,TC,Total,250,223372.0
FL,GR,OEP,TC,Commercial,500,102475.0
FL,GR,OEP,TC,Personal,500,167782.0
FL,GR,OEP,TC,Total,500,270257.0
FL,GR,OEP,TC,Commercial,1000,129406.0
FL,GR,OEP,TC,Personal,1000,193315.0
FL,GR,OEP,TC,Total,1000,322722.0
FL,GR,AEP,TC,Commercial,5,9707.0
FL,GR,AEP,TC,Personal,5,15676.0
FL,GR,AEP,TC,Total,5,25383.0
FL,GR,AEP,TC,Commercial,10,19535.0
FL,GR,AEP,TC,Personal,10,30900.0
FL,GR,AEP,TC,Total,10,50435.0
FL,GR,AEP,TC,Commercial,20,31731.0
FL,GR,AEP,TC,Personal,20,50885.0
FL,GR,AEP,TC,Total,20,82617.0
FL,GR,AEP,TC,Commercial,25,34563.0
FL,GR,AEP,TC,Personal,25,59204.0
FL,GR,AEP,TC,Total,25,93767.0
FL,GR,AEP,TC,Commercial,50,51240.0
FL,GR,AEP,TC,Personal,50,79023.0
FL,GR,AEP,TC,Total,50,130263.0
FL,GR,AEP,TC,Commercial,100,66060.0
FL,GR,AEP,TC,Personal,100,106469.0
FL,GR,AEP,TC,Total,100,172528.0
FL,GR,AEP,TC,Commercial,200,83243.0
FL,GR,AEP,TC,Personal,200,134707.0
FL,GR,AEP,TC,Total,200,217951.0
FL,GR,AEP,TC,Commercial,250,96888.0
FL,GR,AEP,TC,Personal,250,149454.0
FL,GR,AEP,TC,Total,250,246341.0
FL,GR,AEP,TC,Commercial,500,113522.0
FL,GR,AEP,TC,Personal,500,190337.0
FL,GR,AEP,TC,Total,500,303858.0
FL,GR,AEP,TC,Commercial,1000,139680.0
FL,GR,AEP,TC,Personal,1000,234888.0
FL,GR,AEP,TC,Total,1000,374568.0
FL,GR,OEP,SU,Commercial,5,4170.0
FL,GR,OEP,SU,Personal,5,5140.0
FL,GR,OEP,SU,Total,5,9310.0
FL,GR,OEP,SU,Commercial,10,7234.0
FL,GR,OEP,SU,Personal,10,9753.0
FL,GR,OEP,SU,Total,10,16987.0
FL,GR,OEP,SU,Commercial,20,11553.0
FL,GR,OEP,SU,Personal,20,15006.0
FL,GR,OEP,SU,Total,20,26559.0
FL,GR,OEP,SU,Commercial,25,12244.0
FL,GR,OEP,SU,Personal,25,16732.0
FL,GR,OEP,SU,Total,25,28976.0
FL,GR,OEP,SU,Commercial,50,17802.0
FL,GR,OEP,SU,Personal,50,21458.0
FL,GR,OEP,SU,Total,50,39260.0
FL,GR,OEP,SU,Commercial,100,23189.0
FL,GR,OEP,SU,Personal,100,29732.0
FL,GR,OEP,SU,Total,100,52921.0
FL,GR,OEP,SU,Commercial,200,27556.0
FL,GR,OEP,SU,Personal,200,36619.0
FL,GR,OEP,SU,Total,200,64175.0
FL,GR,OEP,SU,Commercial,250,32018.0
FL,GR,OEP,SU,Personal,250,38572.0
FL,GR,OEP,SU,Total,250,70591.0
FL,GR,OEP,SU,Commercial,500,37535.0
FL,GR,OEP,SU,Personal,500,47587.0
FL,GR,OEP,SU,Total,500,85121.0
FL,GR,OEP,SU,Commercial,1000,43987.0
FL,GR,OEP,SU,Personal,1000,59371.0
FL,GR,OEP,SU,Total,1000,103357.0
FL,GR,AEP,SU,Commercial,5,4671.0
FL,GR,AEP,SU,Personal,5,5544.0
FL,GR,AEP,SU,Total,5,10215.0
FL,GR,AEP,SU,Commercial,10,8611.0
FL,GR,AEP,SU,Personal,10,10812.0
FL,GR,AEP,SU,Total,10,19423.0
FL,GR,AEP,SU,Commercial,20,12390.0
FL,GR,AEP,SU,Personal,20,16623.0
FL,GR,AEP,SU,Total,20,29013.0
FL,GR,AEP,SU,Commercial,25,13696.0
FL,GR,AEP,SU,Personal,25,19008.0
FL,GR,AEP,SU,Total,25,32704.0
FL,GR,AEP,SU,Commercial,50,19995.0
FL,GR,AEP,SU,Personal,50,25352.0
FL,GR,AEP,SU,Total,50,45347.0
FL,GR,AEP,SU,Commercial,100,24690.0
FL,GR,AEP,SU,Personal,100,33990.0
FL,GR,AEP,SU,Total,100,58679.0
FL,GR,AEP,SU,Commercial,200,30917.0
FL,GR,AEP,SU,Personal,200,40133.0
FL,GR,AEP,SU,Total,200,71050.0
FL,GR,AEP,SU,Commercial,250,33491.0
FL,GR,AEP,SU,Personal,250,45324.0
FL,GR,AEP,SU,Total,250,78815.0
FL,GR,AEP,SU,Commercial,500,40940.0
FL,GR,AEP,SU,Personal,500,55808.0
FL,GR,AEP,SU,Total,500,96747.0
FL,GR,AEP,SU,Commercial,1000,51046.0
FL,GR,AEP,SU,Personal,1000,60864.0
FL,GR,AEP,SU,Total,1000,111910.0
FL,GR,OEP,PF,Commercial,5,1056.0
FL,GR,OEP,PF,Personal,5,1532.0
FL,GR,OEP,PF,Total,5,2589.0
FL,GR,OEP,PF,Commercial,10,1789.0
FL,GR,OEP,PF,Personal,10,2633.0
FL,GR,OEP,PF,Total,10,4421.0
FL,GR,OEP,PF,Commercial,20,2427.0
FL,GR,OEP,PF,Personal,20,3724.0
FL,GR,OEP,PF,Total,20,6151.0
FL,GR,OEP,PF,Commercial,25,2615.0
FL,GR,OEP,PF,Personal,25,4069.0
FL,GR,OEP,PF,Total,25,6684.0
FL,GR,OEP,PF,Commercial,50,3676.0
FL,GR,OEP,PF,Personal,50,5229.0
FL,GR,OEP,PF,Total,50,8905.0
FL,GR,OEP,PF,Commercial,100,4444.0
FL,GR,OEP,PF,Personal,100,6506.0
FL,GR,OEP,PF,Total,100,10950.0
FL,GR,OEP,PF,Commercial,200,4989.0
FL,GR,OEP,PF,Personal,200,7326.0
FL,GR,OEP,PF,Total,200,12315.0
FL,GR,OEP,PF,Commercial,250,5311.0
FL,GR,OEP,PF,Personal,250,7971.0
FL,GR,OEP,PF,Total,250,13281.0
FL,GR,OEP,PF,Commercial,500,6592.0
FL,GR,OEP,PF,Personal,500,9412.0
FL,GR,OEP,PF,Total,500,16004.0
FL,GR,OEP,PF,Commercial,1000,7642.0
FL,GR,OEP,PF,Personal,1000,10293.0
FL,GR,OEP,PF,Total,1000,17935.0
FL,GR,AEP,PF,Commercial,5,1274.0
FL,GR,AEP,PF,Personal,5,1742.0
FL,GR,AEP,PF,Total,5,3015.0
FL,GR,AEP,PF,Commercial,10,1937.0
FL,GR,AEP,PF,Personal,10,2922.0
FL,GR,AEP,PF,Total,10,4859.0
FL,GR,AEP,PF,Commercial,20,2925.0
FL,GR,AEP,PF,Personal,20,4075.0
FL,GR,AEP,PF,Total,20,7000.0
FL,GR,AEP,PF,Commercial,25,2928.0
FL,GR,AEP,PF,Personal,25,4476.0
FL,GR,AEP,PF,Total,25,7404.0
FL,GR,AEP,PF,Commercial,50,3768.0
FL,GR,AEP,PF,Personal,50,5920.0
FL,GR,AEP,PF,Total,50,9688.0
FL,GR,AEP,PF,Commercial,100,4983.0
FL,GR,AEP,PF,Personal,100,6818.0
FL,GR,AEP,PF,Total,100,11801.0
FL,GR,AEP,PF,Commercial,200,5618.0
FL,GR,AEP,PF,Personal,200,8190.0
FL,GR,AEP,PF,Total,200,13808.0
FL,GR,AEP,PF,Commercial,250,6476.0
FL,GR,AEP,PF,Personal,250,8886.0
FL,GR,AEP,PF,Total,250,15363.0
FL,GR,AEP,PF,Commercial,500,7411.0
FL,GR,AEP,PF,Personal,500,10548.0
FL,GR,AEP,PF,Total,500,17959.0
FL,GR,AEP,PF,Commercial,1000,8329.0
FL,GR,AEP,PF,Personal,1000,11516.0
FL,GR,AEP,PF,Total,1000,19844.0
FL,GR,OEP,IF,Commercial,5,217.0
FL,GR,OEP,IF,Personal,5,319.0
FL,GR,OEP,IF,Total,5,536.0
FL,GR,OEP,IF,Commercial,10,315.0
FL,GR,OEP,IF,Personal,10,502.0
FL,GR,OEP,IF,Total,10,817.0
FL,GR,OEP,IF,Commercial,20,430.0
FL,GR,OEP,IF,Personal,20,695.0
FL,GR,OEP,IF,Total,20,1125.0
FL,GR,OEP,IF,Commercial,25,444.0
FL,GR,OEP,IF,Personal,25,724.0
FL,GR,OEP,IF,Total,25,1167.0
FL,GR,OEP,IF,Commercial,50,570.0
FL,GR,OEP,IF,Personal,50,902.0
FL,GR,OEP,IF,Total,50,1473.0
FL,GR,OEP,IF,Commercial,100,668.0
FL,GR,OEP,IF,Personal,100,1052.0
FL,GR,OEP,IF,Total,100,1719.0
FL,GR,OEP,IF,Commercial,200,798.0
FL,GR,OEP,IF,Personal,200,1257.0
FL,GR,OEP,IF,Total,200,2055.0
FL,GR,OEP,IF,Commercial,250,849.0
FL,GR,OEP,IF,Personal,250,1360.0
FL,GR,OEP,IF,Total,250,2209.0
FL,GR,OEP,IF,Commercial,500,993.0
FL,GR,OEP,IF,Personal,500,1527.0
FL,GR,OEP,IF,Total,500,2520.0
FL,GR,OEP,IF,Commercial,1000,1097.0
FL,GR,OEP,IF,Personal,1000,1691.0
FL,GR,OEP,IF,Total,1000,2788.0
FL,GR,AEP,IF,Commercial,5,234.0
FL,GR,AEP,IF,Personal,5,358.0
FL,GR,AEP,IF,Total,5,592.0
FL,GR,AEP,IF,Commercial,10,334.0
FL,GR,AEP,IF,Personal,10,546.0
FL,GR,AEP,IF,Total,10,881.0
FL,GR,AEP,IF,Commercial,20,473.0
FL,GR,AEP,IF,Personal,20,725.0
FL,GR,AEP,IF,Total,20,1198.0
FL,GR,AEP,IF,Commercial,25,519.0
FL,GR,AEP,IF,Personal,25,815.0
FL,GR,AEP,IF,Total,25,1334.0
FL,GR,AEP,IF,Commercial,50,658.0
FL,GR,AEP,IF,Personal,50,1028.0
FL,GR,AEP,IF,Total,50,1686.0
FL,GR,AEP,IF,Commercial,100,790.0
FL,GR,AEP,IF,Personal,100,1200.0
FL,GR,AEP,IF,Total,100,1990.0
FL,GR,AEP,IF,Commercial,200,940.0
FL,GR,AEP,IF,Personal,200,1443.0
FL,GR,AEP,IF,Total,200,2383.0
FL,GR,AEP,IF,Commercial,250,952.0
FL,GR,AEP,IF,Personal,250,1525.0
FL,GR,AEP,IF,Total,250,2477.0
FL,GR,AEP,IF,Commercial,500,1082.0
FL,GR,AEP,IF,Personal,500,1728.0
FL,GR,AEP,IF,Total,500,2810.0
FL,GR,AEP,IF,Commercial,1000,1269.0
FL,GR,AEP,IF,Personal,1000,2024.0
FL,GR,AEP,IF,Total,1000,3293.0
TX,GU,OEP,TC,Commercial,5,13449.0
TX,GU,OEP,TC,Personal,5,16819.0
TX,GU,OEP,TC,Total,5,30268.0
TX,GU,OEP,TC,Commercial,10,24639.0
TX,GU,OEP,TC,Personal,10,32994.0
TX,GU,OEP,TC,Total,10,57634.0
TX,GU,OEP,TC,Commercial,20,38755.0
TX,GU,OEP,TC,Personal,20,53178.0
TX,GU,OEP,TC,Total,20,91934.0
TX,GU,OEP,TC,Commercial,25,44913.0
TX,GU,OEP,TC,Personal,25,56296.0
TX,GU,OEP,TC,Total,25,101209.0
TX,GU,OEP,TC,Commercial,50,61107.0
TX,GU,OEP,TC,Personal,50,86009.0
TX,GU,OEP,TC,Total,50,147116.0
TX,GU,OEP,TC,Commercial,100,81820.0
TX,GU,OEP,TC,Personal,100,109101.0
TX,GU,OEP,TC,Total,100,190921.0
TX,GU,OEP,TC,Commercial,200,108379.0
TX,GU,OEP,TC,Personal,200,138876.0
TX,GU,OEP,TC,Total,200,247255.0
TX,GU,OEP,TC,Commercial,250,116493.0
TX,GU,OEP,TC,Personal,250,158391.0
TX,GU,OEP,TC,Total,250,274884.0
TX,GU,OEP,TC,Commercial,500,139733.0
TX,GU,OEP,TC,Personal,500,197581.0
TX,GU,OEP,TC,Total,500,337314.0
TX,GU,OEP,TC,Commercial,1000,183985.0
TX,GU,OEP,TC,Personal,1000,228477.0
TX,GU,OEP,TC,Total,1000,412462.0
TX,GU,AEP,TC,Commercial,5,13953.0
TX,GU,AEP,TC,Personal,5,19020.0
TX,GU,AEP,TC,Total,5,32973.0
TX,GU,AEP,TC,Commercial,10,26493.0
TX,GU,AEP,TC,Personal,10,35393.0
TX,GU,AEP,TC,Total,10,61886.0
TX,GU,AEP,TC,Commercial,20,46254.0
TX,GU,AEP,TC,Personal,20,60471.0
TX,GU,AEP,TC,Total,20,106725.0
TX,GU,AEP,TC,Commercial,25,51702.0
TX,GU,AEP,TC,Personal,25,64330.0
TX,GU,AEP,TC,Total,25,116032.0
TX,GU,AEP,TC,Commercial,50,72841.0
TX,GU,AEP,TC,Personal,50,95058.0
TX,GU,AEP,TC,Total,50,167899.0
TX,GU,AEP,TC,Commercial,100,94825.0
TX,GU,AEP,TC,Personal,100,126694.0
TX,GU,AEP,TC,Total,100,221519.0
TX,GU,AEP,TC,Commercial,200,117393.0
TX,GU,AEP,TC,Personal,200,156121.0
TX,GU,AEP,TC,Total,200,273514.0
TX,GU,AEP,TC,Commercial,250,133280.0
TX,GU,AEP,TC,Personal,250,167371.0
TX,GU,AEP,TC,Total,250,300651.0
TX,GU,AEP,TC,Commercial,500,158989.0
TX,GU,AEP,TC,Personal,500,221486.0
TX,GU,AEP,TC,Total,500,380475.0
TX,GU,AEP,TC,Commercial,1000,208701.0
TX,GU,AEP,TC,Personal,1000,260656.0
TX,GU,AEP,TC,Total,1000,469357.0
TX,GU,OEP,SU,Commercial,5,4772.0
TX,GU,OEP,SU,Personal,5,6241.0
TX,GU,OEP,SU,Total,5,11014.0
TX,GU,OEP,SU,Commercial,10,8036.0
TX,GU,OEP,SU,Personal,10,10688.0
TX,GU,OEP,SU,Total,10,18723.0
TX,GU,OEP,SU,Commercial,20,12728.0
TX,GU,OEP,SU,Personal,20,15889.0
TX,GU,OEP,SU,Total,20,28616.0
TX,GU,OEP,SU,Commercial,25,14855.0
TX,GU,OEP,SU,Personal,25,18549.0
TX,GU,OEP,SU,Total,25,33404.0
TX,GU,OEP,SU,Commercial,50,19922.0
TX,GU,OEP,SU,Personal,50,24860.0
TX,GU,OEP,SU,Total,50,44783.0
TX,GU,OEP,SU,Commercial,100,25321.0
TX,GU,OEP,SU,Personal,100,35089.0
TX,GU,OEP,SU,Total,100,60410.0
TX,GU,OEP,SU,Commercial,200,31463.0
TX,GU,OEP,SU,Personal,200,41357.0
TX,GU,OEP,SU,Total,200,72820.0
TX,GU,OEP,SU,Commercial,250,34552.0
TX,GU,OEP,SU,Personal,250,45441.0
TX,GU,OEP,SU,Total,250,79993.0
TX,GU,OEP,SU,Commercial,500,43259.0
TX,GU,OEP,SU,Personal,500,55249.0
TX,GU,OEP,SU,Total,500,98509.0
TX,GU,OEP,SU,Commercial,1000,48940.0
TX,GU,OEP,SU,Personal,1000,64138.0
TX,GU,OEP,SU,Total,1000,113078.0
TX,GU,AEP,SU,Commercial,5,5347.0
TX,GU,AEP,SU,Personal,5,6755.0
TX,GU,AEP,SU,Total,5,12102.0
TX,GU,AEP,SU,Commercial,10,9474.0
TX,GU,AEP,SU,Personal,10,12237.0
TX,GU,AEP,SU,Total,10,21711.0
TX,GU,AEP,SU,Commercial,20,14789.0
TX,GU,AEP,SU,Personal,20,17754.0
TX,GU,AEP,SU,Total,20,32543.0
TX,GU,AEP,SU,Commercial,25,16007.0
TX,GU,AEP,SU,Personal,25,20996.0
TX,GU,AEP,SU,Total,25,37003.0
TX,GU,AEP,SU,Commercial,50,22020.0
TX,GU,AEP,SU,Personal,50,29845.0
TX,GU,AEP,SU,Total,50,51865.0
TX,GU,AEP,SU,Commercial,100,29243.0
TX,GU,AEP,SU,Personal,100,38777.0
TX,GU,AEP,SU,Total,100,68020.0
TX,GU,AEP,SU,Commercial,200,38219.0
TX,GU,AEP,SU,Personal,200,47615.0
TX,GU,AEP,SU,Total,200,85834.0
TX,GU,AEP,SU,Commercial,250,41139.0
TX,GU,AEP,SU,Personal,250,51388.0
TX,GU,AEP,SU,Total,250,92526.0
TX,GU,AEP,SU,Commercial,500,49718.0
TX,GU,AEP,SU,Personal,500,60934.0
TX,GU,AEP,SU,Total,500,110652.0
TX,GU,AEP,SU,Commercial,1000,57185.0
TX,GU,AEP,SU,Personal,1000,73956.0
TX,GU,AEP,SU,Total,1000,131141.0
TX,GU,OEP,PF,Commercial,5,2041.0
TX,GU,OEP,PF,Personal,5,2616.0
TX,GU,OEP,PF,Total,5,4657.0
TX,GU,OEP,PF,Commercial,10,3526.0
TX,GU,OEP,PF,Personal,10,4265.0
TX,GU,OEP,PF,Total,10,7790.0
TX,GU,OEP,PF,Commercial,20,4611.0
TX,GU,OEP,PF,Personal,20,5831.0
TX,GU,OEP,PF,Total,20,10443.0
TX,GU,OEP,PF,Commercial,25,5070.0
TX,GU,OEP,PF,Personal,25,6198.0
TX,GU,OEP,PF,Total,25,11268.0
TX,GU,OEP,PF,Commercial,50,7029.0
TX,GU,OEP,PF,Personal,50,8342.0
TX,GU,OEP,PF,Total,50,15371.0
TX,GU,OEP,PF,Commercial,100,8173.0
TX,GU,OEP,PF,Personal,100,10468.0
TX,GU,OEP,PF,Total,100,18641.0
TX,GU,OEP,PF,Commercial,200,9507.0
TX,GU,OEP,PF,Personal,200,12162.0
TX,GU,OEP,PF,Total,200,21669.0
TX,GU,OEP,PF,Commercial,250,10764.0
TX,GU,OEP,PF,Personal,250,13299.0
TX,GU,OEP,PF,Total,250,24064.0
TX,GU,OEP,PF,Commercial,500,12896.0
TX,GU,OEP,PF,Personal,500,15489.0
TX,GU,OEP,PF,Total,500,28385.0
TX,GU,OEP,PF,Commercial,1000,14085.0
TX,GU,OEP,PF,Personal,1000,18019.0
TX,GU,OEP,PF,Total,1000,32104.0
TX,GU,AEP,PF,Commercial,5,2475.0
TX,GU,AEP,PF,Personal,5,3025.0
TX,GU,AEP,PF,Total,5,5501.0
TX,GU,AEP,PF,Commercial,10,3966.0
TX,GU,AEP,PF,Personal,10,4848.0
TX,GU,AEP,PF,Total,10,8814.0
TX,GU,AEP,PF,Commercial,20,5532.0
TX,GU,AEP,PF,Personal,20,6382.0
TX,GU,AEP,PF,Total,20,11914.0
TX,GU,AEP,PF,Commercial,25,5995.0
TX,GU,AEP,PF,Personal,25,7244.0
TX,GU,AEP,PF,Total,25,13240.0
TX,GU,AEP,PF,Commercial,50,7590.0
TX,GU,AEP,PF,Personal,50,9536.0
TX,GU,AEP,PF,Total,50,17126.0
TX,GU,AEP,PF,Commercial,100,9772.0
TX,GU,AEP,PF,Personal,100,12172.0
TX,GU,AEP,PF,Total,100,21944.0
TX,GU,AEP,PF,Commercial,200,10962.0
TX,GU,AEP,PF,Personal,200,14256.0
TX,GU,AEP,PF,Total,200,25219.0
TX,GU,AEP,PF,Commercial,250,12112.0
TX,GU,AEP,PF,Personal,250,14473.0
TX,GU,AEP,PF,Total,250,26584.0
TX,GU,AEP,PF,Commercial,500,13262.0
TX,GU,AEP,PF,Personal,500,16354.0
TX,GU,AEP,PF,Total,500,29616.0
TX,GU,AEP,PF,Commercial,1000,16249.0
TX,GU,AEP,PF,Personal,1000,19647.0
TX,GU,AEP,PF,Total,1000,35896.0
TX,GU,OEP,IF,Commercial,5,490.0
TX,GU,OEP,IF,Personal,5,604.0
TX,GU,OEP,IF,Total,5,1094.0
TX,GU,OEP,IF,Commercial,10,739.0
TX,GU,OEP,IF,Personal,10,907.0
TX,GU,OEP,IF,Total,10,1646.0
TX,GU,OEP,IF,Commercial,20,983.0
TX,GU,OEP,IF,Personal,20,1187.0
TX,GU,OEP,IF,Total,20,2169.0
TX,GU,OEP,IF,Commercial,25,1043.0
TX,GU,OEP,IF,Personal,25,1385.0
TX,GU,OEP,IF,Total,25,2428.0
TX,GU,OEP,IF,Commercial,50,1353.0
TX,GU,OEP,IF,Personal,50,1737.0
TX,GU,OEP,IF,Total,50,3090.0
TX,GU,OEP,IF,Commercial,100,1493.0
TX,GU,OEP,IF,Personal,100,2004.0
TX,GU,OEP,IF,Total,100,3497.0
TX,GU,OEP,IF,Commercial,200,1756.0
TX,GU,OEP,IF,Personal,200,2292.0
TX,GU,OEP,IF,Total,200,4048.0
TX,GU,OEP,IF,Commercial,250,1962.0
TX,GU,OEP,IF,Personal,250,2554.0
TX,GU,OEP,IF,Total,250,4517.0
TX,GU,OEP,IF,Commercial,500,2270.0
TX,GU,OEP,IF,Personal,500,2970.0
TX,GU,OEP,IF,Total,500,5240.0
TX,GU,OEP,IF,Commercial,1000,2555.0
TX,GU,OEP,IF,Personal,1000,3333.0
TX,GU,OEP,IF,Total,1000,5888.0
TX,GU,AEP,IF,Commercial,5,500.0
TX,GU,AEP,IF,Personal,5,661.0
TX,GU,AEP,IF,Total,5,1160.0
TX,GU,AEP,IF,Commercial,10,800.0
TX,GU,AEP,IF,Personal,10,1061.0
TX,GU,AEP,IF,Total,10,1861.0
TX,GU,AEP,IF,Commercial,20,1016.0
TX,GU,AEP,IF,Personal,20,1389.0
TX,GU,AEP,IF,Total,20,2405.0
TX,GU,AEP,IF,Commercial,25,1182.0
TX,GU,AEP,IF,Personal,25,1435.0
TX,GU,AEP,IF,Total,25,2617.0
TX,GU,AEP,IF,Commercial,50,1439.0
TX,GU,AEP,IF,Personal,50,1959.0
TX,GU,AEP,IF,Total,50,3398.0
TX,GU,AEP,IF,Commercial,100,1783.0
TX,GU,AEP,IF,Personal,100,2214.0
TX,GU,AEP,IF,Total,100,3997.0
TX,GU,AEP,IF,Commercial,200,2132.0
TX,GU,AEP,IF,Personal,200,2631.0
TX,GU,AEP,IF,Total,200,4763.0
TX,GU,AEP,IF,Commercial,250,2236.0
TX,GU,AEP,IF,Personal,250,2745.0
TX,GU,AEP,IF,Total,250,4981.0
TX,GU,AEP,IF,Commercial,500,2497.0
TX,GU,AEP,IF,Personal,500,3176.0
TX,GU,AEP,IF,Total,500,5673.0
TX,GU,AEP,IF,Commercial,1000,2732.0
TX,GU,AEP,IF,Personal,1000,3764.0
TX,GU,AEP,IF,Total,1000,6496.0
TX,GR,OEP,TC,Commercial,5,9691.0
TX,GR,OEP,TC,Personal,5,12490.0
TX,GR,OEP,TC,Total,5,22182.0
TX,GR,OEP,TC,Commercial,10,18759.0
TX,GR,OEP,TC,Personal,10,25370.0
TX,GR,OEP,TC,Total,10,44129.0
TX,GR,OEP,TC,Commercial,20,31550.0
TX,GR,OEP,TC,Personal,20,41862.0
TX,GR,OEP,TC,Total,20,73413.0
TX,GR,OEP,TC,Commercial,25,34125.0
TX,GR,OEP,TC,Personal,25,44961.0
TX,GR,OEP,TC,Total,25,79086.0
TX,GR,OEP,TC,Commercial,50,47687.0
TX,GR,OEP,TC,Personal,50,64945.0
TX,GR,OEP,TC,Total,50,112632.0
TX,GR,OEP,TC,Commercial,100,69675.0
TX,GR,OEP,TC,Personal,100,88199.0
TX,GR,OEP,TC,Total,100,157874.0
TX,GR,OEP,TC,Commercial,200,86240.0
TX,GR,OEP,TC,Personal,200,110085.0
TX,GR,OEP,TC,Total,200,196326.0
TX,GR,OEP,TC,Commercial,250,95833.0
TX,GR,OEP,TC,Personal,250,119824.0
TX,GR,OEP,TC,Total,250,215657.0
TX,GR,OEP,TC,Commercial,500,109677.0
TX,GR,OEP,TC,Personal,500,146299.0
TX,GR,OEP,TC,Total,500,255975.0
TX,GR,OEP,TC,Commercial,1000,131746.0
TX,GR,OEP,TC,Personal,1000,174040.0
TX,GR,OEP,TC,Total,1000,305785.0
TX,GR,AEP,TC,Commercial,5,10664.0
TX,GR,AEP,TC,Personal,5,14527.0
TX,GR,AEP,TC,Total,5,25191.0
TX,GR,AEP,TC,Commercial,10,21635.0
TX,GR,AEP,TC,Personal,10,27373.0
TX,GR,AEP,TC,Total,10,49008.0
TX,GR,AEP,TC,Commercial,20,34009.0
TX,GR,AEP,TC,Personal,20,46709.0
TX,GR,AEP,TC,Total,20,80719.0
TX,GR,AEP,TC,Commercial,25,39998.0
TX,GR,AEP,TC,Personal,25,51031.0
TX,GR,AEP,TC,Total,25,91030.0
TX,GR,AEP,TC,Commercial,50,54228.0
TX,GR,AEP,TC,Personal,50,75064.0
TX,GR,AEP,TC,Total,50,129292.0
TX,GR,AEP,TC,Commercial,100,72368.0
TX,GR,AEP,TC,Personal,100,95146.0
TX,GR,AEP,TC,Total,100,167514.0
TX,GR,AEP,TC,Commercial,200,99592.0
TX,GR,AEP,TC,Personal,200,125005.0
TX,GR,AEP,TC,Total,200,224597.0
TX,GR,AEP,TC,Commercial,250,105550.0
TX,GR,AEP,TC,Personal,250,135463.0
TX,GR,AEP,TC,Total,250,241013.0
TX,GR,AEP,TC,Commercial,500,129456.0
TX,GR,AEP,TC,Personal,500,162758.0
TX,GR,AEP,TC,Total,500,292214.0
TX,GR,AEP,TC,Commercial,1000,150242.0
TX,GR,AEP,TC,Personal,1000,197346.0
TX,GR,AEP,TC,Total,1000,347588.0
TX,GR,OEP,SU,Commercial,5,3586.0
TX,GR,OEP,SU,Personal,5,4967.0
TX,GR,OEP,SU,Total,5,8553.0
TX,GR,OEP,SU,Commercial,10,6560.0
TX,GR,OEP,SU,Personal,10,8699.0
TX,GR,OEP,SU,Total,10,15259.0
TX,GR,OEP,SU,Commercial,20,10654.0
TX,GR,OEP,SU,Personal,20,13726.0
TX,GR,OEP,SU,Total,20,24380.0
TX,GR,OEP,SU,Commercial,25,11583.0
TX,GR,OEP,SU,Personal,25,14991.0
TX,GR,OEP,SU,Total,25,26574.0
TX,GR,OEP,SU,Commercial,50,16874.0
TX,GR,OEP,SU,Personal,50,21093.0
TX,GR,OEP,SU,Total,50,37967.0
TX,GR,OEP,SU,Commercial,100,21706.0
TX,GR,OEP,SU,Personal,100,28226.0
TX,GR,OEP,SU,Total,100,49933.0
TX,GR,OEP,SU,Commercial,200,27285.0
TX,GR,OEP,SU,Personal,200,33120.0
TX,GR,OEP,SU,Total,200,60405.0
TX,GR,OEP,SU,Commercial,250,28567.0
TX,GR,OEP,SU,Personal,250,35148.0
TX,GR,OEP,SU,Total,250,63715.0
TX,GR,OEP,SU,Commercial,500,35035.0
TX,GR,OEP,SU,Personal,500,46519.0
TX,GR,OEP,SU,Total,500,81554.0
TX,GR,OEP,SU,Commercial,1000,41138.0
TX,GR,OEP,SU,Personal,1000,52619.0
TX,GR,OEP,SU,Total,1000,93756.0
TX,GR,AEP,SU,Commercial,5,3966.0
TX,GR,AEP,SU,Personal,5,5609.0
TX,GR,AEP,SU,Total,5,9575.0
TX,GR,AEP,SU,Commercial,10,7212.0
TX,GR,AEP,SU,Personal,10,9239.0
TX,GR,AEP,SU,Total,10,16451.0
TX,GR,AEP,SU,Commercial,20,11299.0
TX,GR,AEP,SU,Personal,20,14299.0
TX,GR,AEP,SU,Total,20,25599.0
TX,GR,AEP,SU,Commercial,25,12994.0
TX,GR,AEP,SU,Personal,25,16857.0
TX,GR,AEP,SU,Total,25,29852.0
TX,GR,AEP,SU,Commercial,50,17670.0
TX,GR,AEP,SU,Personal,50,22176.0
TX,GR,AEP,SU,Total,50,39846.0
TX,GR,AEP,SU,Commercial,100,22654.0
TX,GR,AEP,SU,Personal,100,30039.0
TX,GR,AEP,SU,Total,100,52693.0
TX,GR,AEP,SU,Commercial,200,28399.0
TX,GR,AEP,SU,Personal,200,39059.0
TX,GR,AEP,SU,Total,200,67459.0
TX,GR,AEP,SU,Commercial,250,30865.0
TX,GR,AEP,SU,Personal,250,40187.0
TX,GR,AEP,SU,Total,250,71052.0
TX,GR,AEP,SU,Commercial,500,38239.0
TX,GR,AEP,SU,Personal,500,49416.0
TX,GR,AEP,SU,Total,500,87656.0
TX,GR,AEP,SU,Commercial,1000,43722.0
TX,GR,AEP,SU,Personal,1000,57029.0
TX,GR,AEP,SU,Total,1000,100752.0
TX,GR,OEP,PF,Commercial,5,1916.0
TX,GR,OEP,PF,Personal,5,2185.0
TX,GR,OEP,PF,Total,5,4101.0
TX,GR,OEP,PF,Commercial,10,2947.0
TX,GR,OEP,PF,Personal,10,3660.0
TX,GR,OEP,PF,Total,10,6607.0
TX,GR,OEP,PF,Commercial,20,4077.0
TX,GR,OEP,PF,Personal,20,5123.0
TX,GR,OEP,PF,Total,20,9199.0
TX,GR,OEP,PF,Commercial,25,4679.0
TX,GR,OEP,PF,Personal,25,5856.0
TX,GR,OEP,PF,Total,25,10536.0
TX,GR,OEP,PF,Commercial,50,5724.0
TX,GR,OEP,PF,Personal,50,7168.0
TX,GR,OEP,PF,Total,50,12892.0
TX,GR,OEP,PF,Commercial,100,7064.0
TX,GR,OEP,PF,Personal,100,9003.0
TX,GR,OEP,PF,Total,100,16067.0
TX,GR,OEP,PF,Commercial,200,8860.0
TX,GR,OEP,PF,Personal,200,10531.0
TX,GR,OEP,PF,Total,200,19390.0
TX,GR,OEP,PF,Commercial,250,9024.0
TX,GR,OEP,PF,Personal,250,11913.0
TX,GR,OEP,PF,Total,250,20937.0
TX,GR,OEP,PF,Commercial,500,10222.0
TX,GR,OEP,PF,Personal,500,13267.0
TX,GR,OEP,PF,Total,500,23489.0
TX,GR,OEP,PF,Commercial,1000,12542.0
TX,GR,OEP,PF,Personal,1000,14748.0
TX,GR,OEP,PF,Total,1000,27290.0
TX,GR,AEP,PF,Commercial,5,1977.0
TX,GR,AEP,PF,Personal,5,2483.0
TX,GR,AEP,PF,Total,5,4459.0
TX,GR,AEP,PF,Commercial,10,3436.0
TX,GR,AEP,PF,Personal,10,3902.0
TX,GR,AEP,PF,Total,10,7338.0
TX,GR,AEP,PF,Commercial,20,4499.0
TX,GR,AEP,PF,Personal,20,5506.0
TX,GR,AEP,PF,Total,20,10005.0
TX,GR,AEP,PF,Commercial,25,4899.0
TX,GR,AEP,PF,Personal,25,6419.0
TX,GR,AEP,PF,Total,25,11318.0
TX,GR,AEP,PF,Commercial,50,6399.0
TX,GR,AEP,PF,Personal,50,8230.0
TX,GR,AEP,PF,Total,50,14629.0
TX,GR,AEP,PF,Commercial,100,8194.0
TX,GR,AEP,PF,Personal,100,10457.0
TX,GR,AEP,PF,Total,100,18651.0
TX,GR,AEP,PF,Commercial,200,9262.0
TX,GR,AEP,PF,Personal,200,12552.0
TX,GR,AEP,PF,Total,200,21814.0
TX,GR,AEP,PF,Commercial,250,10404.0
TX,GR,AEP,PF,Personal,250,12360.0
TX,GR,AEP,PF,Total,250,22764.0
TX,GR,AEP,PF,Commercial,500,12317.0
TX,GR,AEP,PF,Personal,500,15448.0
TX,GR,AEP,PF,Total,500,27765.0
TX,GR,AEP,PF,Commercial,1000,13418.0
TX,GR,AEP,PF,Personal,1000,17833.0
TX,GR,AEP,PF,Total,1000,31251.0
TX,GR,OEP,IF,Commercial,5,404.0
TX,GR,OEP,IF,Personal,5,531.0
TX,GR,OEP,IF,Total,5,935.0
TX,GR,OEP,IF,Commercial,10,642.0
TX,GR,OEP,IF,Personal,10,783.0
TX,GR,OEP,IF,Total,10,1425.0
TX,GR,OEP,IF,Commercial,20,855.0
TX,GR,OEP,IF,Personal,20,1055.0
TX,GR,OEP,IF,Total,20,1910.0
TX,GR,OEP,IF,Commercial,25,927.0
TX,GR,OEP,IF,Personal,25,1179.0
TX,GR,OEP,IF,Total,25,2106.0
TX,GR,OEP,IF,Commercial,50,1095.0
TX,GR,OEP,IF,Personal,50,1448.0
TX,GR,OEP,IF,Total,50,2543.0
TX,GR,OEP,IF,Commercial,100,1334.0
TX,GR,OEP,IF,Personal,100,1688.0
TX,GR,OEP,IF,Total,100,3022.0
TX,GR,OEP,IF,Commercial,200,1522.0
TX,GR,OEP,IF,Personal,200,2039.0
TX,GR,OEP,IF,Total,200,3561.0
TX,GR,OEP,IF,Commercial,250,1594.0
TX,GR,OEP,IF,Personal,250,2099.0
TX,GR,OEP,IF,Total,250,3693.0
TX,GR,OEP,IF,Commercial,500,1962.0
TX,GR,OEP,IF,Personal,500,2539.0
TX,GR,OEP,IF,Total,500,4501.0
TX,GR,OEP,IF,Commercial,1000,2218.0
TX,GR,OEP,IF,Personal,1000,2758.0
TX,GR,OEP,IF,Total,1000,4976.0
TX,GR,AEP,IF,Commercial,5,472.0
TX,GR,AEP,IF,Personal,5,595.0
TX,GR,AEP,IF,Total,5,1067.0
TX,GR,AEP,IF,Commercial,10,660.0
TX,GR,AEP,IF,Personal,10,858.0
TX,GR,AEP,IF,Total,10,1518.0
TX,GR,AEP,IF,Commercial,20,946.0
TX,GR,AEP,IF,Personal,20,1164.0
TX,GR,AEP,IF,Total,20,2111.0
TX,GR,AEP,IF,Commercial,25,1009.0
TX,GR,AEP,IF,Personal,25,1372.0
TX,GR,AEP,IF,Total,25,2381.0
TX,GR,AEP,IF,Commercial,50,1199.0
TX,GR,AEP,IF,Personal,50,1557.0
TX,GR,AEP,IF,Total,50,2756.0
TX,GR,AEP,IF,Commercial,100,1597.0
TX,GR,AEP,IF,Personal,100,1991.0
TX,GR,AEP,IF,Total,100,3588.0
TX,GR,AEP,IF,Commercial,200,1722.0
TX,GR,AEP,IF,Personal,200,2411.0
TX,GR,AEP,IF,Total,200,4133.0
TX,GR,AEP,IF,Commercial,250,1947.0
TX,GR,AEP,IF,Personal,250,2441.0
TX,GR,AEP,IF,Total,250,4388.0
TX,GR,AEP,IF,Commercial,500,2175.0
TX,GR,AEP,IF,Personal,500,2723.0
TX,GR,AEP,IF,Total,500,4898.0
TX,GR,AEP,IF,Commercial,1000,2318.0
TX,GR,AEP,IF,Personal,1000,3176.0
TX,GR,AEP,IF,Total,1000,5494.0
LA,GU,OEP,TC,Commercial,5,2643.0
LA,GU,OEP,TC,Personal,5,4500.0
LA,GU,OEP,TC,Total,5,7143.0
LA,GU,OEP,TC,Commercial,10,5314.0
LA,GU,OEP,TC,Personal,10,8030.0
LA,GU,OEP,TC,Total,10,13344.0
LA,GU,OEP,TC,Commercial,20,8335.0
LA,GU,OEP,TC,Personal,20,13184.0
LA,GU,OEP,TC,Total,20,21520.0
LA,GU,OEP,TC,Commercial,25,9747.0
LA,GU,OEP,TC,Personal,25,15039.0
LA,GU,OEP,TC,Total,25,24786.0
LA,GU,OEP,TC,Commercial,50,13495.0
LA,GU,OEP,TC,Personal,50,22020.0
LA,GU,OEP,TC,Total,50,35516.0
LA,GU,OEP,TC,Commercial,100,17717.0
LA,GU,OEP,TC,Personal,100,29900.0
LA,GU,OEP,TC,Total,100,47617.0
LA,GU,OEP,TC,Commercial,200,23563.0
LA,GU,OEP,TC,Personal,200,38065.0
LA,GU,OEP,TC,Total,200,61628.0
LA,GU,OEP,TC,Commercial,250,25460.0
LA,GU,OEP,TC,Personal,250,42695.0
LA,GU,OEP,TC,Total,250,68155.0
LA,GU,OEP,TC,Commercial,500,30458.0
LA,GU,OEP,TC,Personal,500,50461.0
LA,GU,OEP,TC,Total,500,80920.0
LA,GU,OEP,TC,Commercial,1000,35333.0
LA,GU,OEP,TC,Personal,1000,62756.0
LA,GU,OEP,TC,Total,1000,98089.0
LA,GU,AEP,TC,Commercial,5,3028.0
LA,GU,AEP,TC,Personal,5,4914.0
LA,GU,AEP,TC,Total,5,7942.0
LA,GU,AEP,TC,Commercial,10,5524.0
LA,GU,AEP,TC,Personal,10,9817.0
LA,GU,AEP,TC,Total,10,15342.0
LA,GU,AEP,TC,Commercial,20,9150.0
LA,GU,AEP,TC,Personal,20,15451.0
LA,GU,AEP,TC,Total,20,24601.0
LA,GU,AEP,TC,Commercial,25,10155.0
LA,GU,AEP,TC,Personal,25,18066.0
LA,GU,AEP,TC,Total,25,28221.0
LA,GU,AEP,TC,Commercial,50,14469.0
LA,GU,AEP,TC,Personal,50,23794.0
LA,GU,AEP,TC,Total,50,38263.0
LA,GU,AEP,TC,Commercial,100,20771.0
LA,GU,AEP,TC,Personal,100,34261.0
LA,GU,AEP,TC,Total,100,55032.0
LA,GU,AEP,TC,Commercial,200,25065.0
LA,GU,AEP,TC,Personal,200,42221.0
LA,GU,AEP,TC,Total,200,67286.0
LA,GU,AEP,TC,Commercial,250,28446.0
LA,GU,AEP,TC,Personal,250,47340.0
LA,GU,AEP,TC,Total,250,75785.0
LA,GU,AEP,TC,Commercial,500,33975.0
LA,GU,AEP,TC,Personal,500,56530.0
LA,GU,AEP,TC,Total,500,90505.0
LA,GU,AEP,TC,Commercial,1000,42607.0
LA,GU,AEP,TC,Personal,1000,69844.0
LA,GU,AEP,TC,Total,1000,112451.0
LA,GU,OEP,SU,Commercial,5,1570.0
LA,GU,OEP,SU,Personal,5,1980.0
LA,GU,OEP,SU,Total,5,3550.0
LA,GU,OEP,SU,Commercial,10,2648.0
LA,GU,OEP,SU,Personal,10,3693.0
LA,GU,OEP,SU,Total,10,6341.0
LA,GU,OEP,SU,Commercial,20,4412.0
LA,GU,OEP,SU,Personal,20,5643.0
LA,GU,OEP,SU,Total,20,10055.0
LA,GU,OEP,SU,Commercial,25,4600.0
LA,GU,OEP,SU,Personal,25,5987.0
LA,GU,OEP,SU,Total,25,10587.0
LA,GU,OEP,SU,Commercial,50,6772.0
LA,GU,OEP,SU,Personal,50,8106.0
LA,GU,OEP,SU,Total,50,14878.0
LA,GU,OEP,SU,Commercial,100,9067.0
LA,GU,OEP,SU,Personal,100,11003.0
LA,GU,OEP,SU,Total,100,20071.0
LA,GU,OEP,SU,Commercial,200,11144.0
LA,GU,OEP,SU,Personal,200,14584.0
LA,GU,OEP,SU,Total,200,25728.0
LA,GU,OEP,SU,Commercial,250,11550.0
LA,GU,OEP,SU,Personal,250,14757.0
LA,GU,OEP,SU,Total,250,26307.0
LA,GU,OEP,SU,Commercial,500,14343.0
LA,GU,OEP,SU,Personal,500,18415.0
LA,GU,OEP,SU,Total,500,32758.0
LA,GU,OEP,SU,Commercial,1000,16740.0
LA,GU,OEP,SU,Personal,1000,21971.0
LA,GU,OEP,SU,Total,1000,38710.0
LA,GU,AEP,SU,Commercial,5,1785.0
LA,GU,AEP,SU,Personal,5,2195.0
LA,GU,AEP,SU,Total,5,3979.0
LA,GU,AEP,SU,Commercial,10,2994.0
LA,GU,AEP,SU,Personal,10,3927.0
LA,GU,AEP,SU,Total,10,6921.0
LA,GU,AEP,SU,Commercial,20,4717.0
LA,GU,AEP,SU,Personal,20,5911.0
LA,GU,AEP,SU,Total,20,10628.0
LA,GU,AEP,SU,Commercial,25,5186.0
LA,GU,AEP,SU,Personal,25,7037.0
LA,GU,AEP,SU,Total,25,12223.0
LA,GU,AEP,SU,Commercial,50,7285.0
LA,GU,AEP,SU,Personal,50,9966.0
LA,GU,AEP,SU,Total,50,17252.0
LA,GU,AEP,SU,Commercial,100,9443.0
LA,GU,AEP,SU,Personal,100,11977.0
LA,GU,AEP,SU,Total,100,21419.0
LA,GU,AEP,SU,Commercial,200,12523.0
LA,GU,AEP,SU,Personal,200,16324.0
LA,GU,AEP,SU,Total,200,28847.0
LA,GU,AEP,SU,Commercial,250,12784.0
LA,GU,AEP,SU,Personal,250,16331.0
LA,GU,AEP,SU,Total,250,29115.0
LA,GU,AEP,SU,Commercial,500,15392.0
LA,GU,AEP,SU,Personal,500,20504.0
LA,GU,AEP,SU,Total,500,35896.0
LA,GU,AEP,SU,Commercial,1000,18860.0
LA,GU,AEP,SU,Personal,1000,23773.0
LA,GU,AEP,SU,Total,1000,42634.0
LA,GU,OEP,PF,Commercial,5,442.0
LA,GU,OEP,PF,Personal,5,624.0
LA,GU,OEP,PF,Total,5,1066.0
LA,GU,OEP,PF,Commercial,10,772.0
LA,GU,OEP,PF,Personal,10,1010.0
LA,GU,OEP,PF,Total,10,1783.0
LA,GU,OEP,PF,Commercial,20,1039.0
LA,GU,OEP,PF,Personal,20,1347.0
LA,GU,OEP,PF,Total,20,2385.0
LA,GU,OEP,PF,Commercial,25,1113.0
LA,GU,OEP,PF,Personal,25,1507.0
LA,GU,OEP,PF,Total,25,2620.0
LA,GU,OEP,PF,Commercial,50,1509.0
LA,GU,OEP,PF,Personal,50,2057.0
LA,GU,OEP,PF,Total,50,3566.0
LA,GU,OEP,PF,Commercial,100,1891.0
LA,GU,OEP,PF,Personal,100,2569.0
LA,GU,OEP,PF,Total,100,4460.0
LA,GU,OEP,PF,Commercial,200,2286.0
LA,GU,OEP,PF,Personal,200,3074.0
LA,GU,OEP,PF,Total,200,5360.0
LA,GU,OEP,PF,Commercial,250,2203.0
LA,GU,OEP,PF,Personal,250,2990.0
LA,GU,OEP,PF,Total,250,5193.0
LA,GU,OEP,PF,Commercial,500,2631.0
LA,GU,OEP,PF,Personal,500,3637.0
LA,GU,OEP,PF,Total,500,6268.0
LA,GU,OEP,PF,Commercial,1000,2955.0
LA,GU,OEP,PF,Personal,1000,4295.0
LA,GU,OEP,PF,Total,1000,7250.0
LA,GU,AEP,PF,Commercial,5,525.0
LA,GU,AEP,PF,Personal,5,703.0
LA,GU,AEP,PF,Total,5,1228.0
LA,GU,AEP,PF,Commercial,10,799.0
LA,GU,AEP,PF,Personal,10,1087.0
LA,GU,AEP,PF,Total,10,1886.0
LA,GU,AEP,PF,Commercial,20,1124.0
LA,GU,AEP,PF,Personal,20,1625.0
LA,GU,AEP,PF,Total,20,2749.0
LA,GU,AEP,PF,Commercial,25,1289.0
LA,GU,AEP,PF,Personal,25,1764.0
LA,GU,AEP,PF,Total,25,3052.0
LA,GU,AEP,PF,Commercial,50,1613.0
LA,GU,AEP,PF,Personal,50,2192.0
LA,GU,AEP,PF,Total,50,3805.0
LA,GU,AEP,PF,Commercial,100,2016.0
LA,GU,AEP,PF,Personal,100,2816.0
LA,GU,AEP,PF,Total,100,4832.0
LA,GU,AEP,PF,Commercial,200,2509.0
LA,GU,AEP,PF,Personal,200,3197.0
LA,GU,AEP,PF,Total,200,5706.0
LA,GU,AEP,PF,Commercial,250,2691.0
LA,GU,AEP,PF,Personal,250,3343.0
LA,GU,AEP,PF,Total,250,6034.0
LA,GU,AEP,PF,Commercial,500,3125.0
LA,GU,AEP,PF,Personal,500,3891.0
LA,GU,AEP,PF,Total,500,7015.0
LA,GU,AEP,PF,Commercial,1000,3367.0
LA,GU,AEP,PF,Personal,1000,4811.0
LA,GU,AEP,PF,Total,1000,8178.0
LA,GU,OEP,IF,Commercial,5,105.0
LA,GU,OEP,IF,Personal,5,140.0
LA,GU,OEP,IF,Total,5,246.0
LA,GU,OEP,IF,Commercial,10,164.0
LA,GU,OEP,IF,Personal,10,208.0
LA,GU,OEP,IF,Total,10,372.0
LA,GU,OEP,IF,Commercial,20,227.0
LA,GU,OEP,IF,Personal,20,299.0
LA,GU,OEP,IF,Total,20,526.0
LA,GU,OEP,IF,Commercial,25,251.0
LA,GU,OEP,IF,Personal,25,309.0
LA,GU,OEP,IF,Total,25,559.0
LA,GU,OEP,IF,Commercial,50,303.0
LA,GU,OEP,IF,Personal,50,383.0
LA,GU,OEP,IF,Total,50,686.0
LA,GU,OEP,IF,Commercial,100,356.0
LA,GU,OEP,IF,Personal,100,458.0
LA,GU,OEP,IF,Total,100,813.0
LA,GU,OEP,IF,Commercial,200,448.0
LA,GU,OEP,IF,Personal,200,578.0
LA,GU,OEP,IF,Total,200,1026.0
LA,GU,OEP,IF,Commercial,250,462.0
LA,GU,OEP,IF,Personal,250,585.0
LA,GU,OEP,IF,Total,250,1047.0
LA,GU,OEP,IF,Commercial,500,514.0
LA,GU,OEP,IF,Personal,500,671.0
LA,GU,OEP,IF,Total,500,1185.0
LA,GU,OEP,IF,Commercial,1000,584.0
LA,GU,OEP,IF,Personal,1000,750.0
LA,GU,OEP,IF,Total,1000,1334.0
LA,GU,AEP,IF,Commercial,5,117.0
LA,GU,AEP,IF,Personal,5,152.0
LA,GU,AEP,IF,Total,5,270.0
LA,GU,AEP,IF,Commercial,10,192.0
LA,GU,AEP,IF,Personal,10,239.0
LA,GU,AEP,IF,Total,10,431.0
LA,GU,AEP,IF,Commercial,20,260.0
LA,GU,AEP,IF,Personal,20,313.0
LA,GU,AEP,IF,Total,20,573.0
LA,GU,AEP,IF,Commercial,25,272.0
LA,GU,AEP,IF,Personal,25,341.0
LA,GU,AEP,IF,Total,25,613.0
LA,GU,AEP,IF,Commercial,50,330.0
LA,GU,AEP,IF,Personal,50,419.0
LA,GU,AEP,IF,Total,50,749.0
LA,GU,AEP,IF,Commercial,100,393.0
LA,GU,AEP,IF,Personal,100,553.0
LA,GU,AEP,IF,Total,100,946.0
LA,GU,AEP,IF,Commercial,200,472.0
LA,GU,AEP,IF,Personal,200,630.0
LA,GU,AEP,IF,Total,200,1102.0
LA,GU,AEP,IF,Commercial,250,502.0
LA,GU,AEP,IF,Personal,250,647.0
LA,GU,AEP,IF,Total,250,1149.0
LA,GU,AEP,IF,Commercial,500,579.0
LA,GU,AEP,IF,Personal,500,725.0
LA,GU,AEP,IF,Total,500,1304.0
LA,GU,AEP,IF,Commercial,1000,683.0
LA,GU,AEP,IF,Personal,1000,873.0
LA,GU,AEP,IF,Total,1000,1556.0
LA,GR,OEP,TC,Commercial,5,2218.0
LA,GR,OEP,TC,Personal,5,3542.0
LA,GR,OEP,TC,Total,5,5760.0
LA,GR,OEP,TC,Commercial,10,3983.0
LA,GR,OEP,TC,Personal,10,7055.0
LA,GR,OEP,TC,Total,10,11037.0
LA,GR,OEP,TC,Commercial,20,6520.0
LA,GR,OEP,TC,Personal,20,10383.0
LA,GR,OEP,TC,Total,20,16903.0
LA,GR,OEP,TC,Commercial,25,7421.0
LA,GR,OEP,TC,Personal,25,12737.0
LA,GR,OEP,TC,Total,25,20159.0
LA,GR,OEP,TC,Commercial,50,10843.0
LA,GR,OEP,TC,Personal,50,18017.0
LA,GR,OEP,TC,Total,50,28860.0
LA,GR,OEP,TC,Commercial,100,14788.0
LA,GR,OEP,TC,Personal,100,22896.0
LA,GR,OEP,TC,Total,100,37684.0
LA,GR,OEP,TC,Commercial,200,19275.0
LA,GR,OEP,TC,Personal,200,30155.0
LA,GR,OEP,TC,Total,200,49429.0
LA,GR,OEP,TC,Commercial,250,20193.0
LA,GR,OEP,TC,Personal,250,31055.0
LA,GR,OEP,TC,Total,250,51248.0
LA,GR,OEP,TC,Commercial,500,25857.0
LA,GR,OEP,TC,Personal,500,39549.0
LA,GR,OEP,TC,Total,500,65405.0
LA,GR,OEP,TC,Commercial,1000,28502.0
LA,GR,OEP,TC,Personal,1000,48708.0
LA,GR,OEP,TC,Total,1000,77210.0
LA,GR,AEP,TC,Commercial,5,2335.0
LA,GR,AEP,TC,Personal,5,3841.0
LA,GR,AEP,TC,Total,5,6176.0
LA,GR,AEP,TC,Commercial,10,4682.0
LA,GR,AEP,TC,Personal,10,7501.0
LA,GR,AEP,TC,Total,10,12183.0
LA,GR,AEP,TC,Commercial,20,7734.0
LA,GR,AEP,TC,Personal,20,11957.0
LA,GR,AEP,TC,Total,20,19690.0
LA,GR,AEP,TC,Commercial,25,8636.0
LA,GR,AEP,TC,Personal,25,13804.0
LA,GR,AEP,TC,Total,25,22440.0
LA,GR,AEP,TC,Commercial,50,12188.0
LA,GR,AEP,TC,Personal,50,19882.0
LA,GR,AEP,TC,Total,50,32070.0
LA,GR,AEP,TC,Commercial,100,16047.0
LA,GR,AEP,TC,Personal,100,27592.0
LA,GR,AEP,TC,Total,100,43639.0
LA,GR,AEP,TC,Commercial,200,20384.0
LA,GR,AEP,TC,Personal,200,32887.0
LA,GR,AEP,TC,Total,200,53271.0
LA,GR,AEP,TC,Commercial,250,22704.0
LA,GR,AEP,TC,Personal,250,37870.0
LA,GR,AEP,TC,Total,250,60574.0
LA,GR,AEP,TC,Commercial,500,26329.0
LA,GR,AEP,TC,Personal,500,45059.0
LA,GR,AEP,TC,Total,500,71388.0
LA,GR,AEP,TC,Commercial,1000,34694.0
LA,GR,AEP,TC,Personal,1000,56149.0
LA,GR,AEP,TC,Total,1000,90843.0
LA,GR,OEP,SU,Commercial,5,1351.0
LA,GR,OEP,SU,Personal,5,1662.0
LA,GR,OEP,SU,Total,5,3013.0
LA,GR,OEP,SU,Commercial,10,2362.0
LA,GR,OEP,SU,Personal,10,2932.0
LA,GR,OEP,SU,Total,10,5294.0
LA,GR,OEP,SU,Commercial,20,3749.0
LA,GR,OEP,SU,Personal,20,4556.0
LA,GR,OEP,SU,Total,20,8306.0
LA,GR,OEP,SU,Commercial,25,4137.0
LA,GR,OEP,SU,Personal,25,5149.0
LA,GR,OEP,SU,Total,25,9286.0
LA,GR,OEP,SU,Commercial,50,5608.0
LA,GR,OEP,SU,Personal,50,7331.0
LA,GR,OEP,SU,Total,50,12939.0
LA,GR,OEP,SU,Commercial,100,7302.0
LA,GR,OEP,SU,Personal,100,9771.0
LA,GR,OEP,SU,Total,100,17073.0
LA,GR,OEP,SU,Commercial,200,9120.0
LA,GR,OEP,SU,Personal,200,12006.0
LA,GR,OEP,SU,Total,200,21126.0
LA,GR,OEP,SU,Commercial,250,9687.0
LA,GR,OEP,SU,Personal,250,12549.0
LA,GR,OEP,SU,Total,250,22236.0
LA,GR,OEP,SU,Commercial,500,11891.0
LA,GR,OEP,SU,Personal,500,14819.0
LA,GR,OEP,SU,Total,500,26709.0
LA,GR,OEP,SU,Commercial,1000,13661.0
LA,GR,OEP,SU,Personal,1000,18636.0
LA,GR,OEP,SU,Total,1000,32298.0
LA,GR,AEP,SU,Commercial,5,1464.0
LA,GR,AEP,SU,Personal,5,1886.0
LA,GR,AEP,SU,Total,5,3350.0
LA,GR,AEP,SU,Commercial,10,2479.0
LA,GR,AEP,SU,Personal,10,3292.0
LA,GR,AEP,SU,Total,10,5771.0
LA,GR,AEP,SU,Commercial,20,3898.0
LA,GR,AEP,SU,Personal,20,5316.0
LA,GR,AEP,SU,Total,20,9214.0
LA,GR,AEP,SU,Commercial,25,4688.0
LA,GR,AEP,SU,Personal,25,5676.0
LA,GR,AEP,SU,Total,25,10364.0
LA,GR,AEP,SU,Commercial,50,6347.0
LA,GR,AEP,SU,Personal,50,7736.0
LA,GR,AEP,SU,Total,50,14083.0
LA,GR,AEP,SU,Commercial,100,7987.0
LA,GR,AEP,SU,Personal,100,10135.0
LA,GR,AEP,SU,Total,100,18122.0
LA,GR,AEP,SU,Commercial,200,10075.0
LA,GR,AEP,SU,Personal,200,13484.0
LA,GR,AEP,SU,Total,200,23558.0
LA,GR,AEP,SU,Commercial,250,11475.0
LA,GR,AEP,SU,Personal,250,13764.0
LA,GR,AEP,SU,Total,250,25239.0
LA,GR,AEP,SU,Commercial,500,13454.0
LA,GR,AEP,SU,Personal,500,17589.0
LA,GR,AEP,SU,Total,500,31044.0
LA,GR,AEP,SU,Commercial,1000,16675.0
LA,GR,AEP,SU,Personal,1000,20755.0
LA,GR,AEP,SU,Total,1000,37429.0
LA,GR,OEP,PF,Commercial,5,383.0
LA,GR,OEP,PF,Personal,5,537.0
LA,GR,OEP,PF,Total,5,920.0
LA,GR,OEP,PF,Commercial,10,614.0
LA,GR,OEP,PF,Personal,10,885.0
LA,GR,OEP,PF,Total,10,1499.0
LA,GR,OEP,PF,Commercial,20,872.0
LA,GR,OEP,PF,Personal,20,1211.0
LA,GR,OEP,PF,Total,20,2083.0
LA,GR,OEP,PF,Commercial,25,921.0
LA,GR,OEP,PF,Personal,25,1292.0
LA,GR,OEP,PF,Total,25,2213.0
LA,GR,OEP,PF,Commercial,50,1292.0
LA,GR,OEP,PF,Personal,50,1701.0
LA,GR,OEP,PF,Total,50,2993.0
LA,GR,OEP,PF,Commercial,100,1531.0
LA,GR,OEP,PF,Personal,100,2170.0
LA,GR,OEP,PF,Total,100,3701.0
LA,GR,OEP,PF,Commercial,200,1913.0
LA,GR,OEP,PF,Personal,200,2451.0
LA,GR,OEP,PF,Total,200,4364.0
LA,GR,OEP,PF,Commercial,250,1958.0
LA,GR,OEP,PF,Personal,250,2630.0
LA,GR,OEP,PF,Total,250,4588.0
LA,GR,OEP,PF,Commercial,500,2304.0
LA,GR,OEP,PF,Personal,500,3019.0
LA,GR,OEP,PF,Total,500,5323.0
LA,GR,OEP,PF,Commercial,1000,2542.0
LA,GR,OEP,PF,Personal,1000,3668.0
LA,GR,OEP,PF,Total,1000,6210.0
LA,GR,AEP,PF,Commercial,5,458.0
LA,GR,AEP,PF,Personal,5,614.0
LA,GR,AEP,PF,Total,5,1073.0
LA,GR,AEP,PF,Commercial,10,734.0
LA,GR,AEP,PF,Personal,10,969.0
LA,GR,AEP,PF,Total,10,1703.0
LA,GR,AEP,PF,Commercial,20,1012.0
LA,GR,AEP,PF,Personal,20,1367.0
LA,GR,AEP,PF,Total,20,2379.0
LA,GR,AEP,PF,Commercial,25,1081.0
LA,GR,AEP,PF,Personal,25,1456.0
LA,GR,AEP,PF,Total,25,2536.0
LA,GR,AEP,PF,Commercial,50,1359.0
LA,GR,AEP,PF,Personal,50,1911.0
LA,GR,AEP,PF,Total,50,3270.0
LA,GR,AEP,PF,Commercial,100,1688.0
LA,GR,AEP,PF,Personal,100,2273.0
LA,GR,AEP,PF,Total,100,3961.0
LA,GR,AEP,PF,Commercial,200,2087.0
LA,GR,AEP,PF,Personal,200,2769.0
LA,GR,AEP,PF,Total,200,4857.0
LA,GR,AEP,PF,Commercial,250,2122.0
LA,GR,AEP,PF,Personal,250,3042.0
LA,GR,AEP,PF,Total,250,5164.0
LA,GR,AEP,PF,Commercial,500,2638.0
LA,GR,AEP,PF,Personal,500,3324.0
LA,GR,AEP,PF,Total,500,5963.0
LA,GR,AEP,PF,Commercial,1000,2778.0
LA,GR,AEP,PF,Personal,1000,3881.0
LA,GR,AEP,PF,Total,1000,6659.0
LA,GR,OEP,IF,Commercial,5,100.0
LA,GR,OEP,IF,Personal,5,132.0
LA,GR,OEP,IF,Total,5,232.0
LA,GR,OEP,IF,Commercial,10,142.0
LA,GR,OEP,IF,Personal,10,198.0
LA,GR,OEP,IF,Total,10,339.0
LA,GR,OEP,IF,Commercial,20,192.0
LA,GR,OEP,IF,Personal,20,257.0
LA,GR,OEP,IF,Total,20,449.0
LA,GR,OEP,IF,Commercial,25,227.0
LA,GR,OEP,IF,Personal,25,274.0
LA,GR,OEP,IF,Total,25,501.0
LA,GR,OEP,IF,Commercial,50,261.0
LA,GR,OEP,IF,Personal,50,351.0
LA,GR,OEP,IF,Total,50,612.0
LA,GR,OEP,IF,Commercial,100,330.0
LA,GR,OEP,IF,Personal,100,445.0
LA,GR,OEP,IF,Total,100,776.0
LA,GR,OEP,IF,Commercial,200,402.0
LA,GR,OEP,IF,Personal,200,480.0
LA,GR,OEP,IF,Total,200,882.0
LA,GR,OEP,IF,Commercial,250,388.0
LA,GR,OEP,IF,Personal,250,541.0
LA,GR,OEP,IF,Total,250,929.0
LA,GR,OEP,IF,Commercial,500,450.0
LA,GR,OEP,IF,Personal,500,625.0
LA,GR,OEP,IF,Total,500,1076.0
LA,GR,OEP,IF,Commercial,1000,529.0
LA,GR,OEP,IF,Personal,1000,654.0
LA,GR,OEP,IF,Total,1000,1183.0
LA,GR,AEP,IF,Commercial,5,113.0
LA,GR,AEP,IF,Personal,5,138.0
LA,GR,AEP,IF,Total,5,251.0
LA,GR,AEP,IF,Commercial,10,164.0
LA,GR,AEP,IF,Personal,10,216.0
LA,GR,AEP,IF,Total,10,380.0
LA,GR,AEP,IF,Commercial,20,223.0
LA,GR,AEP,IF,Personal,20,297.0
LA,GR,AEP,IF,Total,20,520.0
LA,GR,AEP,IF,Commercial,25,246.0
LA,GR,AEP,IF,Personal,25,332.0
LA,GR,AEP,IF,Total,25,578.0
LA,GR,AEP,IF,Commercial,50,318.0
LA,GR,AEP,IF,Personal,50,397.0
LA,GR,AEP,IF,Total,50,715.0
LA,GR,AEP,IF,Commercial,100,351.0
LA,GR,AEP,IF,Personal,100,489.0
LA,GR,AEP,IF,Total,100,840.0
LA,GR,AEP,IF,Commercial,200,450.0
LA,GR,AEP,IF,Personal,200,551.0
LA,GR,AEP,IF,Total,200,1001.0
LA,GR,AEP,IF,Commercial,250,449.0
LA,GR,AEP,IF,Personal,250,584.0
LA,GR,AEP,IF,Total,250,1033.0
LA,GR,AEP,IF,Commercial,500,493.0
LA,GR,AEP,IF,Personal,500,686.0
LA,GR,AEP,IF,Total,500,1179.0
LA,GR,AEP,IF,Commercial,1000,575.0
LA,GR,AEP,IF,Personal,1000,784.0
LA,GR,AEP,IF,Total,1000,1358.0
NC,GU,OEP,TC,Commercial,5,4583.0
NC,GU,OEP,TC,Personal,5,5774.0
NC,GU,OEP,TC,Total,5,10357.0
NC,GU,OEP,TC,Commercial,10,8381.0
NC,GU,OEP,TC,Personal,10,10468.0
NC,GU,OEP,TC,Total,10,18849.0
NC,GU,OEP,TC,Commercial,20,13909.0
NC,GU,OEP,TC,Personal,20,17632.0
NC,GU,OEP,TC,Total,20,31542.0
NC,GU,OEP,TC,Commercial,25,15432.0
NC,GU,OEP,TC,Personal,25,20245.0
NC,GU,OEP,TC,Total,25,35677.0
NC,GU,OEP,TC,Commercial,50,21159.0
NC,GU,OEP,TC,Personal,50,28721.0
NC,GU,OEP,TC,Total,50,49880.0
NC,GU,OEP,TC,Commercial,100,28240.0
NC,GU,OEP,TC,Personal,100,35829.0
NC,GU,OEP,TC,Total,100,64069.0
NC,GU,OEP,TC,Commercial,200,38005.0
NC,GU,OEP,TC,Personal,200,45705.0
NC,GU,OEP,TC,Total,200,83710.0
NC,GU,OEP,TC,Commercial,250,38972.0
NC,GU,OEP,TC,Personal,250,48883.0
NC,GU,OEP,TC,Total,250,87855.0
NC,GU,OEP,TC,Commercial,500,50153.0
NC,GU,OEP,TC,Personal,500,65407.0
NC,GU,OEP,TC,Total,500,115560.0
NC,GU,OEP,TC,Commercial,1000,58216.0
NC,GU,OEP,TC,Personal,1000,78177.0
NC,GU,OEP,TC,Total,1000,136394.0
NC,GU,AEP,TC,Commercial,5,5128.0
NC,GU,AEP,TC,Personal,5,6057.0
NC,GU,AEP,TC,Total,5,11186.0
NC,GU,AEP,TC,Commercial,10,9131.0
NC,GU,AEP,TC,Personal,10,12368.0
NC,GU,AEP,TC,Total,10,21499.0
NC,GU,AEP,TC,Commercial,20,15691.0
NC,GU,AEP,TC,Personal,20,19245.0
NC,GU,AEP,TC,Total,20,34937.0
NC,GU,AEP,TC,Commercial,25,17851.0
NC,GU,AEP,TC,Personal,25,20929.0
NC,GU,AEP,TC,Total,25,38779.0
NC,GU,AEP,TC,Commercial,50,24314.0
NC,GU,AEP,TC,Personal,50,31729.0
NC,GU,AEP,TC,Total,50,56043.0
NC,GU,AEP,TC,Commercial,100,32160.0
NC,GU,AEP,TC,Personal,100,42618.0
NC,GU,AEP,TC,Total,100,74779.0
NC,GU,AEP,TC,Commercial,200,42440.0
NC,GU,AEP,TC,Personal,200,54842.0
NC,GU,AEP,TC,Total,200,97282.0
NC,GU,AEP,TC,Commercial,250,45531.0
NC,GU,AEP,TC,Personal,250,56866.0
NC,GU,AEP,TC,Total,250,102397.0
NC,GU,AEP,TC,Commercial,500,54944.0
NC,GU,AEP,TC,Personal,500,69218.0
NC,GU,AEP,TC,Total,500,124162.0
NC,GU,AEP,TC,Commercial,1000,70103.0
NC,GU,AEP,TC,Personal,1000,82959.0
NC,GU,AEP,TC,Total,1000,153062.0
NC,GU,OEP,SU,Commercial,5,1258.0
NC,GU,OEP,SU,Personal,5,1718.0
NC,GU,OEP,SU,Total,5,2977.0
NC,GU,OEP,SU,Commercial,10,2294.0
NC,GU,OEP,SU,Personal,10,3310.0
NC,GU,OEP,SU,Total,10,5604.0
NC,GU,OEP,SU,Commercial,20,3622.0
NC,GU,OEP,SU,Personal,20,5193.0
NC,GU,OEP,SU,Total,20,8815.0
NC,GU,OEP,SU,Commercial,25,3971.0
NC,GU,OEP,SU,Personal,25,5659.0
NC,GU,OEP,SU,Total,25,9629.0
NC,GU,OEP,SU,Commercial,50,5655.0
NC,GU,OEP,SU,Personal,50,7606.0
NC,GU,OEP,SU,Total,50,13261.0
NC,GU,OEP,SU,Commercial,100,7718.0
NC,GU,OEP,SU,Personal,100,10542.0
NC,GU,OEP,SU,Total,100,18260.0
NC,GU,OEP,SU,Commercial,200,9725.0
NC,GU,OEP,SU,Personal,200,12293.0
NC,GU,OEP,SU,Total,200,22018.0
NC,GU,OEP,SU,Commercial,250,9756.0
NC,GU,OEP,SU,Personal,250,13788.0
NC,GU,OEP,SU,Total,250,23544.0
NC,GU,OEP,SU,Commercial,500,11942.0
NC,GU,OEP,SU,Personal,500,16889.0
NC,GU,OEP,SU,Total,500,28830.0
NC,GU,OEP,SU,Commercial,1000,14621.0
NC,GU,OEP,SU,Personal,1000,19747.0
NC,GU,OEP,SU,Total,1000,34368.0
NC,GU,AEP,SU,Commercial,5,1519.0
NC,GU,AEP,SU,Personal,5,2031.0
NC,GU,AEP,SU,Total,5,3549.0
NC,GU,AEP,SU,Commercial,10,2529.0
NC,GU,AEP,SU,Personal,10,3430.0
NC,GU,AEP,SU,Total,10,5959.0
NC,GU,AEP,SU,Commercial,20,4140.0
NC,GU,AEP,SU,Personal,20,5537.0
NC,GU,AEP,SU,Total,20,9677.0
NC,GU,AEP,SU,Commercial,25,4504.0
NC,GU,AEP,SU,Personal,25,6191.0
NC,GU,AEP,SU,Total,25,10695.0
NC,GU,AEP,SU,Commercial,50,6530.0
NC,GU,AEP,SU,Personal,50,8893.0
NC,GU,AEP,SU,Total,50,15423.0
NC,GU,AEP,SU,Commercial,100,8383.0
NC,GU,AEP,SU,Personal,100,11142.0
NC,GU,AEP,SU,Total,100,19525.0
NC,GU,AEP,SU,Commercial,200,10260.0
NC,GU,AEP,SU,Personal,200,14236.0
NC,GU,AEP,SU,Total,200,24496.0
NC,GU,AEP,SU,Commercial,250,11032.0
NC,GU,AEP,SU,Personal,250,15303.0
NC,GU,AEP,SU,Total,250,26335.0
NC,GU,AEP,SU,Commercial,500,13904.0
NC,GU,AEP,SU,Personal,500,17680.0
NC,GU,AEP,SU,Total,500,31584.0
NC,GU,AEP,SU,Commercial,1000,15455.0
NC,GU,AEP,SU,Personal,1000,21371.0
NC,GU,AEP,SU,Total,1000,36827.0
NC,GU,OEP,PF,Commercial,5,497.0
NC,GU,OEP,PF,Personal,5,685.0
NC,GU,OEP,PF,Total,5,1182.0
NC,GU,OEP,PF,Commercial,10,737.0
NC,GU,OEP,PF,Personal,10,1117.0
NC,GU,OEP,PF,Total,10,1854.0
NC,GU,OEP,PF,Commercial,20,1070.0
NC,GU,OEP,PF,Personal,20,1509.0
NC,GU,OEP,PF,Total,20,2579.0
NC,GU,OEP,PF,Commercial,25,1229.0
NC,GU,OEP,PF,Personal,25,1588.0
NC,GU,OEP,PF,Total,25,2817.0
NC,GU,OEP,PF,Commercial,50,1474.0
NC,GU,OEP,PF,Personal,50,2159.0
NC,GU,OEP,PF,Total,50,3633.0
NC,GU,OEP,PF,Commercial,100,1819.0
NC,GU,OEP,PF,Personal,100,2694.0
NC,GU,OEP,PF,Total,100,4513.0
NC,GU,OEP,PF,Commercial,200,2187.0
NC,GU,OEP,PF,Personal,200,3048.0
NC,GU,OEP,PF,Total,200,5235.0
NC,GU,OEP,PF,Commercial,250,2306.0
NC,GU,OEP,PF,Personal,250,3324.0
NC,GU,OEP,PF,Total,250,5630.0
NC,GU,OEP,PF,Commercial,500,2680.0
NC,GU,OEP,PF,Personal,500,3764.0
NC,GU,OEP,PF,Total,500,6444.0
NC,GU,OEP,PF,Commercial,1000,3293.0
NC,GU,OEP,PF,Personal,1000,4402.0
NC,GU,OEP,PF,Total,1000,7695.0
NC,GU,AEP,PF,Commercial,5,528.0
NC,GU,AEP,PF,Personal,5,722.0
NC,GU,AEP,PF,Total,5,1250.0
NC,GU,AEP,PF,Commercial,10,841.0
NC,GU,AEP,PF,Personal,10,1175.0
NC,GU,AEP,PF,Total,10,2017.0
NC,GU,AEP,PF,Commercial,20,1215.0
NC,GU,AEP,PF,Personal,20,1645.0
NC,GU,AEP,PF,Total,20,2859.0
NC,GU,AEP,PF,Commercial,25,1370.0
NC,GU,AEP,PF,Personal,25,1940.0
NC,GU,AEP,PF,Total,25,3311.0
NC,GU,AEP,PF,Commercial,50,1632.0
NC,GU,AEP,PF,Personal,50,2303.0
NC,GU,AEP,PF,Total,50,3935.0
NC,GU,AEP,PF,Commercial,100,2020.0
NC,GU,AEP,PF,Personal,100,2999.0
NC,GU,AEP,PF,Total,100,5020.0
NC,GU,AEP,PF,Commercial,200,2426.0
NC,GU,AEP,PF,Personal,200,3682.0
NC,GU,AEP,PF,Total,200,6108.0
NC,GU,AEP,PF,Commercial,250,2728.0
NC,GU,AEP,PF,Personal,250,3872.0
NC,GU,AEP,PF,Total,250,6600.0
NC,GU,AEP,PF,Commercial,500,3111.0
NC,GU,AEP,PF,Personal,500,4593.0
NC,GU,AEP,PF,Total,500,7704.0
NC,GU,AEP,PF,Commercial,1000,3397.0
NC,GU,AEP,PF,Personal,1000,4971.0
NC,GU,AEP,PF,Total,1000,8368.0
NC,GU,OEP,IF,Commercial,5,178.0
NC,GU,OEP,IF,Personal,5,231.0
NC,GU,OEP,IF,Total,5,409.0
NC,GU,OEP,IF,Commercial,10,275.0
NC,GU,OEP,IF,Personal,10,344.0
NC,GU,OEP,IF,Total,10,620.0
NC,GU,OEP,IF,Commercial,20,357.0
NC,GU,OEP,IF,Personal,20,474.0
NC,GU,OEP,IF,Total,20,831.0
NC,GU,OEP,IF,Commercial,25,401.0
NC,GU,OEP,IF,Personal,25,491.0
NC,GU,OEP,IF,Total,25,892.0
NC,GU,OEP,IF,Commercial,50,526.0
NC,GU,OEP,IF,Personal,50,607.0
NC,GU,OEP,IF,Total,50,1133.0
NC,GU,OEP,IF,Commercial,100,600.0
NC,GU,OEP,IF,Personal,100,748.0
NC,GU,OEP,IF,Total,100,1348.0
NC,GU,OEP,IF,Commercial,200,686.0
NC,GU,OEP,IF,Personal,200,856.0
NC,GU,OEP,IF,Total,200,1541.0
NC,GU,OEP,IF,Commercial,250,724.0
NC,GU,OEP,IF,Personal,250,877.0
NC,GU,OEP,IF,Total,250,1601.0
NC,GU,OEP,IF,Commercial,500,887.0
NC,GU,OEP,IF,Personal,500,1056.0
NC,GU,OEP,IF,Total,500,1943.0
NC,GU,OEP,IF,Commercial,1000,952.0
NC,GU,OEP,IF,Personal,1000,1171.0
NC,GU,OEP,IF,Total,1000,2124.0
NC,GU,AEP,IF,Commercial,5,201.0
NC,GU,AEP,IF,Personal,5,251.0
NC,GU,AEP,IF,Total,5,452.0
NC,GU,AEP,IF,Commercial,10,319.0
NC,GU,AEP,IF,Personal,10,390.0
NC,GU,AEP,IF,Total,10,709.0
NC,GU,AEP,IF,Commercial,20,410.0
NC,GU,AEP,IF,Personal,20,498.0
NC,GU,AEP,IF,Total,20,907.0
NC,GU,AEP,IF,Commercial,25,447.0
NC,GU,AEP,IF,Personal,25,554.0
NC,GU,AEP,IF,Total,25,1001.0
NC,GU,AEP,IF,Commercial,50,561.0
NC,GU,AEP,IF,Personal,50,699.0
NC,GU,AEP,IF,Total,50,1260.0
NC,GU,AEP,IF,Commercial,100,683.0
NC,GU,AEP,IF,Personal,100,815.0
NC,GU,AEP,IF,Total,100,1498.0
NC,GU,AEP,IF,Commercial,200,785.0
NC,GU,AEP,IF,Personal,200,964.0
NC,GU,AEP,IF,Total,200,1749.0
NC,GU,AEP,IF,Commercial,250,802.0
NC,GU,AEP,IF,Personal,250,989.0
NC,GU,AEP,IF,Total,250,1791.0
NC,GU,AEP,IF,Commercial,500,980.0
NC,GU,AEP,IF,Personal,500,1159.0
NC,GU,AEP,IF,Total,500,2139.0
NC,GU,AEP,IF,Commercial,1000,1051.0
NC,GU,AEP,IF,Personal,1000,1332.0
NC,GU,AEP,IF,Total,1000,2383.0
NC,GR,OEP,TC,Commercial,5,3596.0
NC,GR,OEP,TC,Personal,5,4315.0
NC,GR,OEP,TC,Total,5,7910.0
NC,GR,OEP,TC,Commercial,10,6899.0
NC,GR,OEP,TC,Personal,10,8785.0
NC,GR,OEP,TC,Total,10,15684.0
NC,GR,OEP,TC,Commercial,20,10833.0
NC,GR,OEP,TC,Personal,20,13758.0
NC,GR,OEP,TC,Total,20,24591.0
NC,GR,OEP,TC,Commercial,25,11663.0
NC,GR,OEP,TC,Personal,25,16084.0
NC,GR,OEP,TC,Total,25,27746.0
NC,GR,OEP,TC,Commercial,50,17157.0
NC,GR,OEP,TC,Personal,50,22800.0
NC,GR,OEP,TC,Total,50,39957.0
NC,GR,OEP,TC,Commercial,100,23446.0
NC,GR,OEP,TC,Personal,100,27884.0
NC,GR,OEP,TC,Total,100,51331.0
NC,GR,OEP,TC,Commercial,200,28559.0
NC,GR,OEP,TC,Personal,200,38441.0
NC,GR,OEP,TC,Total,200,67001.0
NC,GR,OEP,TC,Commercial,250,32451.0
NC,GR,OEP,TC,Personal,250,38745.0
NC,GR,OEP,TC,Total,250,71196.0
NC,GR,OEP,TC,Commercial,500,40870.0
NC,GR,OEP,TC,Personal,500,52091.0
NC,GR,OEP,TC,Total,500,92961.0
NC,GR,OEP,TC,Commercial,1000,48247.0
NC,GR,OEP,TC,Personal,1000,60660.0
NC,GR,OEP,TC,Total,1000,108907.0
NC,GR,AEP,TC,Commercial,5,3733.0
NC,GR,AEP,TC,Personal,5,5094.0
NC,GR,AEP,TC,Total,5,8827.0
NC,GR,AEP,TC,Commercial,10,7355.0
NC,GR,AEP,TC,Personal,10,9793.0
NC,GR,AEP,TC,Total,10,17149.0
NC,GR,AEP,TC,Commercial,20,11863.0
NC,GR,AEP,TC,Personal,20,15252.0
NC,GR,AEP,TC,Total,20,27115.0
NC,GR,AEP,TC,Commercial,25,13360.0
NC,GR,AEP,TC,Personal,25,16660.0
NC,GR,AEP,TC,Total,25,30020.0
NC,GR,AEP,TC,Commercial,50,19959.0
NC,GR,AEP,TC,Personal,50,24489.0
NC,GR,AEP,TC,Total,50,44448.0
NC,GR,AEP,TC,Commercial,100,26149.0
NC,GR,AEP,TC,Personal,100,34388.0
NC,GR,AEP,TC,Total,100,60537.0
NC,GR,AEP,TC,Commercial,200,35088.0
NC,GR,AEP,TC,Personal,200,43795.0
NC,GR,AEP,TC,Total,200,78884.0
NC,GR,AEP,TC,Commercial,250,34990.0
NC,GR,AEP,TC,Personal,250,45981.0
NC,GR,AEP,TC,Total,250,80971.0
NC,GR,AEP,TC,Commercial,500,46377.0
NC,GR,AEP,TC,Personal,500,55649.0
NC,GR,AEP,TC,Total,500,102026.0
NC,GR,AEP,TC,Commercial,1000,51899.0
NC,GR,AEP,TC,Personal,1000,70292.0
NC,GR,AEP,TC,Total,1000,122192.0
NC,GR,OEP,SU,Commercial,5,1054.0
NC,GR,OEP,SU,Personal,5,1437.0
NC,GR,OEP,SU,Total,5,2491.0
NC,GR,OEP,SU,Commercial,10,1998.0
NC,GR,OEP,SU,Personal,10,2606.0
NC,GR,OEP,SU,Total,10,4604.0
NC,GR,OEP,SU,Commercial,20,2921.0
NC,GR,OEP,SU,Personal,20,3929.0
NC,GR,OEP,SU,Total,20,6850.0
NC,GR,OEP,SU,Commercial,25,3286.0
NC,GR,OEP,SU,Personal,25,4310.0
NC,GR,OEP,SU,Total,25,7597.0
NC,GR,OEP,SU,Commercial,50,4706.0
NC,GR,OEP,SU,Personal,50,6391.0
NC,GR,OEP,SU,Total,50,11097.0
NC,GR,OEP,SU,Commercial,100,5854.0
NC,GR,OEP,SU,Personal,100,7933.0
NC,GR,OEP,SU,Total,100,13787.0
NC,GR,OEP,SU,Commercial,200,7823.0
NC,GR,OEP,SU,Personal,200,9712.0
NC,GR,OEP,SU,Total,200,17536.0
NC,GR,OEP,SU,Commercial,250,8089.0
NC,GR,OEP,SU,Personal,250,10877.0
NC,GR,OEP,SU,Total,250,18965.0
NC,GR,OEP,SU,Commercial,500,9998.0
NC,GR,OEP,SU,Personal,500,12822.0
NC,GR,OEP,SU,Total,500,22819.0
NC,GR,OEP,SU,Commercial,1000,11878.0
NC,GR,OEP,SU,Personal,1000,15603.0
NC,GR,OEP,SU,Total,1000,27481.0
NC,GR,AEP,SU,Commercial,5,1197.0
NC,GR,AEP,SU,Personal,5,1526.0
NC,GR,AEP,SU,Total,5,2722.0
NC,GR,AEP,SU,Commercial,10,2127.0
NC,GR,AEP,SU,Personal,10,2894.0
NC,GR,AEP,SU,Total,10,5021.0
NC,GR,AEP,SU,Commercial,20,3202.0
NC,GR,AEP,SU,Personal,20,4297.0
NC,GR,AEP,SU,Total,20,7499.0
NC,GR,AEP,SU,Commercial,25,3596.0
NC,GR,AEP,SU,Personal,25,4941.0
NC,GR,AEP,SU,Total,25,8536.0
NC,GR,AEP,SU,Commercial,50,4914.0
NC,GR,AEP,SU,Personal,50,7234.0
NC,GR,AEP,SU,Total,50,12147.0
NC,GR,AEP,SU,Commercial,100,6638.0
NC,GR,AEP,SU,Personal,100,9343.0
NC,GR,AEP,SU,Total,100,15980.0
NC,GR,AEP,SU,Commercial,200,8846.0
NC,GR,AEP,SU,Personal,200,10943.0
NC,GR,AEP,SU,Total,200,19789.0
NC,GR,AEP,SU,Commercial,250,9178.0
NC,GR,AEP,SU,Personal,250,12680.0
NC,GR,AEP,SU,Total,250,21858.0
NC,GR,AEP,SU,Commercial,500,11136.0
NC,GR,AEP,SU,Personal,500,14755.0
NC,GR,AEP,SU,Total,500,25891.0
NC,GR,AEP,SU,Commercial,1000,12993.0
NC,GR,AEP,SU,Personal,1000,16872.0
NC,GR,AEP,SU,Total,1000,29865.0
NC,GR,OEP,PF,Commercial,5,410.0
NC,GR,OEP,PF,Personal,5,605.0
NC,GR,OEP,PF,Total,5,1015.0
NC,GR,OEP,PF,Commercial,10,681.0
NC,GR,OEP,PF,Personal,10,877.0
NC,GR,OEP,PF,Total,10,1558.0
NC,GR,OEP,PF,Commercial,20,935.0
NC,GR,OEP,PF,Personal,20,1268.0
NC,GR,OEP,PF,Total,20,2204.0
NC,GR,OEP,PF,Commercial,25,1047.0
NC,GR,OEP,PF,Personal,25,1356.0
NC,GR,OEP,PF,Total,25,2403.0
NC,GR,OEP,PF,Commercial,50,1353.0
NC,GR,OEP,PF,Personal,50,1892.0
NC,GR,OEP,PF,Total,50,3245.0
NC,GR,OEP,PF,Commercial,100,1541.0
NC,GR,OEP,PF,Personal,100,2163.0
NC,GR,OEP,PF,Total,100,3705.0
NC,GR,OEP,PF,Commercial,200,1987.0
NC,GR,OEP,PF,Personal,200,2622.0
NC,GR,OEP,PF,Total,200,4609.0
NC,GR,OEP,PF,Commercial,250,2036.0
NC,GR,OEP,PF,Personal,250,2984.0
NC,GR,OEP,PF,Total,250,5020.0
NC,GR,OEP,PF,Commercial,500,2382.0
NC,GR,OEP,PF,Personal,500,3307.0
NC,GR,OEP,PF,Total,500,5689.0
NC,GR,OEP,PF,Commercial,1000,2700.0
NC,GR,OEP,PF,Personal,1000,3666.0
NC,GR,OEP,PF,Total,1000,6366.0
NC,GR,AEP,PF,Commercial,5,479.0
NC,GR,AEP,PF,Personal,5,634.0
NC,GR,AEP,PF,Total,5,1113.0
NC,GR,AEP,PF,Commercial,10,706.0
NC,GR,AEP,PF,Personal,10,1007.0
NC,GR,AEP,PF,Total,10,1714.0
NC,GR,AEP,PF,Commercial,20,1074.0
NC,GR,AEP,PF,Personal,20,1390.0
NC,GR,AEP,PF,Total,20,2464.0
NC,GR,AEP,PF,Commercial,25,1168.0
NC,GR,AEP,PF,Personal,25,1624.0
NC,GR,AEP,PF,Total,25,2792.0
NC,GR,AEP,PF,Commercial,50,1500.0
NC,GR,AEP,PF,Personal,50,2148.0
NC,GR,AEP,PF,Total,50,3648.0
NC,GR,AEP,PF,Commercial,100,1856.0
NC,GR,AEP,PF,Personal,100,2647.0
NC,GR,AEP,PF,Total,100,4503.0
NC,GR,AEP,PF,Commercial,200,2073.0
NC,GR,AEP,PF,Personal,200,3131.0
NC,GR,AEP,PF,Total,200,5205.0
NC,GR,AEP,PF,Commercial,250,2283.0
NC,GR,AEP,PF,Personal,250,3223.0
NC,GR,AEP,PF,Total,250,5506.0
NC,GR,AEP,PF,Commercial,500,2756.0
NC,GR,AEP,PF,Personal,500,3919.0
NC,GR,AEP,PF,Total,500,6675.0
NC,GR,AEP,PF,Commercial,1000,3103.0
NC,GR,AEP,PF,Personal,1000,4286.0
NC,GR,AEP,PF,Total,1000,7389.0
NC,GR,OEP,IF,Commercial,5,158.0
NC,GR,OEP,IF,Personal,5,192.0
NC,GR,OEP,IF,Total,5,350.0
NC,GR,OEP,IF,Commercial,10,237.0
NC,GR,OEP,IF,Personal,10,290.0
NC,GR,OEP,IF,Total,10,526.0
NC,GR,OEP,IF,Commercial,20,311.0
NC,GR,OEP,IF,Personal,20,380.0
NC,GR,OEP,IF,Total,20,691.0
NC,GR,OEP,IF,Commercial,25,363.0
NC,GR,OEP,IF,Personal,25,428.0
NC,GR,OEP,IF,Total,25,791.0
NC,GR,OEP,IF,Commercial,50,460.0
NC,GR,OEP,IF,Personal,50,545.0
NC,GR,OEP,IF,Total,50,1005.0
NC,GR,OEP,IF,Commercial,100,508.0
NC,GR,OEP,IF,Personal,100,628.0
NC,GR,OEP,IF,Total,100,1136.0
NC,GR,OEP,IF,Commercial,200,607.0
NC,GR,OEP,IF,Personal,200,800.0
NC,GR,OEP,IF,Total,200,1408.0
NC,GR,OEP,IF,Commercial,250,638.0
NC,GR,OEP,IF,Personal,250,802.0
NC,GR,OEP,IF,Total,250,1440.0
NC,GR,OEP,IF,Commercial,500,784.0
NC,GR,OEP,IF,Personal,500,962.0
NC,GR,OEP,IF,Total,500,1746.0
NC,GR,OEP,IF,Commercial,1000,826.0
NC,GR,OEP,IF,Personal,1000,990.0
NC,GR,OEP,IF,Total,1000,1816.0
NC,GR,AEP,IF,Commercial,5,172.0
NC,GR,AEP,IF,Personal,5,208.0
NC,GR,AEP,IF,Total,5,380.0
NC,GR,AEP,IF,Commercial,10,261.0
NC,GR,AEP,IF,Personal,10,330.0
NC,GR,AEP,IF,Total,10,591.0
NC,GR,AEP,IF,Commercial,20,379.0
NC,GR,AEP,IF,Personal,20,446.0
NC,GR,AEP,IF,Total,20,825.0
NC,GR,AEP,IF,Commercial,25,400.0
NC,GR,AEP,IF,Personal,25,468.0
NC,GR,AEP,IF,Total,25,868.0
NC,GR,AEP,IF,Commercial,50,509.0
NC,GR,AEP,IF,Personal,50,611.0
NC,GR,AEP,IF,Total,50,1120.0
NC,GR,AEP,IF,Commercial,100,618.0
NC,GR,AEP,IF,Personal,100,761.0
NC,GR,AEP,IF,Total,100,1379.0
NC,GR,AEP,IF,Commercial,200,690.0
NC,GR,AEP,IF,Personal,200,821.0
NC,GR,AEP,IF,Total,200,1511.0
NC,GR,AEP,IF,Commercial,250,715.0
NC,GR,AEP,IF,Personal,250,892.0
NC,GR,AEP,IF,Total,250,1606.0
NC,GR,AEP,IF,Commercial,500,879.0
NC,GR,AEP,IF,Personal,500,1015.0
NC,GR,AEP,IF,Total,500,1895.0
NC,GR,AEP,IF,Commercial,1000,976.0
NC,GR,AEP,IF,Personal,1000,1166.0
NC,GR,AEP,IF,Total,1000,2142.0
SC,GU,OEP,TC,Commercial,5,1416.0
SC,GU,OEP,TC,Personal,5,2138.0
SC,GU,OEP,TC,Total,5,3554.0
SC,GU,OEP,TC,Commercial,10,2829.0
SC,GU,OEP,TC,Personal,10,4221.0
SC,GU,OEP,TC,Total,10,7049.0
SC,GU,OEP,TC,Commercial,20,4445.0
SC,GU,OEP,TC,Personal,20,6482.0
SC,GU,OEP,TC,Total,20,10927.0
SC,GU,OEP,TC,Commercial,25,5205.0
SC,GU,OEP,TC,Personal,25,7331.0
SC,GU,OEP,TC,Total,25,12536.0
SC,GU,OEP,TC,Commercial,50,7549.0
SC,GU,OEP,TC,Personal,50,10435.0
SC,GU,OEP,TC,Total,50,17984.0
SC,GU,OEP,TC,Commercial,100,9321.0
SC,GU,OEP,TC,Personal,100,14444.0
SC,GU,OEP,TC,Total,100,23765.0
SC,GU,OEP,TC,Commercial,200,12512.0
SC,GU,OEP,TC,Personal,200,18610.0
SC,GU,OEP,TC,Total,200,31122.0
SC,GU,OEP,TC,Commercial,250,13365.0
SC,GU,OEP,TC,Personal,250,21019.0
SC,GU,OEP,TC,Total,250,34384.0
SC,GU,OEP,TC,Commercial,500,16618.0
SC,GU,OEP,TC,Personal,500,24725.0
SC,GU,OEP,TC,Total,500,41342.0
SC,GU,OEP,TC,Commercial,1000,19972.0
SC,GU,OEP,TC,Personal,1000,28676.0
SC,GU,OEP,TC,Total,1000,48648.0
SC,GU,AEP,TC,Commercial,5,1653.0
SC,GU,AEP,TC,Personal,5,2372.0
SC,GU,AEP,TC,Total,5,4025.0
SC,GU,AEP,TC,Commercial,10,3163.0
SC,GU,AEP,TC,Personal,10,4438.0
SC,GU,AEP,TC,Total,10,7601.0
SC,GU,AEP,TC,Commercial,20,5252.0
SC,GU,AEP,TC,Personal,20,7439.0
SC,GU,AEP,TC,Total,20,12691.0
SC,GU,AEP,TC,Commercial,25,5929.0
SC,GU,AEP,TC,Personal,25,8472.0
SC,GU,AEP,TC,Total,25,14401.0
SC,GU,AEP,TC,Commercial,50,7745.0
SC,GU,AEP,TC,Personal,50,12452.0
SC,GU,AEP,TC,Total,50,20198.0
SC,GU,AEP,TC,Commercial,100,11027.0
SC,GU,AEP,TC,Personal,100,16637.0
SC,GU,AEP,TC,Total,100,27664.0
SC,GU,AEP,TC,Commercial,200,13885.0
SC,GU,AEP,TC,Personal,200,21113.0
SC,GU,AEP,TC,Total,200,34999.0
SC,GU,AEP,TC,Commercial,250,15600.0
SC,GU,AEP,TC,Personal,250,22725.0
SC,GU,AEP,TC,Total,250,38326.0
SC,GU,AEP,TC,Commercial,500,18353.0
SC,GU,AEP,TC,Personal,500,28204.0
SC,GU,AEP,TC,Total,500,46557.0
SC,GU,AEP,TC,Commercial,1000,22932.0
SC,GU,AEP,TC,Personal,1000,35117.0
SC,GU,AEP,TC,Total,1000,58050.0
SC,GU,OEP,SU,Commercial,5,585.0
SC,GU,OEP,SU,Personal,5,797.0
SC,GU,OEP,SU,Total,5,1382.0
SC,GU,OEP,SU,Commercial,10,1104.0
SC,GU,OEP,SU,Personal,10,1451.0
SC,GU,OEP,SU,Total,10,2555.0
SC,GU,OEP,SU,Commercial,20,1692.0
SC,GU,OEP,SU,Personal,20,2229.0
SC,GU,OEP,SU,Total,20,3921.0
SC,GU,OEP,SU,Commercial,25,1808.0
SC,GU,OEP,SU,Personal,25,2582.0
SC,GU,OEP,SU,Total,25,4389.0
SC,GU,OEP,SU,Commercial,50,2472.0
SC,GU,OEP,SU,Personal,50,3372.0
SC,GU,OEP,SU,Total,50,5844.0
SC,GU,OEP,SU,Commercial,100,3402.0
SC,GU,OEP,SU,Personal,100,4663.0
SC,GU,OEP,SU,Total,100,8065.0
SC,GU,OEP,SU,Commercial,200,4401.0
SC,GU,OEP,SU,Personal,200,5604.0
SC,GU,OEP,SU,Total,200,10005.0
SC,GU,OEP,SU,Commercial,250,4356.0
SC,GU,OEP,SU,Personal,250,6418.0
SC,GU,OEP,SU,Total,250,10774.0
SC,GU,OEP,SU,Commercial,500,5318.0
SC,GU,OEP,SU,Personal,500,7235.0
SC,GU,OEP,SU,Total,500,12554.0
SC,GU,OEP,SU,Commercial,1000,6422.0
SC,GU,OEP,SU,Personal,1000,8909.0
SC,GU,OEP,SU,Total,1000,15331.0
SC,GU,AEP,SU,Commercial,5,689.0
SC,GU,AEP,SU,Personal,5,923.0
SC,GU,AEP,SU,Total,5,1612.0
SC,GU,AEP,SU,Commercial,10,1224.0
SC,GU,AEP,SU,Personal,10,1571.0
SC,GU,AEP,SU,Total,10,2795.0
SC,GU,AEP,SU,Commercial,20,1824.0
SC,GU,AEP,SU,Personal,20,2501.0
SC,GU,AEP,SU,Total,20,4326.0
SC,GU,AEP,SU,Commercial,25,2010.0
SC,GU,AEP,SU,Personal,25,2758.0
SC,GU,AEP,SU,Total,25,4769.0
SC,GU,AEP,SU,Commercial,50,2820.0
SC,GU,AEP,SU,Personal,50,3748.0
SC,GU,AEP,SU,Total,50,6568.0
SC,GU,AEP,SU,Commercial,100,3782.0
SC,GU,AEP,SU,Personal,100,5201.0
SC,GU,AEP,SU,Total,100,8982.0
SC,GU,AEP,SU,Commercial,200,4538.0
SC,GU,AEP,SU,Personal,200,6411.0
SC,GU,AEP,SU,Total,200,10949.0
SC,GU,AEP,SU,Commercial,250,5219.0
SC,GU,AEP,SU,Personal,250,7046.0
SC,GU,AEP,SU,Total,250,12265.0
SC,GU,AEP,SU,Commercial,500,6364.0
SC,GU,AEP,SU,Personal,500,8313.0
SC,GU,AEP,SU,Total,500,14677.0
SC,GU,AEP,SU,Commercial,1000,7581.0
SC,GU,AEP,SU,Personal,1000,9691.0
SC,GU,AEP,SU,Total,1000,17273.0
SC,GU,OEP,PF,Commercial,5,235.0
SC,GU,OEP,PF,Personal,5,329.0
SC,GU,OEP,PF,Total,5,564.0
SC,GU,OEP,PF,Commercial,10,378.0
SC,GU,OEP,PF,Personal,10,535.0
SC,GU,OEP,PF,Total,10,914.0
SC,GU,OEP,PF,Commercial,20,520.0
SC,GU,OEP,PF,Personal,20,781.0
SC,GU,OEP,PF,Total,20,1302.0
SC,GU,OEP,PF,Commercial,25,576.0
SC,GU,OEP,PF,Personal,25,818.0
SC,GU,OEP,PF,Total,25,1393.0
SC,GU,OEP,PF,Commercial,50,728.0
SC,GU,OEP,PF,Personal,50,1072.0
SC,GU,OEP,PF,Total,50,1799.0
SC,GU,OEP,PF,Commercial,100,916.0
SC,GU,OEP,PF,Personal,100,1315.0
SC,GU,OEP,PF,Total,100,2231.0
SC,GU,OEP,PF,Commercial,200,1091.0
SC,GU,OEP,PF,Personal,200,1641.0
SC,GU,OEP,PF,Total,200,2733.0
SC,GU,OEP,PF,Commercial,250,1234.0
SC,GU,OEP,PF,Personal,250,1687.0
SC,GU,OEP,PF,Total,250,2921.0
SC,GU,OEP,PF,Commercial,500,1399.0
SC,GU,OEP,PF,Personal,500,2040.0
SC,GU,OEP,PF,Total,500,3439.0
SC,GU,OEP,PF,Commercial,1000,1661.0
SC,GU,OEP,PF,Personal,1000,2283.0
SC,GU,OEP,PF,Total,1000,3945.0
SC,GU,AEP,PF,Commercial,5,277.0
SC,GU,AEP,PF,Personal,5,396.0
SC,GU,AEP,PF,Total,5,673.0
SC,GU,AEP,PF,Commercial,10,437.0
SC,GU,AEP,PF,Personal,10,604.0
SC,GU,AEP,PF,Total,10,1041.0
SC,GU,AEP,PF,Commercial,20,573.0
SC,GU,AEP,PF,Personal,20,812.0
SC,GU,AEP,PF,Total,20,1385.0
SC,GU,AEP,PF,Commercial,25,655.0
SC,GU,AEP,PF,Personal,25,937.0
SC,GU,AEP,PF,Total,25,1592.0
SC,GU,AEP,PF,Commercial,50,838.0
SC,GU,AEP,PF,Personal,50,1216.0
SC,GU,AEP,PF,Total,50,2054.0
SC,GU,AEP,PF,Commercial,100,1052.0
SC,GU,AEP,PF,Personal,100,1543.0
SC,GU,AEP,PF,Total,100,2595.0
SC,GU,AEP,PF,Commercial,200,1206.0
SC,GU,AEP,PF,Personal,200,1742.0
SC,GU,AEP,PF,Total,200,2948.0
SC,GU,AEP,PF,Commercial,250,1363.0
SC,GU,AEP,PF,Personal,250,1956.0
SC,GU,AEP,PF,Total,250,3319.0
SC,GU,AEP,PF,Commercial,500,1621.0
SC,GU,AEP,PF,Personal,500,2286.0
SC,GU,AEP,PF,Total,500,3907.0
SC,GU,AEP,PF,Commercial,1000,1841.0
SC,GU,AEP,PF,Personal,1000,2482.0
SC,GU,AEP,PF,Total,1000,4323.0
SC,GU,OEP,IF,Commercial,5,51.0
SC,GU,OEP,IF,Personal,5,83.0
SC,GU,OEP,IF,Total,5,135.0
SC,GU,OEP,IF,Commercial,10,79.0
SC,GU,OEP,IF,Personal,10,134.0
SC,GU,OEP,IF,Total,10,213.0
SC,GU,OEP,IF,Commercial,20,104.0
SC,GU,OEP,IF,Personal,20,175.0
SC,GU,OEP,IF,Total,20,279.0
SC,GU,OEP,IF,Commercial,25,113.0
SC,GU,OEP,IF,Personal,25,183.0
SC,GU,OEP,IF,Total,25,295.0
SC,GU,OEP,IF,Commercial,50,140.0
SC,GU,OEP,IF,Personal,50,226.0
SC,GU,OEP,IF,Total,50,366.0
SC,GU,OEP,IF,Commercial,100,181.0
SC,GU,OEP,IF,Personal,100,283.0
SC,GU,OEP,IF,Total,100,464.0
SC,GU,OEP,IF,Commercial,200,211.0
SC,GU,OEP,IF,Personal,200,341.0
SC,GU,OEP,IF,Total,200,552.0
SC,GU,OEP,IF,Commercial,250,207.0
SC,GU,OEP,IF,Personal,250,340.0
SC,GU,OEP,IF,Total,250,547.0
SC,GU,OEP,IF,Commercial,500,253.0
SC,GU,OEP,IF,Personal,500,393.0
SC,GU,OEP,IF,Total,500,646.0
SC,GU,OEP,IF,Commercial,1000,288.0
SC,GU,OEP,IF,Personal,1000,439.0
SC,GU,OEP,IF,Total,1000,727.0
SC,GU,AEP,IF,Commercial,5,59.0
SC,GU,AEP,IF,Personal,5,98.0
SC,GU,AEP,IF,Total,5,157.0
SC,GU,AEP,IF,Commercial,10,85.0
SC,GU,AEP,IF,Personal,10,141.0
SC,GU,AEP,IF,Total,10,226.0
SC,GU,AEP,IF,Commercial,20,124.0
SC,GU,AEP,IF,Personal,20,190.0
SC,GU,AEP,IF,Total,20,314.0
SC,GU,AEP,IF,Commercial,25,128.0
SC,GU,AEP,IF,Personal,25,210.0
SC,GU,AEP,IF,Total,25,338.0
SC,GU,AEP,IF,Commercial,50,157.0
SC,GU,AEP,IF,Personal,50,272.0
SC,GU,AEP,IF,Total,50,429.0
SC,GU,AEP,IF,Commercial,100,200.0
SC,GU,AEP,IF,Personal,100,316.0
SC,GU,AEP,IF,Total,100,515.0
SC,GU,AEP,IF,Commercial,200,236.0
SC,GU,AEP,IF,Personal,200,365.0
SC,GU,AEP,IF,Total,200,601.0
SC,GU,AEP,IF,Commercial,250,228.0
SC,GU,AEP,IF,Personal,250,397.0
SC,GU,AEP,IF,Total,250,624.0
SC,GU,AEP,IF,Commercial,500,288.0
SC,GU,AEP,IF,Personal,500,430.0
SC,GU,AEP,IF,Total,500,718.0
SC,GU,AEP,IF,Commercial,1000,301.0
SC,GU,AEP,IF,Personal,1000,510.0
SC,GU,AEP,IF,Total,1000,811.0
SC,GR,OEP,TC,Commercial,5,1151.0
SC,GR,OEP,TC,Personal,5,1596.0
SC,GR,OEP,TC,Total,5,2747.0
SC,GR,OEP,TC,Commercial,10,2104.0
SC,GR,OEP,TC,Personal,10,3249.0
SC,GR,OEP,TC,Total,10,5354.0
SC,GR,OEP,TC,Commercial,20,3371.0
SC,GR,OEP,TC,Personal,20,4934.0
SC,GR,OEP,TC,Total,20,8305.0
SC,GR,OEP,TC,Commercial,25,3768.0
SC,GR,OEP,TC,Personal,25,5743.0
SC,GR,OEP,TC,Total,25,9511.0
SC,GR,OEP,TC,Commercial,50,5509.0
SC,GR,OEP,TC,Personal,50,8530.0
SC,GR,OEP,TC,Total,50,14040.0
SC,GR,OEP,TC,Commercial,100,7510.0
SC,GR,OEP,TC,Personal,100,11252.0
SC,GR,OEP,TC,Total,100,18762.0
SC,GR,OEP,TC,Commercial,200,9991.0
SC,GR,OEP,TC,Personal,200,14087.0
SC,GR,OEP,TC,Total,200,24078.0
SC,GR,OEP,TC,Commercial,250,10166.0
SC,GR,OEP,TC,Personal,250,15955.0
SC,GR,OEP,TC,Total,250,26122.0
SC,GR,OEP,TC,Commercial,500,12378.0
SC,GR,OEP,TC,Personal,500,19374.0
SC,GR,OEP,TC,Total,500,31752.0
SC,GR,OEP,TC,Commercial,1000,15754.0
SC,GR,OEP,TC,Personal,1000,21988.0
SC,GR,OEP,TC,Total,1000,37742.0
SC,GR,AEP,TC,Commercial,5,1246.0
SC,GR,AEP,TC,Personal,5,1808.0
SC,GR,AEP,TC,Total,5,3054.0
SC,GR,AEP,TC,Commercial,10,2307.0
SC,GR,AEP,TC,Personal,10,3539.0
SC,GR,AEP,TC,Total,10,5845.0
SC,GR,AEP,TC,Commercial,20,3744.0
SC,GR,AEP,TC,Personal,20,5872.0
SC,GR,AEP,TC,Total,20,9616.0
SC,GR,AEP,TC,Commercial,25,4530.0
SC,GR,AEP,TC,Personal,25,6687.0
SC,GR,AEP,TC,Total,25,11217.0
SC,GR,AEP,TC,Commercial,50,6039.0
SC,GR,AEP,TC,Personal,50,9012.0
SC,GR,AEP,TC,Total,50,15051.0
SC,GR,AEP,TC,Commercial,100,8090.0
SC,GR,AEP,TC,Personal,100,11916.0
SC,GR,AEP,TC,Total,100,20006.0
SC,GR,AEP,TC,Commercial,200,11148.0
SC,GR,AEP,TC,Personal,200,15761.0
SC,GR,AEP,TC,Total,200,26910.0
SC,GR,AEP,TC,Commercial,250,11181.0
SC,GR,AEP,TC,Personal,250,17739.0
SC,GR,AEP,TC,Total,250,28919.0
SC,GR,AEP,TC,Commercial,500,14081.0
SC,GR,AEP,TC,Personal,500,20225.0
SC,GR,AEP,TC,Total,500,34306.0
SC,GR,AEP,TC,Commercial,1000,16625.0
SC,GR,AEP,TC,Personal,1000,26016.0
SC,GR,AEP,TC,Total,1000,42641.0
SC,GR,OEP,SU,Commercial,5,515.0
SC,GR,OEP,SU,Personal,5,658.0
SC,GR,OEP,SU,Total,5,1172.0
SC,GR,OEP,SU,Commercial,10,941.0
SC,GR,OEP,SU,Personal,10,1266.0
SC,GR,OEP,SU,Total,10,2207.0
SC,GR,OEP,SU,Commercial,20,1444.0
SC,GR,OEP,SU,Personal,20,1836.0
SC,GR,OEP,SU,Total,20,3280.0
SC,GR,OEP,SU,Commercial,25,1500.0
SC,GR,OEP,SU,Personal,25,2203.0
SC,GR,OEP,SU,Total,25,3703.0
SC,GR,OEP,SU,Commercial,50,2125.0
SC,GR,OEP,SU,Personal,50,2967.0
SC,GR,OEP,SU,Total,50,5092.0
SC,GR,OEP,SU,Commercial,100,2910.0
SC,GR,OEP,SU,Personal,100,3695.0
SC,GR,OEP,SU,Total,100,6605.0
SC,GR,OEP,SU,Commercial,200,3675.0
SC,GR,OEP,SU,Personal,200,5048.0
SC,GR,OEP,SU,Total,200,8723.0
SC,GR,OEP,SU,Commercial,250,3914.0
SC,GR,OEP,SU,Personal,250,5146.0
SC,GR,OEP,SU,Total,250,9060.0
SC,GR,OEP,SU,Commercial,500,4826.0
SC,GR,OEP,SU,Personal,500,6309.0
SC,GR,OEP,SU,Total,500,11135.0
SC,GR,OEP,SU,Commercial,1000,5673.0
SC,GR,OEP,SU,Personal,1000,7732.0
SC,GR,OEP,SU,Total,1000,13404.0
SC,GR,AEP,SU,Commercial,5,575.0
SC,GR,AEP,SU,Personal,5,742.0
SC,GR,AEP,SU,Total,5,1317.0
SC,GR,AEP,SU,Commercial,10,974.0
SC,GR,AEP,SU,Personal,10,1334.0
SC,GR,AEP,SU,Total,10,2307.0
SC,GR,AEP,SU,Commercial,20,1563.0
SC,GR,AEP,SU,Personal,20,2115.0
SC,GR,AEP,SU,Total,20,3678.0
SC,GR,AEP,SU,Commercial,25,1774.0
SC,GR,AEP,SU,Personal,25,2355.0
SC,GR,AEP,SU,Total,25,4129.0
SC,GR,AEP,SU,Commercial,50,2497.0
SC,GR,AEP,SU,Personal,50,3419.0
SC,GR,AEP,SU,Total,50,5916.0
SC,GR,AEP,SU,Commercial,100,3096.0
SC,GR,AEP,SU,Personal,100,4399.0
SC,GR,AEP,SU,Total,100,7496.0
SC,GR,AEP,SU,Commercial,200,4075.0
SC,GR,AEP,SU,Personal,200,5429.0
SC,GR,AEP,SU,Total,200,9504.0
SC,GR,AEP,SU,Commercial,250,4152.0
SC,GR,AEP,SU,Personal,250,5969.0
SC,GR,AEP,SU,Total,250,10121.0
SC,GR,AEP,SU,Commercial,500,5449.0
SC,GR,AEP,SU,Personal,500,7204.0
SC,GR,AEP,SU,Total,500,12652.0
SC,GR,AEP,SU,Commercial,1000,6461.0
SC,GR,AEP,SU,Personal,1000,8797.0
SC,GR,AEP,SU,Total,1000,15258.0
SC,GR,OEP,PF,Commercial,5,213.0
SC,GR,OEP,PF,Personal,5,312.0
SC,GR,OEP,PF,Total,5,525.0
SC,GR,OEP,PF,Commercial,10,344.0
SC,GR,OEP,PF,Personal,10,514.0
SC,GR,OEP,PF,Total,10,858.0
SC,GR,OEP,PF,Commercial,20,465.0
SC,GR,OEP,PF,Personal,20,685.0
SC,GR,OEP,PF,Total,20,1150.0
SC,GR,OEP,PF,Commercial,25,552.0
SC,GR,OEP,PF,Personal,25,742.0
SC,GR,OEP,PF,Total,25,1294.0
SC,GR,OEP,PF,Commercial,50,706.0
SC,GR,OEP,PF,Personal,50,966.0
SC,GR,OEP,PF,Total,50,1671.0
SC,GR,OEP,PF,Commercial,100,889.0
SC,GR,OEP,PF,Personal,100,1254.0
SC,GR,OEP,PF,Total,100,2143.0
SC,GR,OEP,PF,Commercial,200,998.0
SC,GR,OEP,PF,Personal,200,1488.0
SC,GR,OEP,PF,Total,200,2486.0
SC,GR,OEP,PF,Commercial,250,1056.0
SC,GR,OEP,PF,Personal,250,1545.0
SC,GR,OEP,PF,Total,250,2602.0
SC,GR,OEP,PF,Commercial,500,1272.0
SC,GR,OEP,PF,Personal,500,1842.0
SC,GR,OEP,PF,Total,500,3114.0
SC,GR,OEP,PF,Commercial,1000,1368.0
SC,GR,OEP,PF,Personal,1000,1989.0
SC,GR,OEP,PF,Total,1000,3357.0
SC,GR,AEP,PF,Commercial,5,247.0
SC,GR,AEP,PF,Personal,5,347.0
SC,GR,AEP,PF,Total,5,594.0
SC,GR,AEP,PF,Commercial,10,386.0
SC,GR,AEP,PF,Personal,10,525.0
SC,GR,AEP,PF,Total,10,911.0
SC,GR,AEP,PF,Commercial,20,535.0
SC,GR,AEP,PF,Personal,20,802.0
SC,GR,AEP,PF,Total,20,1337.0
SC,GR,AEP,PF,Commercial,25,568.0
SC,GR,AEP,PF,Personal,25,840.0
SC,GR,AEP,PF,Total,25,1409.0
SC,GR,AEP,PF,Commercial,50,803.0
SC,GR,AEP,PF,Personal,50,1045.0
SC,GR,AEP,PF,Total,50,1848.0
SC,GR,AEP,PF,Commercial,100,974.0
SC,GR,AEP,PF,Personal,100,1320.0
SC,GR,AEP,PF,Total,100,2294.0
SC,GR,AEP,PF,Commercial,200,1182.0
SC,GR,AEP,PF,Personal,200,1663.0
SC,GR,AEP,PF,Total,200,2845.0
SC,GR,AEP,PF,Commercial,250,1249.0
SC,GR,AEP,PF,Personal,250,1664.0
SC,GR,AEP,PF,Total,250,2913.0
SC,GR,AEP,PF,Commercial,500,1407.0
SC,GR,AEP,PF,Personal,500,2053.0
SC,GR,AEP,PF,Total,500,3460.0
SC,GR,AEP,PF,Commercial,1000,1568.0
SC,GR,AEP,PF,Personal,1000,2230.0
SC,GR,AEP,PF,Total,1000,3798.0
SC,GR,OEP,IF,Commercial,5,43.0
SC,GR,OEP,IF,Personal,5,77.0
SC,GR,OEP,IF,Total,5,120.0
SC,GR,OEP,IF,Commercial,10,69.0
SC,GR,OEP,IF,Personal,10,113.0
SC,GR,OEP,IF,Total,10,182.0
SC,GR,OEP,IF,Commercial,20,94.0
SC,GR,OEP,IF,Personal,20,151.0
SC,GR,OEP,IF,Total,20,245.0
SC,GR,OEP,IF,Commercial,25,99.0
SC,GR,OEP,IF,Personal,25,163.0
SC,GR,OEP,IF,Total,25,262.0
SC,GR,OEP,IF,Commercial,50,126.0
SC,GR,OEP,IF,Personal,50,199.0
SC,GR,OEP,IF,Total,50,325.0
SC,GR,OEP,IF,Commercial,100,156.0
SC,GR,OEP,IF,Personal,100,255.0
SC,GR,OEP,IF,Total,100,411.0
SC,GR,OEP,IF,Commercial,200,174.0
SC,GR,OEP,IF,Personal,200,293.0
SC,GR,OEP,IF,Total,200,466.0
SC,GR,OEP,IF,Commercial,250,178.0
SC,GR,OEP,IF,Personal,250,319.0
SC,GR,OEP,IF,Total,250,497.0
SC,GR,OEP,IF,Commercial,500,220.0
SC,GR,OEP,IF,Personal,500,364.0
SC,GR,OEP,IF,Total,500,584.0
SC,GR,OEP,IF,Commercial,1000,235.0
SC,GR,OEP,IF,Personal,1000,381.0
SC,GR,OEP,IF,Total,1000,616.0
SC,GR,AEP,IF,Commercial,5,49.0
SC,GR,AEP,IF,Personal,5,79.0
SC,GR,AEP,IF,Total,5,128.0
SC,GR,AEP,IF,Commercial,10,73.0
SC,GR,AEP,IF,Personal,10,119.0
SC,GR,AEP,IF,Total,10,192.0
SC,GR,AEP,IF,Commercial,20,108.0
SC,GR,AEP,IF,Personal,20,162.0
SC,GR,AEP,IF,Total,20,269.0
SC,GR,AEP,IF,Commercial,25,107.0
SC,GR,AEP,IF,Personal,25,189.0
SC,GR,AEP,IF,Total,25,297.0
SC,GR,AEP,IF,Commercial,50,140.0
SC,GR,AEP,IF,Personal,50,236.0
SC,GR,AEP,IF,Total,50,376.0
SC,GR,AEP,IF,Commercial,100,170.0
SC,GR,AEP,IF,Personal,100,287.0
SC,GR,AEP,IF,Total,100,458.0
SC,GR,AEP,IF,Commercial,200,200.0
SC,GR,AEP,IF,Personal,200,326.0
SC,GR,AEP,IF,Total,200,526.0
SC,GR,AEP,IF,Commercial,250,211.0
SC,GR,AEP,IF,Personal,250,339.0
SC,GR,AEP,IF,Total,250,551.0
SC,GR,AEP,IF,Commercial,500,234.0
SC,GR,AEP,IF,Personal,500,389.0
SC,GR,AEP,IF,Total,500,623.0
SC,GR,AEP,IF,Commercial,1000,259.0
SC,GR,AEP,IF,Personal,1000,454.0
SC,GR,AEP,IF,Total,1000,713.0
GA,GU,OEP,TC,Commercial,5,2076.0
GA,GU,OEP,TC,Personal,5,2873.0
GA,GU,OEP,TC,Total,5,4950.0
GA,GU,OEP,TC,Commercial,10,3951.0
GA,GU,OEP,TC,Personal,10,5865.0
GA,GU,OEP,TC,Total,10,9815.0
GA,GU,OEP,TC,Commercial,20,6399.0
GA,GU,OEP,TC,Personal,20,9276.0
GA,GU,OEP,TC,Total,20,15675.0
GA,GU,OEP,TC,Commercial,25,7672.0
GA,GU,OEP,TC,Personal,25,9926.0
GA,GU,OEP,TC,Total,25,17598.0
GA,GU,OEP,TC,Commercial,50,10802.0
GA,GU,OEP,TC,Personal,50,14439.0
GA,GU,OEP,TC,Total,50,25241.0
GA,GU,OEP,TC,Commercial,100,13715.0
GA,GU,OEP,TC,Personal,100,20120.0
GA,GU,OEP,TC,Total,100,33834.0
GA,GU,OEP,TC,Commercial,200,18911.0
GA,GU,OEP,TC,Personal,200,24894.0
GA,GU,OEP,TC,Total,200,43806.0
GA,GU,OEP,TC,Commercial,250,19702.0
GA,GU,OEP,TC,Personal,250,26799.0
GA,GU,OEP,TC,Total,250,46501.0
GA,GU,OEP,TC,Commercial,500,24340.0
GA,GU,OEP,TC,Personal,500,34281.0
GA,GU,OEP,TC,Total,500,58621.0
GA,GU,OEP,TC,Commercial,1000,29608.0
GA,GU,OEP,TC,Personal,1000,41475.0
GA,GU,OEP,TC,Total,1000,71083.0
GA,GU,AEP,TC,Commercial,5,2296.0
GA,GU,AEP,TC,Personal,5,3398.0
GA,GU,AEP,TC,Total,5,5694.0
GA,GU,AEP,TC,Commercial,10,4619.0
GA,GU,AEP,TC,Personal,10,6467.0
GA,GU,AEP,TC,Total,10,11086.0
GA,GU,AEP,TC,Commercial,20,6980.0
GA,GU,AEP,TC,Personal,20,10145.0
GA,GU,AEP,TC,Total,20,17125.0
GA,GU,AEP,TC,Commercial,25,8221.0
GA,GU,AEP,TC,Personal,25,11128.0
GA,GU,AEP,TC,Total,25,19349.0
GA,GU,AEP,TC,Commercial,50,11459.0
GA,GU,AEP,TC,Personal,50,16391.0
GA,GU,AEP,TC,Total,50,27850.0
GA,GU,AEP,TC,Commercial,100,16193.0
GA,GU,AEP,TC,Personal,100,21535.0
GA,GU,AEP,TC,Total,100,37727.0
GA,GU,AEP,TC,Commercial,200,21018.0
GA,GU,AEP,TC,Personal,200,28596.0
GA,GU,AEP,TC,Total,200,49613.0
GA,GU,AEP,TC,Commercial,250,22486.0
GA,GU,AEP,TC,Personal,250,30575.0
GA,GU,AEP,TC,Total,250,53061.0
GA,GU,AEP,TC,Commercial,500,27112.0
GA,GU,AEP,TC,Personal,500,38387.0
GA,GU,AEP,TC,Total,500,65498.0
GA,GU,AEP,TC,Commercial,1000,34202.0
GA,GU,AEP,TC,Personal,1000,45848.0
GA,GU,AEP,TC,Total,1000,80050.0
GA,GU,OEP,SU,Commercial,5,472.0
GA,GU,OEP,SU,Personal,5,742.0
GA,GU,OEP,SU,Total,5,1215.0
GA,GU,OEP,SU,Commercial,10,871.0
GA,GU,OEP,SU,Personal,10,1270.0
GA,GU,OEP,SU,Total,10,2141.0
GA,GU,OEP,SU,Commercial,20,1315.0
GA,GU,OEP,SU,Personal,20,2044.0
GA,GU,OEP,SU,Total,20,3359.0
GA,GU,OEP,SU,Commercial,25,1541.0
GA,GU,OEP,SU,Personal,25,2304.0
GA,GU,OEP,SU,Total,25,3845.0
GA,GU,OEP,SU,Commercial,50,2033.0
GA,GU,OEP,SU,Personal,50,3328.0
GA,GU,OEP,SU,Total,50,5361.0
GA,GU,OEP,SU,Commercial,100,2656.0
GA,GU,OEP,SU,Personal,100,4031.0
GA,GU,OEP,SU,Total,100,6687.0
GA,GU,OEP,SU,Commercial,200,3269.0
GA,GU,OEP,SU,Personal,200,5035.0
GA,GU,OEP,SU,Total,200,8304.0
GA,GU,OEP,SU,Commercial,250,3421.0
GA,GU,OEP,SU,Personal,250,5578.0
GA,GU,OEP,SU,Total,250,9000.0
GA,GU,OEP,SU,Commercial,500,4495.0
GA,GU,OEP,SU,Personal,500,6986.0
GA,GU,OEP,SU,Total,500,11481.0
GA,GU,OEP,SU,Commercial,1000,4968.0
GA,GU,OEP,SU,Personal,1000,8185.0
GA,GU,OEP,SU,Total,1000,13153.0
GA,GU,AEP,SU,Commercial,5,509.0
GA,GU,AEP,SU,Personal,5,859.0
GA,GU,AEP,SU,Total,5,1368.0
GA,GU,AEP,SU,Commercial,10,921.0
GA,GU,AEP,SU,Personal,10,1505.0
GA,GU,AEP,SU,Total,10,2426.0
GA,GU,AEP,SU,Commercial,20,1445.0
GA,GU,AEP,SU,Personal,20,2326.0
GA,GU,AEP,SU,Total,20,3771.0
GA,GU,AEP,SU,Commercial,25,1641.0
GA,GU,AEP,SU,Personal,25,2649.0
GA,GU,AEP,SU,Total,25,4291.0
GA,GU,AEP,SU,Commercial,50,2223.0
GA,GU,AEP,SU,Personal,50,3707.0
GA,GU,AEP,SU,Total,50,5930.0
GA,GU,AEP,SU,Commercial,100,2990.0
GA,GU,AEP,SU,Personal,100,4782.0
GA,GU,AEP,SU,Total,100,7772.0
GA,GU,AEP,SU,Commercial,200,3900.0
GA,GU,AEP,SU,Personal,200,6170.0
GA,GU,AEP,SU,Total,200,10070.0
GA,GU,AEP,SU,Commercial,250,3922.0
GA,GU,AEP,SU,Personal,250,6157.0
GA,GU,AEP,SU,Total,250,10079.0
GA,GU,AEP,SU,Commercial,500,4780.0
GA,GU,AEP,SU,Personal,500,7465.0
GA,GU,AEP,SU,Total,500,12245.0
GA,GU,AEP,SU,Commercial,1000,5885.0
GA,GU,AEP,SU,Personal,1000,9553.0
GA,GU,AEP,SU,Total,1000,15438.0
GA,GU,OEP,PF,Commercial,5,379.0
GA,GU,OEP,PF,Personal,5,523.0
GA,GU,OEP,PF,Total,5,902.0
GA,GU,OEP,PF,Commercial,10,584.0
GA,GU,OEP,PF,Personal,10,860.0
GA,GU,OEP,PF,Total,10,1444.0
GA,GU,OEP,PF,Commercial,20,846.0
GA,GU,OEP,PF,Personal,20,1134.0
GA,GU,OEP,PF,Total,20,1981.0
GA,GU,OEP,PF,Commercial,25,893.0
GA,GU,OEP,PF,Personal,25,1326.0
GA,GU,OEP,PF,Total,25,2219.0
GA,GU,OEP,PF,Commercial,50,1125.0
GA,GU,OEP,PF,Personal,50,1644.0
GA,GU,OEP,PF,Total,50,2769.0
GA,GU,OEP,PF,Commercial,100,1488.0
GA,GU,OEP,PF,Personal,100,2143.0
GA,GU,OEP,PF,Total,100,3631.0
GA,GU,OEP,PF,Commercial,200,1772.0
GA,GU,OEP,PF,Personal,200,2526.0
GA,GU,OEP,PF,Total,200,4298.0
GA,GU,OEP,PF,Commercial,250,1755.0
GA,GU,OEP,PF,Personal,250,2542.0
GA,GU,OEP,PF,Total,250,4297.0
GA,GU,OEP,PF,Commercial,500,2105.0
GA,GU,OEP,PF,Personal,500,3037.0
GA,GU,OEP,PF,Total,500,5141.0
GA,GU,OEP,PF,Commercial,1000,2405.0
GA,GU,OEP,PF,Personal,1000,3510.0
GA,GU,OEP,PF,Total,1000,5915.0
GA,GU,AEP,PF,Commercial,5,401.0
GA,GU,AEP,PF,Personal,5,598.0
GA,GU,AEP,PF,Total,5,1000.0
GA,GU,AEP,PF,Commercial,10,635.0
GA,GU,AEP,PF,Personal,10,914.0
GA,GU,AEP,PF,Total,10,1549.0
GA,GU,AEP,PF,Commercial,20,875.0
GA,GU,AEP,PF,Personal,20,1268.0
GA,GU,AEP,PF,Total,20,2143.0
GA,GU,AEP,PF,Commercial,25,1033.0
GA,GU,AEP,PF,Personal,25,1430.0
GA,GU,AEP,PF,Total,25,2462.0
GA,GU,AEP,PF,Commercial,50,1250.0
GA,GU,AEP,PF,Personal,50,1900.0
GA,GU,AEP,PF,Total,50,3151.0
GA,GU,AEP,PF,Commercial,100,1598.0
GA,GU,AEP,PF,Personal,100,2180.0
GA,GU,AEP,PF,Total,100,3778.0
GA,GU,AEP,PF,Commercial,200,1872.0
GA,GU,AEP,PF,Personal,200,2659.0
GA,GU,AEP,PF,Total,200,4530.0
GA,GU,AEP,PF,Commercial,250,2043.0
GA,GU,AEP,PF,Personal,250,2833.0
GA,GU,AEP,PF,Total,250,4877.0
GA,GU,AEP,PF,Commercial,500,2244.0
GA,GU,AEP,PF,Personal,500,3230.0
GA,GU,AEP,PF,Total,500,5474.0
GA,GU,AEP,PF,Commercial,1000,2714.0
GA,GU,AEP,PF,Personal,1000,3693.0
GA,GU,AEP,PF,Total,1000,6407.0
GA,GU,OEP,IF,Commercial,5,115.0
GA,GU,OEP,IF,Personal,5,156.0
GA,GU,OEP,IF,Total,5,271.0
GA,GU,OEP,IF,Commercial,10,170.0
GA,GU,OEP,IF,Personal,10,243.0
GA,GU,OEP,IF,Total,10,413.0
GA,GU,OEP,IF,Commercial,20,227.0
GA,GU,OEP,IF,Personal,20,316.0
GA,GU,OEP,IF,Total,20,543.0
GA,GU,OEP,IF,Commercial,25,255.0
GA,GU,OEP,IF,Personal,25,373.0
GA,GU,OEP,IF,Total,25,628.0
GA,GU,OEP,IF,Commercial,50,295.0
GA,GU,OEP,IF,Personal,50,434.0
GA,GU,OEP,IF,Total,50,729.0
GA,GU,OEP,IF,Commercial,100,389.0
GA,GU,OEP,IF,Personal,100,544.0
GA,GU,OEP,IF,Total,100,933.0
GA,GU,OEP,IF,Commercial,200,424.0
GA,GU,OEP,IF,Personal,200,617.0
GA,GU,OEP,IF,Total,200,1041.0
GA,GU,OEP,IF,Commercial,250,468.0
GA,GU,OEP,IF,Personal,250,682.0
GA,GU,OEP,IF,Total,250,1150.0
GA,GU,OEP,IF,Commercial,500,533.0
GA,GU,OEP,IF,Personal,500,799.0
GA,GU,OEP,IF,Total,500,1331.0
GA,GU,OEP,IF,Commercial,1000,595.0
GA,GU,OEP,IF,Personal,1000,846.0
GA,GU,OEP,IF,Total,1000,1441.0
GA,GU,AEP,IF,Commercial,5,125.0
GA,GU,AEP,IF,Personal,5,178.0
GA,GU,AEP,IF,Total,5,303.0
GA,GU,AEP,IF,Commercial,10,183.0
GA,GU,AEP,IF,Personal,10,261.0
GA,GU,AEP,IF,Total,10,444.0
GA,GU,AEP,IF,Commercial,20,251.0
GA,GU,AEP,IF,Personal,20,378.0
GA,GU,AEP,IF,Total,20,629.0
GA,GU,AEP,IF,Commercial,25,264.0
GA,GU,AEP,IF,Personal,25,399.0
GA,GU,AEP,IF,Total,25,663.0
GA,GU,AEP,IF,Commercial,50,352.0
GA,GU,AEP,IF,Personal,50,508.0
GA,GU,AEP,IF,Total,50,860.0
GA,GU,AEP,IF,Commercial,100,430.0
GA,GU,AEP,IF,Personal,100,625.0
GA,GU,AEP,IF,Total,100,1055.0
GA,GU,AEP,IF,Commercial,200,502.0
GA,GU,AEP,IF,Personal,200,684.0
GA,GU,AEP,IF,Total,200,1186.0
GA,GU,AEP,IF,Commercial,250,514.0
GA,GU,AEP,IF,Personal,250,755.0
GA,GU,AEP,IF,Total,250,1269.0
GA,GU,AEP,IF,Commercial,500,576.0
GA,GU,AEP,IF,Personal,500,817.0
GA,GU,AEP,IF,Total,500,1392.0
GA,GU,AEP,IF,Commercial,1000,649.0
GA,GU,AEP,IF,Personal,1000,962.0
GA,GU,AEP,IF,Total,1000,1611.0
GA,GR,OEP,TC,Commercial,5,1590.0
GA,GR,OEP,TC,Personal,5,2170.0
GA,GR,OEP,TC,Total,5,3760.0
GA,GR,OEP,TC,Commercial,10,3154.0
GA,GR,OEP,TC,Personal,10,4455.0
GA,GR,OEP,TC,Total,10,7610.0
GA,GR,OEP,TC,Commercial,20,4760.0
GA,GR,OEP,TC,Personal,20,7157.0
GA,GR,OEP,TC,Total,20,11917.0
GA,GR,OEP,TC,Commercial,25,5315.0
GA,GR,OEP,TC,Personal,25,8142.0
GA,GR,OEP,TC,Total,25,13456.0
GA,GR,OEP,TC,Commercial,50,8290.0
GA,GR,OEP,TC,Personal,50,10553.0
GA,GR,OEP,TC,Total,50,18843.0
GA,GR,OEP,TC,Commercial,100,10919.0
GA,GR,OEP,TC,Personal,100,15580.0
GA,GR,OEP,TC,Total,100,26499.0
GA,GR,OEP,TC,Commercial,200,14249.0
GA,GR,OEP,TC,Personal,200,20054.0
GA,GR,OEP,TC,Total,200,34303.0
GA,GR,OEP,TC,Commercial,250,14823.0
GA,GR,OEP,TC,Personal,250,19758.0
GA,GR,OEP,TC,Total,250,34581.0
GA,GR,OEP,TC,Commercial,500,18886.0
GA,GR,OEP,TC,Personal,500,25813.0
GA,GR,OEP,TC,Total,500,44698.0
GA,GR,OEP,TC,Commercial,1000,22326.0
GA,GR,OEP,TC,Personal,1000,30618.0
GA,GR,OEP,TC,Total,1000,52944.0
GA,GR,AEP,TC,Commercial,5,1809.0
GA,GR,AEP,TC,Personal,5,2425.0
GA,GR,AEP,TC,Total,5,4234.0
GA,GR,AEP,TC,Commercial,10,3504.0
GA,GR,AEP,TC,Personal,10,4583.0
GA,GR,AEP,TC,Total,10,8087.0
GA,GR,AEP,TC,Commercial,20,5621.0
GA,GR,AEP,TC,Personal,20,7954.0
GA,GR,AEP,TC,Total,20,13576.0
GA,GR,AEP,TC,Commercial,25,6237.0
GA,GR,AEP,TC,Personal,25,8756.0
GA,GR,AEP,TC,Total,25,14992.0
GA,GR,AEP,TC,Commercial,50,8717.0
GA,GR,AEP,TC,Personal,50,13009.0
GA,GR,AEP,TC,Total,50,21726.0
GA,GR,AEP,TC,Commercial,100,12193.0
GA,GR,AEP,TC,Personal,100,16448.0
GA,GR,AEP,TC,Total,100,28641.0
GA,GR,AEP,TC,Commercial,200,14838.0
GA,GR,AEP,TC,Personal,200,20849.0
GA,GR,AEP,TC,Total,200,35687.0
GA,GR,AEP,TC,Commercial,250,16459.0
GA,GR,AEP,TC,Personal,250,24127.0
GA,GR,AEP,TC,Total,250,40586.0
GA,GR,AEP,TC,Commercial,500,20916.0
GA,GR,AEP,TC,Personal,500,27771.0
GA,GR,AEP,TC,Total,500,48687.0
GA,GR,AEP,TC,Commercial,1000,25611.0
GA,GR,AEP,TC,Personal,1000,34157.0
GA,GR,AEP,TC,Total,1000,59767.0
GA,GR,OEP,SU,Commercial,5,407.0
GA,GR,OEP,SU,Personal,5,598.0
GA,GR,OEP,SU,Total,5,1006.0
GA,GR,OEP,SU,Commercial,10,719.0
GA,GR,OEP,SU,Personal,10,1156.0
GA,GR,OEP,SU,Total,10,1875.0
GA,GR,OEP,SU,Commercial,20,1070.0
GA,GR,OEP,SU,Personal,20,1745.0
GA,GR,OEP,SU,Total,20,2815.0
GA,GR,OEP,SU,Commercial,25,1295.0
GA,GR,OEP,SU,Personal,25,1860.0
GA,GR,OEP,SU,Total,25,3155.0
GA,GR,OEP,SU,Commercial,50,1633.0
GA,GR,OEP,SU,Personal,50,2706.0
GA,GR,OEP,SU,Total,50,4339.0
GA,GR,OEP,SU,Commercial,100,2194.0
GA,GR,OEP,SU,Personal,100,3332.0
GA,GR,OEP,SU,Total,100,5525.0
GA,GR,OEP,SU,Commercial,200,2803.0
GA,GR,OEP,SU,Personal,200,4498.0
GA,GR,OEP,SU,Total,200,7301.0
GA,GR,OEP,SU,Commercial,250,2943.0
GA,GR,OEP,SU,Personal,250,4618.0
GA,GR,OEP,SU,Total,250,7562.0
GA,GR,OEP,SU,Commercial,500,3782.0
GA,GR,OEP,SU,Personal,500,5719.0
GA,GR,OEP,SU,Total,500,9501.0
GA,GR,OEP,SU,Commercial,1000,4502.0
GA,GR,OEP,SU,Personal,1000,6759.0
GA,GR,OEP,SU,Total,1000,11261.0
GA,GR,AEP,SU,Commercial,5,461.0
GA,GR,AEP,SU,Personal,5,698.0
GA,GR,AEP,SU,Total,5,1159.0
GA,GR,AEP,SU,Commercial,10,765.0
GA,GR,AEP,SU,Personal,10,1290.0
GA,GR,AEP,SU,Total,10,2055.0
GA,GR,AEP,SU,Commercial,20,1227.0
GA,GR,AEP,SU,Personal,20,1849.0
GA,GR,AEP,SU,Total,20,3076.0
GA,GR,AEP,SU,Commercial,25,1335.0
GA,GR,AEP,SU,Personal,25,2200.0
GA,GR,AEP,SU,Total,25,3534.0
GA,GR,AEP,SU,Commercial,50,1821.0
GA,GR,AEP,SU,Personal,50,2915.0
GA,GR,AEP,SU,Total,50,4737.0
GA,GR,AEP,SU,Commercial,100,2407.0
GA,GR,AEP,SU,Personal,100,3876.0
GA,GR,AEP,SU,Total,100,6283.0
GA,GR,AEP,SU,Commercial,200,3120.0
GA,GR,AEP,SU,Personal,200,4924.0
GA,GR,AEP,SU,Total,200,8044.0
GA,GR,AEP,SU,Commercial,250,3295.0
GA,GR,AEP,SU,Personal,250,5013.0
GA,GR,AEP,SU,Total,250,8308.0
GA,GR,AEP,SU,Commercial,500,4141.0
GA,GR,AEP,SU,Personal,500,6312.0
GA,GR,AEP,SU,Total,500,10453.0
GA,GR,AEP,SU,Commercial,1000,4949.0
GA,GR,AEP,SU,Personal,1000,7313.0
GA,GR,AEP,SU,Total,1000,12262.0
GA,GR,OEP,PF,Commercial,5,297.0
GA,GR,OEP,PF,Personal,5,438.0
GA,GR,OEP,PF,Total,5,735.0
GA,GR,OEP,PF,Commercial,10,495.0
GA,GR,OEP,PF,Personal,10,708.0
GA,GR,OEP,PF,Total,10,1203.0
GA,GR,OEP,PF,Commercial,20,721.0
GA,GR,OEP,PF,Personal,20,996.0
GA,GR,OEP,PF,Total,20,1717.0
GA,GR,OEP,PF,Commercial,25,770.0
GA,GR,OEP,PF,Personal,25,1117.0
GA,GR,OEP,PF,Total,25,1887.0
GA,GR,OEP,PF,Commercial,50,942.0
GA,GR,OEP,PF,Personal,50,1428.0
GA,GR,OEP,PF,Total,50,2370.0
GA,GR,OEP,PF,Commercial,100,1204.0
GA,GR,OEP,PF,Personal,100,1749.0
GA,GR,OEP,PF,Total,100,2953.0
GA,GR,OEP,PF,Commercial,200,1409.0
GA,GR,OEP,PF,Personal,200,2175.0
GA,GR,OEP,PF,Total,200,3584.0
GA,GR,OEP,PF,Commercial,250,1617.0
GA,GR,OEP,PF,Personal,250,2125.0
GA,GR,OEP,PF,Total,250,3743.0
GA,GR,OEP,PF,Commercial,500,1825.0
GA,GR,OEP,PF,Personal,500,2671.0
GA,GR,OEP,PF,Total,500,4496.0
GA,GR,OEP,PF,Commercial,1000,2028.0
GA,GR,OEP,PF,Personal,1000,3072.0
GA,GR,OEP,PF,Total,1000,5100.0
GA,GR,AEP,PF,Commercial,5,354.0
GA,GR,AEP,PF,Personal,5,525.0
GA,GR,AEP,PF,Total,5,879.0
GA,GR,AEP,PF,Commercial,10,583.0
GA,GR,AEP,PF,Personal,10,765.0
GA,GR,AEP,PF,Total,10,1348.0
GA,GR,AEP,PF,Commercial,20,779.0
GA,GR,AEP,PF,Personal,20,1134.0
GA,GR,AEP,PF,Total,20,1913.0
GA,GR,AEP,PF,Commercial,25,830.0
GA,GR,AEP,PF,Personal,25,1219.0
GA,GR,AEP,PF,Total,25,2049.0
GA,GR,AEP,PF,Commercial,50,1162.0
GA,GR,AEP,PF,Personal,50,1520.0
GA,GR,AEP,PF,Total,50,2682.0
GA,GR,AEP,PF,Commercial,100,1364.0
GA,GR,AEP,PF,Personal,100,2042.0
GA,GR,AEP,PF,Total,100,3406.0
GA,GR,AEP,PF,Commercial,200,1615.0
GA,GR,AEP,PF,Personal,200,2364.0
GA,GR,AEP,PF,Total,200,3980.0
GA,GR,AEP,PF,Commercial,250,1818.0
GA,GR,AEP,PF,Personal,250,2493.0
GA,GR,AEP,PF,Total,250,4311.0
GA,GR,AEP,PF,Commercial,500,1948.0
GA,GR,AEP,PF,Personal,500,2784.0
GA,GR,AEP,PF,Total,500,4733.0
GA,GR,AEP,PF,Commercial,1000,2425.0
GA,GR,AEP,PF,Personal,1000,3266.0
GA,GR,AEP,PF,Total,1000,5691.0
GA,GR,OEP,IF,Commercial,5,97.0
GA,GR,OEP,IF,Personal,5,134.0
GA,GR,OEP,IF,Total,5,231.0
GA,GR,OEP,IF,Commercial,10,145.0
GA,GR,OEP,IF,Personal,10,220.0
GA,GR,OEP,IF,Total,10,365.0
GA,GR,OEP,IF,Commercial,20,197.0
GA,GR,OEP,IF,Personal,20,299.0
GA,GR,OEP,IF,Total,20,496.0
GA,GR,OEP,IF,Commercial,25,209.0
GA,GR,OEP,IF,Personal,25,310.0
GA,GR,OEP,IF,Total,25,519.0
GA,GR,OEP,IF,Commercial,50,278.0
GA,GR,OEP,IF,Personal,50,386.0
GA,GR,OEP,IF,Total,50,664.0
GA,GR,OEP,IF,Commercial,100,316.0
GA,GR,OEP,IF,Personal,100,484.0
GA,GR,OEP,IF,Total,100,801.0
GA,GR,OEP,IF,Commercial,200,376.0
GA,GR,OEP,IF,Personal,200,551.0
GA,GR,OEP,IF,Total,200,927.0
GA,GR,OEP,IF,Commercial,250,418.0
GA,GR,OEP,IF,Personal,250,558.0
GA,GR,OEP,IF,Total,250,976.0
GA,GR,OEP,IF,Commercial,500,448.0
GA,GR,OEP,IF,Personal,500,629.0
GA,GR,OEP,IF,Total,500,1077.0
GA,GR,OEP,IF,Commercial,1000,510.0
GA,GR,OEP,IF,Personal,1000,723.0
GA,GR,OEP,IF,Total,1000,1234.0
GA,GR,AEP,IF,Commercial,5,110.0
GA,GR,AEP,IF,Personal,5,151.0
GA,GR,AEP,IF,Total,5,262.0
GA,GR,AEP,IF,Commercial,10,166.0
GA,GR,AEP,IF,Personal,10,231.0
GA,GR,AEP,IF,Total,10,397.0
GA,GR,AEP,IF,Commercial,20,218.0
GA,GR,AEP,IF,Personal,20,315.0
GA,GR,AEP,IF,Total,20,533.0
GA,GR,AEP,IF,Commercial,25,245.0
GA,GR,AEP,IF,Personal,25,346.0
GA,GR,AEP,IF,Total,25,591.0
GA,GR,AEP,IF,Commercial,50,296.0
GA,GR,AEP,IF,Personal,50,450.0
GA,GR,AEP,IF,Total,50,746.0
GA,GR,AEP,IF,Commercial,100,365.0
GA,GR,AEP,IF,Personal,100,509.0
GA,GR,AEP,IF,Total,100,874.0
GA,GR,AEP,IF,Commercial,200,443.0
GA,GR,AEP,IF,Personal,200,606.0
GA,GR,AEP,IF,Total,200,1049.0
GA,GR,AEP,IF,Commercial,250,426.0
GA,GR,AEP,IF,Personal,250,645.0
GA,GR,AEP,IF,Total,250,1071.0
GA,GR,AEP,IF,Commercial,500,492.0
GA,GR,AEP,IF,Personal,500,720.0
GA,GR,AEP,IF,Total,500,1213.0
GA,GR,AEP,IF,Commercial,1000,592.0
GA,GR,AEP,IF,Personal,1000,804.0
GA,GR,AEP,IF,Total,1000,1396.0
VA,GU,OEP,TC,Commercial,5,1745.0
VA,GU,OEP,TC,Personal,5,2084.0
VA,GU,OEP,TC,Total,5,3829.0
VA,GU,OEP,TC,Commercial,10,3260.0
VA,GU,OEP,TC,Personal,10,3885.0
VA,GU,OEP,TC,Total,10,7145.0
VA,GU,OEP,TC,Commercial,20,5291.0
VA,GU,OEP,TC,Personal,20,6411.0
VA,GU,OEP,TC,Total,20,11702.0
VA,GU,OEP,TC,Commercial,25,5802.0
VA,GU,OEP,TC,Personal,25,6719.0
VA,GU,OEP,TC,Total,25,12521.0
VA,GU,OEP,TC,Commercial,50,8391.0
VA,GU,OEP,TC,Personal,50,9910.0
VA,GU,OEP,TC,Total,50,18301.0
VA,GU,OEP,TC,Commercial,100,10872.0
VA,GU,OEP,TC,Personal,100,13398.0
VA,GU,OEP,TC,Total,100,24270.0
VA,GU,OEP,TC,Commercial,200,13756.0
VA,GU,OEP,TC,Personal,200,17781.0
VA,GU,OEP,TC,Total,200,31537.0
VA,GU,OEP,TC,Commercial,250,15206.0
VA,GU,OEP,TC,Personal,250,17520.0
VA,GU,OEP,TC,Total,250,32727.0
VA,GU,OEP,TC,Commercial,500,18512.0
VA,GU,OEP,TC,Personal,500,22133.0
VA,GU,OEP,TC,Total,500,40645.0
VA,GU,OEP,TC,Commercial,1000,22779.0
VA,GU,OEP,TC,Personal,1000,26203.0
VA,GU,OEP,TC,Total,1000,48982.0
VA,GU,AEP,TC,Commercial,5,1854.0
VA,GU,AEP,TC,Personal,5,2168.0
VA,GU,AEP,TC,Total,5,4022.0
VA,GU,AEP,TC,Commercial,10,3569.0
VA,GU,AEP,TC,Personal,10,4212.0
VA,GU,AEP,TC,Total,10,7781.0
VA,GU,AEP,TC,Commercial,20,5709.0
VA,GU,AEP,TC,Personal,20,6725.0
VA,GU,AEP,TC,Total,20,12434.0
VA,GU,AEP,TC,Commercial,25,6332.0
VA,GU,AEP,TC,Personal,25,7418.0
VA,GU,AEP,TC,Total,25,13750.0
VA,GU,AEP,TC,Commercial,50,9101.0
VA,GU,AEP,TC,Personal,50,11347.0
VA,GU,AEP,TC,Total,50,20447.0
VA,GU,AEP,TC,Commercial,100,13199.0
VA,GU,AEP,TC,Personal,100,15474.0
VA,GU,AEP,TC,Total,100,28673.0
VA,GU,AEP,TC,Commercial,200,16200.0
VA,GU,AEP,TC,Personal,200,19159.0
VA,GU,AEP,TC,Total,200,35359.0
VA,GU,AEP,TC,Commercial,250,17118.0
VA,GU,AEP,TC,Personal,250,21133.0
VA,GU,AEP,TC,Total,250,38252.0
VA,GU,AEP,TC,Commercial,500,22150.0
VA,GU,AEP,TC,Personal,500,26326.0
VA,GU,AEP,TC,Total,500,48476.0
VA,GU,AEP,TC,Commercial,1000,27136.0
VA,GU,AEP,TC,Personal,1000,30583.0
VA,GU,AEP,TC,Total,1000,57719.0
VA,GU,OEP,SU,Commercial,5,539.0
VA,GU,OEP,SU,Personal,5,810.0
VA,GU,OEP,SU,Total,5,1348.0
VA,GU,OEP,SU,Commercial,10,929.0
VA,GU,OEP,SU,Personal,10,1479.0
VA,GU,OEP,SU,Total,10,2408.0
VA,GU,OEP,SU,Commercial,20,1403.0
VA,GU,OEP,SU,Personal,20,2298.0
VA,GU,OEP,SU,Total,20,3701.0
VA,GU,OEP,SU,Commercial,25,1691.0
VA,GU,OEP,SU,Personal,25,2365.0
VA,GU,OEP,SU,Total,25,4056.0
VA,GU,OEP,SU,Commercial,50,2307.0
VA,GU,OEP,SU,Personal,50,3243.0
VA,GU,OEP,SU,Total,50,5549.0
VA,GU,OEP,SU,Commercial,100,3053.0
VA,GU,OEP,SU,Personal,100,4585.0
VA,GU,OEP,SU,Total,100,7638.0
VA,GU,OEP,SU,Commercial,200,3785.0
VA,GU,OEP,SU,Personal,200,5810.0
VA,GU,OEP,SU,Total,200,9595.0
VA,GU,OEP,SU,Commercial,250,3849.0
VA,GU,OEP,SU,Personal,250,5871.0
VA,GU,OEP,SU,Total,250,9720.0
VA,GU,OEP,SU,Commercial,500,4833.0
VA,GU,OEP,SU,Personal,500,6965.0
VA,GU,OEP,SU,Total,500,11798.0
VA,GU,OEP,SU,Commercial,1000,5774.0
VA,GU,OEP,SU,Personal,1000,8487.0
VA,GU,OEP,SU,Total,1000,14260.0
VA,GU,AEP,SU,Commercial,5,581.0
VA,GU,AEP,SU,Personal,5,873.0
VA,GU,AEP,SU,Total,5,1454.0
VA,GU,AEP,SU,Commercial,10,1101.0
VA,GU,AEP,SU,Personal,10,1552.0
VA,GU,AEP,SU,Total,10,2653.0
VA,GU,AEP,SU,Commercial,20,1702.0
VA,GU,AEP,SU,Personal,20,2434.0
VA,GU,AEP,SU,Total,20,4137.0
VA,GU,AEP,SU,Commercial,25,1812.0
VA,GU,AEP,SU,Personal,25,2762.0
VA,GU,AEP,SU,Total,25,4574.0
VA,GU,AEP,SU,Commercial,50,2523.0
VA,GU,AEP,SU,Personal,50,3717.0
VA,GU,AEP,SU,Total,50,6240.0
VA,GU,AEP,SU,Commercial,100,3330.0
VA,GU,AEP,SU,Personal,100,4812.0
VA,GU,AEP,SU,Total,100,8142.0
VA,GU,AEP,SU,Commercial,200,4134.0
VA,GU,AEP,SU,Personal,200,6325.0
VA,GU,AEP,SU,Total,200,10459.0
VA,GU,AEP,SU,Commercial,250,4453.0
VA,GU,AEP,SU,Personal,250,6944.0
VA,GU,AEP,SU,Total,250,11397.0
VA,GU,AEP,SU,Commercial,500,5327.0
VA,GU,AEP,SU,Personal,500,8559.0
VA,GU,AEP,SU,Total,500,13886.0
VA,GU,AEP,SU,Commercial,1000,6685.0
VA,GU,AEP,SU,Personal,1000,10189.0
VA,GU,AEP,SU,Total,1000,16874.0
VA,GU,OEP,PF,Commercial,5,342.0
VA,GU,OEP,PF,Personal,5,409.0
VA,GU,OEP,PF,Total,5,751.0
VA,GU,OEP,PF,Commercial,10,528.0
VA,GU,OEP,PF,Personal,10,654.0
VA,GU,OEP,PF,Total,10,1182.0
VA,GU,OEP,PF,Commercial,20,766.0
VA,GU,OEP,PF,Personal,20,960.0
VA,GU,OEP,PF,Total,20,1726.0
VA,GU,OEP,PF,Commercial,25,795.0
VA,GU,OEP,PF,Personal,25,1090.0
VA,GU,OEP,PF,Total,25,1886.0
VA,GU,OEP,PF,Commercial,50,1009.0
VA,GU,OEP,PF,Personal,50,1356.0
VA,GU,OEP,PF,Total,50,2365.0
VA,GU,OEP,PF,Commercial,100,1326.0
VA,GU,OEP,PF,Personal,100,1592.0
VA,GU,OEP,PF,Total,100,2918.0
VA,GU,OEP,PF,Commercial,200,1572.0
VA,GU,OEP,PF,Personal,200,2061.0
VA,GU,OEP,PF,Total,200,3633.0
VA,GU,OEP,PF,Commercial,250,1572.0
VA,GU,OEP,PF,Personal,250,2111.0
VA,GU,OEP,PF,Total,250,3683.0
VA,GU,OEP,PF,Commercial,500,1870.0
VA,GU,OEP,PF,Personal,500,2498.0
VA,GU,OEP,PF,Total,500,4368.0
VA,GU,OEP,PF,Commercial,1000,2114.0
VA,GU,OEP,PF,Personal,1000,2944.0
VA,GU,OEP,PF,Total,1000,5058.0
VA,GU,AEP,PF,Commercial,5,385.0
VA,GU,AEP,PF,Personal,5,461.0
VA,GU,AEP,PF,Total,5,846.0
VA,GU,AEP,PF,Commercial,10,580.0
VA,GU,AEP,PF,Personal,10,764.0
VA,GU,AEP,PF,Total,10,1344.0
VA,GU,AEP,PF,Commercial,20,849.0
VA,GU,AEP,PF,Personal,20,1060.0
VA,GU,AEP,PF,Total,20,1909.0
VA,GU,AEP,PF,Commercial,25,881.0
VA,GU,AEP,PF,Personal,25,1124.0
VA,GU,AEP,PF,Total,25,2005.0
VA,GU,AEP,PF,Commercial,50,1234.0
VA,GU,AEP,PF,Personal,50,1502.0
VA,GU,AEP,PF,Total,50,2736.0
VA,GU,AEP,PF,Commercial,100,1508.0
VA,GU,AEP,PF,Personal,100,1862.0
VA,GU,AEP,PF,Total,100,3369.0
VA,GU,AEP,PF,Commercial,200,1818.0
VA,GU,AEP,PF,Personal,200,2146.0
VA,GU,AEP,PF,Total,200,3963.0
VA,GU,AEP,PF,Commercial,250,1769.0
VA,GU,AEP,PF,Personal,250,2462.0
VA,GU,AEP,PF,Total,250,4232.0
VA,GU,AEP,PF,Commercial,500,2242.0
VA,GU,AEP,PF,Personal,500,2702.0
VA,GU,AEP,PF,Total,500,4944.0
VA,GU,AEP,PF,Commercial,1000,2426.0
VA,GU,AEP,PF,Personal,1000,3144.0
VA,GU,AEP,PF,Total,1000,5571.0
VA,GU,OEP,IF,Commercial,5,79.0
VA,GU,OEP,IF,Personal,5,123.0
VA,GU,OEP,IF,Total,5,202.0
VA,GU,OEP,IF,Commercial,10,125.0
VA,GU,OEP,IF,Personal,10,186.0
VA,GU,OEP,IF,Total,10,312.0
VA,GU,OEP,IF,Commercial,20,167.0
VA,GU,OEP,IF,Personal,20,247.0
VA,GU,OEP,IF,Total,20,414.0
VA,GU,OEP,IF,Commercial,25,169.0
VA,GU,OEP,IF,Personal,25,285.0
VA,GU,OEP,IF,Total,25,454.0
VA,GU,OEP,IF,Commercial,50,218.0
VA,GU,OEP,IF,Personal,50,357.0
VA,GU,OEP,IF,Total,50,575.0
VA,GU,OEP,IF,Commercial,100,257.0
VA,GU,OEP,IF,Personal,100,443.0
VA,GU,OEP,IF,Total,100,700.0
VA,GU,OEP,IF,Commercial,200,322.0
VA,GU,OEP,IF,Personal,200,517.0
VA,GU,OEP,IF,Total,200,839.0
VA,GU,OEP,IF,Commercial,250,318.0
VA,GU,OEP,IF,Personal,250,513.0
VA,GU,OEP,IF,Total,250,830.0
VA,GU,OEP,IF,Commercial,500,373.0
VA,GU,OEP,IF,Personal,500,600.0
VA,GU,OEP,IF,Total,500,973.0
VA,GU,OEP,IF,Commercial,1000,418.0
VA,GU,OEP,IF,Personal,1000,646.0
VA,GU,OEP,IF,Total,1000,1064.0
VA,GU,AEP,IF,Commercial,5,88.0
VA,GU,AEP,IF,Personal,5,138.0
VA,GU,AEP,IF,Total,5,226.0
VA,GU,AEP,IF,Commercial,10,134.0
VA,GU,AEP,IF,Personal,10,207.0
VA,GU,AEP,IF,Total,10,341.0
VA,GU,AEP,IF,Commercial,20,179.0
VA,GU,AEP,IF,Personal,20,293.0
VA,GU,AEP,IF,Total,20,472.0
VA,GU,AEP,IF,Commercial,25,196.0
VA,GU,AEP,IF,Personal,25,309.0
VA,GU,AEP,IF,Total,25,506.0
VA,GU,AEP,IF,Commercial,50,249.0
VA,GU,AEP,IF,Personal,50,404.0
VA,GU,AEP,IF,Total,50,653.0
VA,GU,AEP,IF,Commercial,100,296.0
VA,GU,AEP,IF,Personal,100,479.0
VA,GU,AEP,IF,Total,100,775.0
VA,GU,AEP,IF,Commercial,200,369.0
VA,GU,AEP,IF,Personal,200,559.0
VA,GU,AEP,IF,Total,200,928.0
VA,GU,AEP,IF,Commercial,250,385.0
VA,GU,AEP,IF,Personal,250,602.0
VA,GU,AEP,IF,Total,250,986.0
VA,GU,AEP,IF,Commercial,500,405.0
VA,GU,AEP,IF,Personal,500,665.0
VA,GU,AEP,IF,Total,500,1070.0
VA,GU,AEP,IF,Commercial,1000,487.0
VA,GU,AEP,IF,Personal,1000,793.0
VA,GU,AEP,IF,Total,1000,1281.0
VA,GR,OEP,TC,Commercial,5,1368.0
VA,GR,OEP,TC,Personal,5,1554.0
VA,GR,OEP,TC,Total,5,2923.0
VA,GR,OEP,TC,Commercial,10,2635.0
VA,GR,OEP,TC,Personal,10,2972.0
VA,GR,OEP,TC,Total,10,5606.0
VA,GR,OEP,TC,Commercial,20,4311.0
VA,GR,OEP,TC,Personal,20,4961.0
VA,GR,OEP,TC,Total,20,9272.0
VA,GR,OEP,TC,Commercial,25,4892.0
VA,GR,OEP,TC,Personal,25,5850.0
VA,GR,OEP,TC,Total,25,10743.0
VA,GR,OEP,TC,Commercial,50,6885.0
VA,GR,OEP,TC,Personal,50,8105.0
VA,GR,OEP,TC,Total,50,14990.0
VA,GR,OEP,TC,Commercial,100,9350.0
VA,GR,OEP,TC,Personal,100,11118.0
VA,GR,OEP,TC,Total,100,20468.0
VA,GR,OEP,TC,Commercial,200,12168.0
VA,GR,OEP,TC,Personal,200,13194.0
VA,GR,OEP,TC,Total,200,25363.0
VA,GR,OEP,TC,Commercial,250,12711.0
VA,GR,OEP,TC,Personal,250,14480.0
VA,GR,OEP,TC,Total,250,27190.0
VA,GR,OEP,TC,Commercial,500,16202.0
VA,GR,OEP,TC,Personal,500,18711.0
VA,GR,OEP,TC,Total,500,34913.0
VA,GR,OEP,TC,Commercial,1000,18766.0
VA,GR,OEP,TC,Personal,1000,21607.0
VA,GR,OEP,TC,Total,1000,40373.0
VA,GR,AEP,TC,Commercial,5,1514.0
VA,GR,AEP,TC,Personal,5,1852.0
VA,GR,AEP,TC,Total,5,3366.0
VA,GR,AEP,TC,Commercial,10,2846.0
VA,GR,AEP,TC,Personal,10,3317.0
VA,GR,AEP,TC,Total,10,6163.0
VA,GR,AEP,TC,Commercial,20,4892.0
VA,GR,AEP,TC,Personal,20,5699.0
VA,GR,AEP,TC,Total,20,10591.0
VA,GR,AEP,TC,Commercial,25,5199.0
VA,GR,AEP,TC,Personal,25,6188.0
VA,GR,AEP,TC,Total,25,11386.0
VA,GR,AEP,TC,Commercial,50,7973.0
VA,GR,AEP,TC,Personal,50,9163.0
VA,GR,AEP,TC,Total,50,17136.0
VA,GR,AEP,TC,Commercial,100,10325.0
VA,GR,AEP,TC,Personal,100,11808.0
VA,GR,AEP,TC,Total,100,22133.0
VA,GR,AEP,TC,Commercial,200,12879.0
VA,GR,AEP,TC,Personal,200,14783.0
VA,GR,AEP,TC,Total,200,27662.0
VA,GR,AEP,TC,Commercial,250,14480.0
VA,GR,AEP,TC,Personal,250,15928.0
VA,GR,AEP,TC,Total,250,30408.0
VA,GR,AEP,TC,Commercial,500,16648.0
VA,GR,AEP,TC,Personal,500,21124.0
VA,GR,AEP,TC,Total,500,37771.0
VA,GR,AEP,TC,Commercial,1000,22138.0
VA,GR,AEP,TC,Personal,1000,25620.0
VA,GR,AEP,TC,Total,1000,47758.0
VA,GR,OEP,SU,Commercial,5,450.0
VA,GR,OEP,SU,Personal,5,674.0
VA,GR,OEP,SU,Total,5,1123.0
VA,GR,OEP,SU,Commercial,10,809.0
VA,GR,OEP,SU,Personal,10,1197.0
VA,GR,OEP,SU,Total,10,2006.0
VA,GR,OEP,SU,Commercial,20,1260.0
VA,GR,OEP,SU,Personal,20,1867.0
VA,GR,OEP,SU,Total,20,3127.0
VA,GR,OEP,SU,Commercial,25,1429.0
VA,GR,OEP,SU,Personal,25,2201.0
VA,GR,OEP,SU,Total,25,3630.0
VA,GR,OEP,SU,Commercial,50,2049.0
VA,GR,OEP,SU,Personal,50,2797.0
VA,GR,OEP,SU,Total,50,4846.0
VA,GR,OEP,SU,Commercial,100,2526.0
VA,GR,OEP,SU,Personal,100,3700.0
VA,GR,OEP,SU,Total,100,6226.0
VA,GR,OEP,SU,Commercial,200,3173.0
VA,GR,OEP,SU,Personal,200,4715.0
VA,GR,OEP,SU,Total,200,7888.0
VA,GR,OEP,SU,Commercial,250,3336.0
VA,GR,OEP,SU,Personal,250,5292.0
VA,GR,OEP,SU,Total,250,8628.0
VA,GR,OEP,SU,Commercial,500,4189.0
VA,GR,OEP,SU,Personal,500,6530.0
VA,GR,OEP,SU,Total,500,10719.0
VA,GR,OEP,SU,Commercial,1000,4756.0
VA,GR,OEP,SU,Personal,1000,7139.0
VA,GR,OEP,SU,Total,1000,11895.0
VA,GR,AEP,SU,Commercial,5,500.0
VA,GR,AEP,SU,Personal,5,724.0
VA,GR,AEP,SU,Total,5,1224.0
VA,GR,AEP,SU,Commercial,10,890.0
VA,GR,AEP,SU,Personal,10,1430.0
VA,GR,AEP,SU,Total,10,2321.0
VA,GR,AEP,SU,Commercial,20,1367.0
VA,GR,AEP,SU,Personal,20,2042.0
VA,GR,AEP,SU,Total,20,3409.0
VA,GR,AEP,SU,Commercial,25,1597.0
VA,GR,AEP,SU,Personal,25,2370.0
VA,GR,AEP,SU,Total,25,3967.0
VA,GR,AEP,SU,Commercial,50,2204.0
VA,GR,AEP,SU,Personal,50,3230.0
VA,GR,AEP,SU,Total,50,5435.0
VA,GR,AEP,SU,Commercial,100,2956.0
VA,GR,AEP,SU,Personal,100,4126.0
VA,GR,AEP,SU,Total,100,7082.0
VA,GR,AEP,SU,Commercial,200,3582.0
VA,GR,AEP,SU,Personal,200,5497.0
VA,GR,AEP,SU,Total,200,9079.0
VA,GR,AEP,SU,Commercial,250,4004.0
VA,GR,AEP,SU,Personal,250,5700.0
VA,GR,AEP,SU,Total,250,9703.0
VA,GR,AEP,SU,Commercial,500,4725.0
VA,GR,AEP,SU,Personal,500,6717.0
VA,GR,AEP,SU,Total,500,11442.0
VA,GR,AEP,SU,Commercial,1000,5404.0
VA,GR,AEP,SU,Personal,1000,7997.0
VA,GR,AEP,SU,Total,1000,13401.0
VA,GR,OEP,PF,Commercial,5,297.0
VA,GR,OEP,PF,Personal,5,364.0
VA,GR,OEP,PF,Total,5,660.0
VA,GR,OEP,PF,Commercial,10,472.0
VA,GR,OEP,PF,Personal,10,566.0
VA,GR,OEP,PF,Total,10,1039.0
VA,GR,OEP,PF,Commercial,20,674.0
VA,GR,OEP,PF,Personal,20,862.0
VA,GR,OEP,PF,Total,20,1536.0
VA,GR,OEP,PF,Commercial,25,685.0
VA,GR,OEP,PF,Personal,25,872.0
VA,GR,OEP,PF,Total,25,1556.0
VA,GR,OEP,PF,Commercial,50,879.0
VA,GR,OEP,PF,Personal,50,1221.0
VA,GR,OEP,PF,Total,50,2100.0
VA,GR,OEP,PF,Commercial,100,1107.0
VA,GR,OEP,PF,Personal,100,1465.0
VA,GR,OEP,PF,Total,100,2572.0
VA,GR,OEP,PF,Commercial,200,1355.0
VA,GR,OEP,PF,Personal,200,1801.0
VA,GR,OEP,PF,Total,200,3156.0
VA,GR,OEP,PF,Commercial,250,1438.0
VA,GR,OEP,PF,Personal,250,1846.0
VA,GR,OEP,PF,Total,250,3284.0
VA,GR,OEP,PF,Commercial,500,1761.0
VA,GR,OEP,PF,Personal,500,2077.0
VA,GR,OEP,PF,Total,500,3839.0
VA,GR,OEP,PF,Commercial,1000,1991.0
VA,GR,OEP,PF,Personal,1000,2359.0
VA,GR,OEP,PF,Total,1000,4350.0
VA,GR,AEP,PF,Commercial,5,324.0
VA,GR,AEP,PF,Personal,5,432.0
VA,GR,AEP,PF,Total,5,756.0
VA,GR,AEP,PF,Commercial,10,526.0
VA,GR,AEP,PF,Personal,10,675.0
VA,GR,AEP,PF,Total,10,1201.0
VA,GR,AEP,PF,Commercial,20,711.0
VA,GR,AEP,PF,Personal,20,926.0
VA,GR,AEP,PF,Total,20,1637.0
VA,GR,AEP,PF,Commercial,25,789.0
VA,GR,AEP,PF,Personal,25,1027.0
VA,GR,AEP,PF,Total,25,1816.0
VA,GR,AEP,PF,Commercial,50,1027.0
VA,GR,AEP,PF,Personal,50,1298.0
VA,GR,AEP,PF,Total,50,2325.0
VA,GR,AEP,PF,Commercial,100,1249.0
VA,GR,AEP,PF,Personal,100,1592.0
VA,GR,AEP,PF,Total,100,2841.0
VA,GR,AEP,PF,Commercial,200,1508.0
VA,GR,AEP,PF,Personal,200,1891.0
VA,GR,AEP,PF,Total,200,3399.0
VA,GR,AEP,PF,Commercial,250,1673.0
VA,GR,AEP,PF,Personal,250,2088.0
VA,GR,AEP,PF,Total,250,3761.0
VA,GR,AEP,PF,Commercial,500,1812.0
VA,GR,AEP,PF,Personal,500,2458.0
VA,GR,AEP,PF,Total,500,4270.0
VA,GR,AEP,PF,Commercial,1000,2233.0
VA,GR,AEP,PF,Personal,1000,2694.0
VA,GR,AEP,PF,Total,1000,4927.0
VA,GR,OEP,IF,Commercial,5,72.0
VA,GR,OEP,IF,Personal,5,113.0
VA,GR,OEP,IF,Total,5,185.0
VA,GR,OEP,IF,Commercial,10,108.0
VA,GR,OEP,IF,Personal,10,184.0
VA,GR,OEP,IF,Total,10,291.0
VA,GR,OEP,IF,Commercial,20,160.0
VA,GR,OEP,IF,Personal,20,231.0
VA,GR,OEP,IF,Total,20,391.0
VA,GR,OEP,IF,Commercial,25,170.0
VA,GR,OEP,IF,Personal,25,252.0
VA,GR,OEP,IF,Total,25,422.0
VA,GR,OEP,IF,Commercial,50,209.0
VA,GR,OEP,IF,Personal,50,338.0
VA,GR,OEP,IF,Total,50,547.0
VA,GR,OEP,IF,Commercial,100,247.0
VA,GR,OEP,IF,Personal,100,378.0
VA,GR,OEP,IF,Total,100,624.0
VA,GR,OEP,IF,Commercial,200,297.0
VA,GR,OEP,IF,Personal,200,490.0
VA,GR,OEP,IF,Total,200,786.0
VA,GR,OEP,IF,Commercial,250,301.0
VA,GR,OEP,IF,Personal,250,474.0
VA,GR,OEP,IF,Total,250,775.0
VA,GR,OEP,IF,Commercial,500,340.0
VA,GR,OEP,IF,Personal,500,564.0
VA,GR,OEP,IF,Total,500,903.0
VA,GR,OEP,IF,Commercial,1000,402.0
VA,GR,OEP,IF,Personal,1000,652.0
VA,GR,OEP,IF,Total,1000,1054.0
VA,GR,AEP,IF,Commercial,5,86.0
VA,GR,AEP,IF,Personal,5,138.0
VA,GR,AEP,IF,Total,5,224.0
VA,GR,AEP,IF,Commercial,10,130.0
VA,GR,AEP,IF,Personal,10,195.0
VA,GR,AEP,IF,Total,10,325.0
VA,GR,AEP,IF,Commercial,20,172.0
VA,GR,AEP,IF,Personal,20,266.0
VA,GR,AEP,IF,Total,20,438.0
VA,GR,AEP,IF,Commercial,25,182.0
VA,GR,AEP,IF,Personal,25,307.0
VA,GR,AEP,IF,Total,25,490.0
VA,GR,AEP,IF,Commercial,50,236.0
VA,GR,AEP,IF,Personal,50,386.0
VA,GR,AEP,IF,Total,50,623.0
VA,GR,AEP,IF,Commercial,100,278.0
VA,GR,AEP,IF,Personal,100,447.0
VA,GR,AEP,IF,Total,100,724.0
VA,GR,AEP,IF,Commercial,200,329.0
VA,GR,AEP,IF,Personal,200,502.0
VA,GR,AEP,IF,Total,200,831.0
VA,GR,AEP,IF,Commercial,250,336.0
VA,GR,AEP,IF,Personal,250,550.0
VA,GR,AEP,IF,Total,250,886.0
VA,GR,AEP,IF,Commercial,500,378.0
VA,GR,AEP,IF,Personal,500,655.0
VA,GR,AEP,IF,Total,500,1033.0
VA,GR,AEP,IF,Commercial,1000,430.0
VA,GR,AEP,IF,Personal,1000,688.0
VA,GR,AEP,IF,Total,1000,1117.0
NY,GU,OEP,TC,Commercial,5,3071.0
NY,GU,OEP,TC,Personal,5,4397.0
NY,GU,OEP,TC,Total,5,7467.0
NY,GU,OEP,TC,Commercial,10,5928.0
NY,GU,OEP,TC,Personal,10,8926.0
NY,GU,OEP,TC,Total,10,14854.0
NY,GU,OEP,TC,Commercial,20,8758.0
NY,GU,OEP,TC,Personal,20,14287.0
NY,GU,OEP,TC,Total,20,23045.0
NY,GU,OEP,TC,Commercial,25,10554.0
NY,GU,OEP,TC,Personal,25,16363.0
NY,GU,OEP,TC,Total,25,26917.0
NY,GU,OEP,TC,Commercial,50,15283.0
NY,GU,OEP,TC,Personal,50,23156.0
NY,GU,OEP,TC,Total,50,38439.0
NY,GU,OEP,TC,Commercial,100,20018.0
NY,GU,OEP,TC,Personal,100,29856.0
NY,GU,OEP,TC,Total,100,49874.0
NY,GU,OEP,TC,Commercial,200,26049.0
NY,GU,OEP,TC,Personal,200,40909.0
NY,GU,OEP,TC,Total,200,66958.0
NY,GU,OEP,TC,Commercial,250,27755.0
NY,GU,OEP,TC,Personal,250,42830.0
NY,GU,OEP,TC,Total,250,70585.0
NY,GU,OEP,TC,Commercial,500,33827.0
NY,GU,OEP,TC,Personal,500,53468.0
NY,GU,OEP,TC,Total,500,87295.0
NY,GU,OEP,TC,Commercial,1000,43227.0
NY,GU,OEP,TC,Personal,1000,60921.0
NY,GU,OEP,TC,Total,1000,104149.0
NY,GU,AEP,TC,Commercial,5,3251.0
NY,GU,AEP,TC,Personal,5,5151.0
NY,GU,AEP,TC,Total,5,8402.0
NY,GU,AEP,TC,Commercial,10,6372.0
NY,GU,AEP,TC,Personal,10,9846.0
NY,GU,AEP,TC,Total,10,16218.0
NY,GU,AEP,TC,Commercial,20,9789.0
NY,GU,AEP,TC,Personal,20,15549.0
NY,GU,AEP,TC,Total,20,25339.0
NY,GU,AEP,TC,Commercial,25,11763.0
NY,GU,AEP,TC,Personal,25,18019.0
NY,GU,AEP,TC,Total,25,29783.0
NY,GU,AEP,TC,Commercial,50,16834.0
NY,GU,AEP,TC,Personal,50,25940.0
NY,GU,AEP,TC,Total,50,42774.0
NY,GU,AEP,TC,Commercial,100,22544.0
NY,GU,AEP,TC,Personal,100,35031.0
NY,GU,AEP,TC,Total,100,57575.0
NY,GU,AEP,TC,Commercial,200,28967.0
NY,GU,AEP,TC,Personal,200,43981.0
NY,GU,AEP,TC,Total,200,72948.0
NY,GU,AEP,TC,Commercial,250,31143.0
NY,GU,AEP,TC,Personal,250,45312.0
NY,GU,AEP,TC,Total,250,76455.0
NY,GU,AEP,TC,Commercial,500,37261.0
NY,GU,AEP,TC,Personal,500,58549.0
NY,GU,AEP,TC,Total,500,95810.0
NY,GU,AEP,TC,Commercial,1000,47840.0
NY,GU,AEP,TC,Personal,1000,71895.0
NY,GU,AEP,TC,Total,1000,119735.0
NY,GU,OEP,SU,Commercial,5,1525.0
NY,GU,OEP,SU,Personal,5,2480.0
NY,GU,OEP,SU,Total,5,4004.0
NY,GU,OEP,SU,Commercial,10,2791.0
NY,GU,OEP,SU,Personal,10,4540.0
NY,GU,OEP,SU,Total,10,7331.0
NY,GU,OEP,SU,Commercial,20,4577.0
NY,GU,OEP,SU,Personal,20,6913.0
NY,GU,OEP,SU,Total,20,11490.0
NY,GU,OEP,SU,Commercial,25,5035.0
NY,GU,OEP,SU,Personal,25,7586.0
NY,GU,OEP,SU,Total,25,12621.0
NY,GU,OEP,SU,Commercial,50,6846.0
NY,GU,OEP,SU,Personal,50,11025.0
NY,GU,OEP,SU,Total,50,17871.0
NY,GU,OEP,SU,Commercial,100,9210.0
NY,GU,OEP,SU,Personal,100,13951.0
NY,GU,OEP,SU,Total,100,23161.0
NY,GU,OEP,SU,Commercial,200,11205.0
NY,GU,OEP,SU,Personal,200,16759.0
NY,GU,OEP,SU,Total,200,27963.0
NY,GU,OEP,SU,Commercial,250,11720.0
NY,GU,OEP,SU,Personal,250,18207.0
NY,GU,OEP,SU,Total,250,29927.0
NY,GU,OEP,SU,Commercial,500,14586.0
NY,GU,OEP,SU,Personal,500,23845.0
NY,GU,OEP,SU,Total,500,38431.0
NY,GU,OEP,SU,Commercial,1000,17598.0
NY,GU,OEP,SU,Personal,1000,26462.0
NY,GU,OEP,SU,Total,1000,44060.0
NY,GU,AEP,SU,Commercial,5,1710.0
NY,GU,AEP,SU,Personal,5,2707.0
NY,GU,AEP,SU,Total,5,4418.0
NY,GU,AEP,SU,Commercial,10,3317.0
NY,GU,AEP,SU,Personal,10,4911.0
NY,GU,AEP,SU,Total,10,8228.0
NY,GU,AEP,SU,Commercial,20,5099.0
NY,GU,AEP,SU,Personal,20,7903.0
NY,GU,AEP,SU,Total,20,13002.0
NY,GU,AEP,SU,Commercial,25,5371.0
NY,GU,AEP,SU,Personal,25,8730.0
NY,GU,AEP,SU,Total,25,14101.0
NY,GU,AEP,SU,Commercial,50,8063.0
NY,GU,AEP,SU,Personal,50,11798.0
NY,GU,AEP,SU,Total,50,19861.0
NY,GU,AEP,SU,Commercial,100,9637.0
NY,GU,AEP,SU,Personal,100,16254.0
NY,GU,AEP,SU,Total,100,25892.0
NY,GU,AEP,SU,Commercial,200,13205.0
NY,GU,AEP,SU,Personal,200,19697.0
NY,GU,AEP,SU,Total,200,32902.0
NY,GU,AEP,SU,Commercial,250,13684.0
NY,GU,AEP,SU,Personal,250,20431.0
NY,GU,AEP,SU,Total,250,34115.0
NY,GU,AEP,SU,Commercial,500,17074.0
NY,GU,AEP,SU,Personal,500,25567.0
NY,GU,AEP,SU,Total,500,42641.0
NY,GU,AEP,SU,Commercial,1000,18781.0
NY,GU,AEP,SU,Personal,1000,31002.0
NY,GU,AEP,SU,Total,1000,49783.0
NY,GU,OEP,PF,Commercial,5,710.0
NY,GU,OEP,PF,Personal,5,900.0
NY,GU,OEP,PF,Total,5,1610.0
NY,GU,OEP,PF,Commercial,10,1058.0
NY,GU,OEP,PF,Personal,10,1325.0
NY,GU,OEP,PF,Total,10,2384.0
NY,GU,OEP,PF,Commercial,20,1591.0
NY,GU,OEP,PF,Personal,20,2039.0
NY,GU,OEP,PF,Total,20,3630.0
NY,GU,OEP,PF,Commercial,25,1679.0
NY,GU,OEP,PF,Personal,25,2175.0
NY,GU,OEP,PF,Total,25,3854.0
NY,GU,OEP,PF,Commercial,50,2148.0
NY,GU,OEP,PF,Personal,50,2741.0
NY,GU,OEP,PF,Total,50,4889.0
NY,GU,OEP,PF,Commercial,100,2564.0
NY,GU,OEP,PF,Personal,100,3278.0
NY,GU,OEP,PF,Total,100,5843.0
NY,GU,OEP,PF,Commercial,200,3113.0
NY,GU,OEP,PF,Personal,200,4237.0
NY,GU,OEP,PF,Total,200,7350.0
NY,GU,OEP,PF,Commercial,250,3255.0
NY,GU,OEP,PF,Personal,250,4207.0
NY,GU,OEP,PF,Total,250,7462.0
NY,GU,OEP,PF,Commercial,500,3955.0
NY,GU,OEP,PF,Personal,500,4900.0
NY,GU,OEP,PF,Total,500,8855.0
NY,GU,OEP,PF,Commercial,1000,4364.0
NY,GU,OEP,PF,Personal,1000,5824.0
NY,GU,OEP,PF,Total,1000,10187.0
NY,GU,AEP,PF,Commercial,5,751.0
NY,GU,AEP,PF,Personal,5,988.0
NY,GU,AEP,PF,Total,5,1739.0
NY,GU,AEP,PF,Commercial,10,1262.0
NY,GU,AEP,PF,Personal,10,1500.0
NY,GU,AEP,PF,Total,10,2762.0
NY,GU,AEP,PF,Commercial,20,1778.0
NY,GU,AEP,PF,Personal,20,2276.0
NY,GU,AEP,PF,Total,20,4053.0
NY,GU,AEP,PF,Commercial,25,1936.0
NY,GU,AEP,PF,Personal,25,2433.0
NY,GU,AEP,PF,Total,25,4369.0
NY,GU,AEP,PF,Commercial,50,2444.0
NY,GU,AEP,PF,Personal,50,3138.0
NY,GU,AEP,PF,Total,50,5582.0
NY,GU,AEP,PF,Commercial,100,3042.0
NY,GU,AEP,PF,Personal,100,3641.0
NY,GU,AEP,PF,Total,100,6684.0
NY,GU,AEP,PF,Commercial,200,3747.0
NY,GU,AEP,PF,Personal,200,4630.0
NY,GU,AEP,PF,Total,200,8377.0
NY,GU,AEP,PF,Commercial,250,3886.0
NY,GU,AEP,PF,Personal,250,4785.0
NY,GU,AEP,PF,Total,250,8671.0
NY,GU,AEP,PF,Commercial,500,4193.0
NY,GU,AEP,PF,Personal,500,5655.0
NY,GU,AEP,PF,Total,500,9848.0
NY,GU,AEP,PF,Commercial,1000,5061.0
NY,GU,AEP,PF,Personal,1000,6441.0
NY,GU,AEP,PF,Total,1000,11502.0
NY,GU,OEP,IF,Commercial,5,251.0
NY,GU,OEP,IF,Personal,5,334.0
NY,GU,OEP,IF,Total,5,585.0
NY,GU,OEP,IF,Commercial,10,387.0
NY,GU,OEP,IF,Personal,10,511.0
NY,GU,OEP,IF,Total,10,897.0
NY,GU,OEP,IF,Commercial,20,547.0
NY,GU,OEP,IF,Personal,20,677.0
NY,GU,OEP,IF,Total,20,1224.0
NY,GU,OEP,IF,Commercial,25,557.0
NY,GU,OEP,IF,Personal,25,744.0
NY,GU,OEP,IF,Total,25,1301.0
NY,GU,OEP,IF,Commercial,50,713.0
NY,GU,OEP,IF,Personal,50,951.0
NY,GU,OEP,IF,Total,50,1664.0
NY,GU,OEP,IF,Commercial,100,868.0
NY,GU,OEP,IF,Personal,100,1199.0
NY,GU,OEP,IF,Total,100,2068.0
NY,GU,OEP,IF,Commercial,200,984.0
NY,GU,OEP,IF,Personal,200,1374.0
NY,GU,OEP,IF,Total,200,2359.0
NY,GU,OEP,IF,Commercial,250,1005.0
NY,GU,OEP,IF,Personal,250,1380.0
NY,GU,OEP,IF,Total,250,2385.0
NY,GU,OEP,IF,Commercial,500,1204.0
NY,GU,OEP,IF,Personal,500,1544.0
NY,GU,OEP,IF,Total,500,2748.0
NY,GU,OEP,IF,Commercial,1000,1381.0
NY,GU,OEP,IF,Personal,1000,1862.0
NY,GU,OEP,IF,Total,1000,3243.0
NY,GU,AEP,IF,Commercial,5,293.0
NY,GU,AEP,IF,Personal,5,384.0
NY,GU,AEP,IF,Total,5,678.0
NY,GU,AEP,IF,Commercial,10,437.0
NY,GU,AEP,IF,Personal,10,573.0
NY,GU,AEP,IF,Total,10,1010.0
NY,GU,AEP,IF,Commercial,20,558.0
NY,GU,AEP,IF,Personal,20,752.0
NY,GU,AEP,IF,Total,20,1310.0
NY,GU,AEP,IF,Commercial,25,645.0
NY,GU,AEP,IF,Personal,25,893.0
NY,GU,AEP,IF,Total,25,1538.0
NY,GU,AEP,IF,Commercial,50,756.0
NY,GU,AEP,IF,Personal,50,1071.0
NY,GU,AEP,IF,Total,50,1828.0
NY,GU,AEP,IF,Commercial,100,983.0
NY,GU,AEP,IF,Personal,100,1327.0
NY,GU,AEP,IF,Total,100,2310.0
NY,GU,AEP,IF,Commercial,200,1132.0
NY,GU,AEP,IF,Personal,200,1528.0
NY,GU,AEP,IF,Total,200,2660.0
NY,GU,AEP,IF,Commercial,250,1205.0
NY,GU,AEP,IF,Personal,250,1640.0
NY,GU,AEP,IF,Total,250,2845.0
NY,GU,AEP,IF,Commercial,500,1302.0
NY,GU,AEP,IF,Personal,500,1891.0
NY,GU,AEP,IF,Total,500,3194.0
NY,GU,AEP,IF,Commercial,1000,1456.0
NY,GU,AEP,IF,Personal,1000,2117.0
NY,GU,AEP,IF,Total,1000,3574.0
NY,GR,OEP,TC,Commercial,5,2190.0
NY,GR,OEP,TC,Personal,5,3396.0
NY,GR,OEP,TC,Total,5,5586.0
NY,GR,OEP,TC,Commercial,10,4141.0
NY,GR,OEP,TC,Personal,10,6638.0
NY,GR,OEP,TC,Total,10,10779.0
NY,GR,OEP,TC,Commercial,20,6881.0
NY,GR,OEP,TC,Personal,20,10361.0
NY,GR,OEP,TC,Total,20,17242.0
NY,GR,OEP,TC,Commercial,25,7924.0
NY,GR,OEP,TC,Personal,25,12079.0
NY,GR,OEP,TC,Total,25,20004.0
NY,GR,OEP,TC,Commercial,50,11615.0
NY,GR,OEP,TC,Personal,50,18010.0
NY,GR,OEP,TC,Total,50,29625.0
NY,GR,OEP,TC,Commercial,100,15404.0
NY,GR,OEP,TC,Personal,100,22370.0
NY,GR,OEP,TC,Total,100,37774.0
NY,GR,OEP,TC,Commercial,200,19129.0
NY,GR,OEP,TC,Personal,200,31151.0
NY,GR,OEP,TC,Total,200,50280.0
NY,GR,OEP,TC,Commercial,250,20169.0
NY,GR,OEP,TC,Personal,250,31921.0
NY,GR,OEP,TC,Total,250,52089.0
NY,GR,OEP,TC,Commercial,500,27175.0
NY,GR,OEP,TC,Personal,500,41661.0
NY,GR,OEP,TC,Total,500,68836.0
NY,GR,OEP,TC,Commercial,1000,31200.0
NY,GR,OEP,TC,Personal,1000,49029.0
NY,GR,OEP,TC,Total,1000,80229.0
NY,GR,AEP,TC,Commercial,5,2550.0
NY,GR,AEP,TC,Personal,5,4023.0
NY,GR,AEP,TC,Total,5,6573.0
NY,GR,AEP,TC,Commercial,10,4651.0
NY,GR,AEP,TC,Personal,10,7210.0
NY,GR,AEP,TC,Total,10,11861.0
NY,GR,AEP,TC,Commercial,20,7926.0
NY,GR,AEP,TC,Personal,20,11684.0
NY,GR,AEP,TC,Total,20,19610.0
NY,GR,AEP,TC,Commercial,25,9067.0
NY,GR,AEP,TC,Personal,25,13459.0
NY,GR,AEP,TC,Total,25,22526.0
NY,GR,AEP,TC,Commercial,50,13159.0
NY,GR,AEP,TC,Personal,50,20028.0
NY,GR,AEP,TC,Total,50,33187.0
NY,GR,AEP,TC,Commercial,100,16981.0
NY,GR,AEP,TC,Personal,100,26742.0
NY,GR,AEP,TC,Total,100,43723.0
NY,GR,AEP,TC,Commercial,200,21371.0
NY,GR,AEP,TC,Personal,200,33486.0
NY,GR,AEP,TC,Total,200,54857.0
NY,GR,AEP,TC,Commercial,250,22845.0
NY,GR,AEP,TC,Personal,250,37390.0
NY,GR,AEP,TC,Total,250,60235.0
NY,GR,AEP,TC,Commercial,500,30088.0
NY,GR,AEP,TC,Personal,500,46444.0
NY,GR,AEP,TC,Total,500,76531.0
NY,GR,AEP,TC,Commercial,1000,36588.0
NY,GR,AEP,TC,Personal,1000,56491.0
NY,GR,AEP,TC,Total,1000,93079.0
NY,GR,OEP,SU,Commercial,5,1314.0
NY,GR,OEP,SU,Personal,5,2176.0
NY,GR,OEP,SU,Total,5,3490.0
NY,GR,OEP,SU,Commercial,10,2456.0
NY,GR,OEP,SU,Personal,10,3738.0
NY,GR,OEP,SU,Total,10,6194.0
NY,GR,OEP,SU,Commercial,20,3787.0
NY,GR,OEP,SU,Personal,20,5724.0
NY,GR,OEP,SU,Total,20,9511.0
NY,GR,OEP,SU,Commercial,25,4148.0
NY,GR,OEP,SU,Personal,25,6378.0
NY,GR,OEP,SU,Total,25,10526.0
NY,GR,OEP,SU,Commercial,50,5602.0
NY,GR,OEP,SU,Personal,50,9030.0
NY,GR,OEP,SU,Total,50,14632.0
NY,GR,OEP,SU,Commercial,100,7949.0
NY,GR,OEP,SU,Personal,100,11977.0
NY,GR,OEP,SU,Total,100,19925.0
NY,GR,OEP,SU,Commercial,200,9664.0
NY,GR,OEP,SU,Personal,200,14794.0
NY,GR,OEP,SU,Total,200,24457.0
NY,GR,OEP,SU,Commercial,250,10286.0
NY,GR,OEP,SU,Personal,250,15486.0
NY,GR,OEP,SU,Total,250,25772.0
NY,GR,OEP,SU,Commercial,500,12952.0
NY,GR,OEP,SU,Personal,500,18802.0
NY,GR,OEP,SU,Total,500,31754.0
NY,GR,OEP,SU,Commercial,1000,15262.0
NY,GR,OEP,SU,Personal,1000,23682.0
NY,GR,OEP,SU,Total,1000,38944.0
NY,GR,AEP,SU,Commercial,5,1524.0
NY,GR,AEP,SU,Personal,5,2421.0
NY,GR,AEP,SU,Total,5,3945.0
NY,GR,AEP,SU,Commercial,10,2674.0
NY,GR,AEP,SU,Personal,10,4380.0
NY,GR,AEP,SU,Total,10,7054.0
NY,GR,AEP,SU,Commercial,20,4312.0
NY,GR,AEP,SU,Personal,20,6708.0
NY,GR,AEP,SU,Total,20,11020.0
NY,GR,AEP,SU,Commercial,25,4824.0
NY,GR,AEP,SU,Personal,25,7587.0
NY,GR,AEP,SU,Total,25,12411.0
NY,GR,AEP,SU,Commercial,50,6871.0
NY,GR,AEP,SU,Personal,50,10036.0
NY,GR,AEP,SU,Total,50,16907.0
NY,GR,AEP,SU,Commercial,100,8839.0
NY,GR,AEP,SU,Personal,100,13565.0
NY,GR,AEP,SU,Total,100,22404.0
NY,GR,AEP,SU,Commercial,200,10750.0
NY,GR,AEP,SU,Personal,200,17401.0
NY,GR,AEP,SU,Total,200,28150.0
NY,GR,AEP,SU,Commercial,250,11439.0
NY,GR,AEP,SU,Personal,250,17981.0
NY,GR,AEP,SU,Total,250,29420.0
NY,GR,AEP,SU,Commercial,500,13499.0
NY,GR,AEP,SU,Personal,500,21117.0
NY,GR,AEP,SU,Total,500,34616.0
NY,GR,AEP,SU,Commercial,1000,17301.0
NY,GR,AEP,SU,Personal,1000,25584.0
NY,GR,AEP,SU,Total,1000,42886.0
NY,GR,OEP,PF,Commercial,5,588.0
NY,GR,OEP,PF,Personal,5,742.0
NY,GR,OEP,PF,Total,5,1330.0
NY,GR,OEP,PF,Commercial,10,945.0
NY,GR,OEP,PF,Personal,10,1250.0
NY,GR,OEP,PF,Total,10,2195.0
NY,GR,OEP,PF,Commercial,20,1385.0
NY,GR,OEP,PF,Personal,20,1634.0
NY,GR,OEP,PF,Total,20,3019.0
NY,GR,OEP,PF,Commercial,25,1473.0
NY,GR,OEP,PF,Personal,25,1868.0
NY,GR,OEP,PF,Total,25,3342.0
NY,GR,OEP,PF,Commercial,50,1906.0
NY,GR,OEP,PF,Personal,50,2403.0
NY,GR,OEP,PF,Total,50,4309.0
NY,GR,OEP,PF,Commercial,100,2306.0
NY,GR,OEP,PF,Personal,100,2978.0
NY,GR,OEP,PF,Total,100,5284.0
NY,GR,OEP,PF,Commercial,200,2818.0
NY,GR,OEP,PF,Personal,200,3584.0
NY,GR,OEP,PF,Total,200,6402.0
NY,GR,OEP,PF,Commercial,250,2941.0
NY,GR,OEP,PF,Personal,250,3901.0
NY,GR,OEP,PF,Total,250,6842.0
NY,GR,OEP,PF,Commercial,500,3524.0
NY,GR,OEP,PF,Personal,500,4339.0
NY,GR,OEP,PF,Total,500,7863.0
NY,GR,OEP,PF,Commercial,1000,4065.0
NY,GR,OEP,PF,Personal,1000,5238.0
NY,GR,OEP,PF,Total,1000,9302.0
NY,GR,AEP,PF,Commercial,5,642.0
NY,GR,AEP,PF,Personal,5,860.0
NY,GR,AEP,PF,Total,5,1502.0
NY,GR,AEP,PF,Commercial,10,1037.0
NY,GR,AEP,PF,Personal,10,1391.0
NY,GR,AEP,PF,Total,10,2428.0
NY,GR,AEP,PF,Commercial,20,1453.0
NY,GR,AEP,PF,Personal,20,1945.0
NY,GR,AEP,PF,Total,20,3398.0
NY,GR,AEP,PF,Commercial,25,1598.0
NY,GR,AEP,PF,Personal,25,2102.0
NY,GR,AEP,PF,Total,25,3700.0
NY,GR,AEP,PF,Commercial,50,2205.0
NY,GR,AEP,PF,Personal,50,2673.0
NY,GR,AEP,PF,Total,50,4879.0
NY,GR,AEP,PF,Commercial,100,2707.0
NY,GR,AEP,PF,Personal,100,3507.0
NY,GR,AEP,PF,Total,100,6215.0
NY,GR,AEP,PF,Commercial,200,3248.0
NY,GR,AEP,PF,Personal,200,3879.0
NY,GR,AEP,PF,Total,200,7127.0
NY,GR,AEP,PF,Commercial,250,3409.0
NY,GR,AEP,PF,Personal,250,4036.0
NY,GR,AEP,PF,Total,250,7445.0
NY,GR,AEP,PF,Commercial,500,3811.0
NY,GR,AEP,PF,Personal,500,5121.0
NY,GR,AEP,PF,Total,500,8932.0
NY,GR,AEP,PF,Commercial,1000,4503.0
NY,GR,AEP,PF,Personal,1000,5684.0
NY,GR,AEP,PF,Total,1000,10188.0
NY,GR,OEP,IF,Commercial,5,231.0
NY,GR,OEP,IF,Personal,5,323.0
NY,GR,OEP,IF,Total,5,554.0
NY,GR,OEP,IF,Commercial,10,360.0
NY,GR,OEP,IF,Personal,10,472.0
NY,GR,OEP,IF,Total,10,832.0
NY,GR,OEP,IF,Commercial,20,496.0
NY,GR,OEP,IF,Personal,20,623.0
NY,GR,OEP,IF,Total,20,1119.0
NY,GR,OEP,IF,Commercial,25,501.0
NY,GR,OEP,IF,Personal,25,706.0
NY,GR,OEP,IF,Total,25,1207.0
NY,GR,OEP,IF,Commercial,50,679.0
NY,GR,OEP,IF,Personal,50,849.0
NY,GR,OEP,IF,Total,50,1528.0
NY,GR,OEP,IF,Commercial,100,763.0
NY,GR,OEP,IF,Personal,100,1012.0
NY,GR,OEP,IF,Total,100,1775.0
NY,GR,OEP,IF,Commercial,200,953.0
NY,GR,OEP,IF,Personal,200,1200.0
NY,GR,OEP,IF,Total,200,2153.0
NY,GR,OEP,IF,Commercial,250,965.0
NY,GR,OEP,IF,Personal,250,1358.0
NY,GR,OEP,IF,Total,250,2322.0
NY,GR,OEP,IF,Commercial,500,1051.0
NY,GR,OEP,IF,Personal,500,1491.0
NY,GR,OEP,IF,Total,500,2542.0
NY,GR,OEP,IF,Commercial,1000,1249.0
NY,GR,OEP,IF,Personal,1000,1726.0
NY,GR,OEP,IF,Total,1000,2975.0
NY,GR,AEP,IF,Commercial,5,258.0
NY,GR,AEP,IF,Personal,5,348.0
NY,GR,AEP,IF,Total,5,606.0
NY,GR,AEP,IF,Commercial,10,382.0
NY,GR,AEP,IF,Personal,10,543.0
NY,GR,AEP,IF,Total,10,925.0
NY,GR,AEP,IF,Commercial,20,550.0
NY,GR,AEP,IF,Personal,20,691.0
NY,GR,AEP,IF,Total,20,1241.0
NY,GR,AEP,IF,Commercial,25,574.0
NY,GR,AEP,IF,Personal,25,810.0
NY,GR,AEP,IF,Total,25,1384.0
NY,GR,AEP,IF,Commercial,50,690.0
NY,GR,AEP,IF,Personal,50,956.0
NY,GR,AEP,IF,Total,50,1646.0
NY,GR,AEP,IF,Commercial,100,881.0
NY,GR,AEP,IF,Personal,100,1157.0
NY,GR,AEP,IF,Total,100,2038.0
NY,GR,AEP,IF,Commercial,200,1006.0
NY,GR,AEP,IF,Personal,200,1377.0
NY,GR,AEP,IF,Total,200,2383.0
NY,GR,AEP,IF,Commercial,250,1046.0
NY,GR,AEP,IF,Personal,250,1454.0
NY,GR,AEP,IF,Total,250,2499.0
NY,GR,AEP,IF,Commercial,500,1263.0
NY,GR,AEP,IF,Personal,500,1673.0
NY,GR,AEP,IF,Total,500,2936.0
NY,GR,AEP,IF,Commercial,1000,1340.0
NY,GR,AEP,IF,Personal,1000,1940.0
NY,GR,AEP,IF,Total,1000,3280.0
NJ,GU,OEP,TC,Commercial,5,1166.0
NJ,GU,OEP,TC,Personal,5,1758.0
NJ,GU,OEP,TC,Total,5,2925.0
NJ,GU,OEP,TC,Commercial,10,2265.0
NJ,GU,OEP,TC,Personal,10,3356.0
NJ,GU,OEP,TC,Total,10,5621.0
NJ,GU,OEP,TC,Commercial,20,3581.0
NJ,GU,OEP,TC,Personal,20,5077.0
NJ,GU,OEP,TC,Total,20,8657.0
NJ,GU,OEP,TC,Commercial,25,4197.0
NJ,GU,OEP,TC,Personal,25,5686.0
NJ,GU,OEP,TC,Total,25,9883.0
NJ,GU,OEP,TC,Commercial,50,5800.0
NJ,GU,OEP,TC,Personal,50,8663.0
NJ,GU,OEP,TC,Total,50,14463.0
NJ,GU,OEP,TC,Commercial,100,8269.0
NJ,GU,OEP,TC,Personal,100,10888.0
NJ,GU,OEP,TC,Total,100,19157.0
NJ,GU,OEP,TC,Commercial,200,10689.0
NJ,GU,OEP,TC,Personal,200,15062.0
NJ,GU,OEP,TC,Total,200,25751.0
NJ,GU,OEP,TC,Commercial,250,11499.0
NJ,GU,OEP,TC,Personal,250,16067.0
NJ,GU,OEP,TC,Total,250,27566.0
NJ,GU,OEP,TC,Commercial,500,13959.0
NJ,GU,OEP,TC,Personal,500,19540.0
NJ,GU,OEP,TC,Total,500,33500.0
NJ,GU,OEP,TC,Commercial,1000,16850.0
NJ,GU,OEP,TC,Personal,1000,24566.0
NJ,GU,OEP,TC,Total,1000,41416.0
NJ,GU,AEP,TC,Commercial,5,1296.0
NJ,GU,AEP,TC,Personal,5,1883.0
NJ,GU,AEP,TC,Total,5,3179.0
NJ,GU,AEP,TC,Commercial,10,2463.0
NJ,GU,AEP,TC,Personal,10,3818.0
NJ,GU,AEP,TC,Total,10,6281.0
NJ,GU,AEP,TC,Commercial,20,4109.0
NJ,GU,AEP,TC,Personal,20,5973.0
NJ,GU,AEP,TC,Total,20,10082.0
NJ,GU,AEP,TC,Commercial,25,4863.0
NJ,GU,AEP,TC,Personal,25,7008.0
NJ,GU,AEP,TC,Total,25,11871.0
NJ,GU,AEP,TC,Commercial,50,6454.0
NJ,GU,AEP,TC,Personal,50,9774.0
NJ,GU,AEP,TC,Total,50,16227.0
NJ,GU,AEP,TC,Commercial,100,9306.0
NJ,GU,AEP,TC,Personal,100,12154.0
NJ,GU,AEP,TC,Total,100,21460.0
NJ,GU,AEP,TC,Commercial,200,11824.0
NJ,GU,AEP,TC,Personal,200,16144.0
NJ,GU,AEP,TC,Total,200,27968.0
NJ,GU,AEP,TC,Commercial,250,12605.0
NJ,GU,AEP,TC,Personal,250,17670.0
NJ,GU,AEP,TC,Total,250,30274.0
NJ,GU,AEP,TC,Commercial,500,14997.0
NJ,GU,AEP,TC,Personal,500,21034.0
NJ,GU,AEP,TC,Total,500,36032.0
NJ,GU,AEP,TC,Commercial,1000,17876.0
NJ,GU,AEP,TC,Personal,1000,25360.0
NJ,GU,AEP,TC,Total,1000,43236.0
NJ,GU,OEP,SU,Commercial,5,905.0
NJ,GU,OEP,SU,Personal,5,1288.0
NJ,GU,OEP,SU,Total,5,2193.0
NJ,GU,OEP,SU,Commercial,10,1566.0
NJ,GU,OEP,SU,Personal,10,2406.0
NJ,GU,OEP,SU,Total,10,3972.0
NJ,GU,OEP,SU,Commercial,20,2535.0
NJ,GU,OEP,SU,Personal,20,3659.0
NJ,GU,OEP,SU,Total,20,6193.0
NJ,GU,OEP,SU,Commercial,25,2923.0
NJ,GU,OEP,SU,Personal,25,4056.0
NJ,GU,OEP,SU,Total,25,6979.0
NJ,GU,OEP,SU,Commercial,50,3994.0
NJ,GU,OEP,SU,Personal,50,5420.0
NJ,GU,OEP,SU,Total,50,9415.0
NJ,GU,OEP,SU,Commercial,100,5180.0
NJ,GU,OEP,SU,Personal,100,7771.0
NJ,GU,OEP,SU,Total,100,12951.0
NJ,GU,OEP,SU,Commercial,200,6596.0
NJ,GU,OEP,SU,Personal,200,9412.0
NJ,GU,OEP,SU,Total,200,16008.0
NJ,GU,OEP,SU,Commercial,250,6910.0
NJ,GU,OEP,SU,Personal,250,9849.0
NJ,GU,OEP,SU,Total,250,16759.0
NJ,GU,OEP,SU,Commercial,500,8443.0
NJ,GU,OEP,SU,Personal,500,12478.0
NJ,GU,OEP,SU,Total,500,20921.0
NJ,GU,OEP,SU,Commercial,1000,10367.0
NJ,GU,OEP,SU,Personal,1000,14454.0
NJ,GU,OEP,SU,Total,1000,24821.0
NJ,GU,AEP,SU,Commercial,5,956.0
NJ,GU,AEP,SU,Personal,5,1478.0
NJ,GU,AEP,SU,Total,5,2434.0
NJ,GU,AEP,SU,Commercial,10,1736.0
NJ,GU,AEP,SU,Personal,10,2577.0
NJ,GU,AEP,SU,Total,10,4313.0
NJ,GU,AEP,SU,Commercial,20,2739.0
NJ,GU,AEP,SU,Personal,20,4176.0
NJ,GU,AEP,SU,Total,20,6915.0
NJ,GU,AEP,SU,Commercial,25,3038.0
NJ,GU,AEP,SU,Personal,25,4442.0
NJ,GU,AEP,SU,Total,25,7480.0
NJ,GU,AEP,SU,Commercial,50,4131.0
NJ,GU,AEP,SU,Personal,50,6577.0
NJ,GU,AEP,SU,Total,50,10708.0
NJ,GU,AEP,SU,Commercial,100,5775.0
NJ,GU,AEP,SU,Personal,100,7916.0
NJ,GU,AEP,SU,Total,100,13691.0
NJ,GU,AEP,SU,Commercial,200,6803.0
NJ,GU,AEP,SU,Personal,200,10520.0
NJ,GU,AEP,SU,Total,200,17323.0
NJ,GU,AEP,SU,Commercial,250,7477.0
NJ,GU,AEP,SU,Personal,250,11303.0
NJ,GU,AEP,SU,Total,250,18780.0
NJ,GU,AEP,SU,Commercial,500,9229.0
NJ,GU,AEP,SU,Personal,500,14183.0
NJ,GU,AEP,SU,Total,500,23412.0
NJ,GU,AEP,SU,Commercial,1000,10826.0
NJ,GU,AEP,SU,Personal,1000,16491.0
NJ,GU,AEP,SU,Total,1000,27317.0
NJ,GU,OEP,PF,Commercial,5,269.0
NJ,GU,OEP,PF,Personal,5,396.0
NJ,GU,OEP,PF,Total,5,665.0
NJ,GU,OEP,PF,Commercial,10,471.0
NJ,GU,OEP,PF,Personal,10,618.0
NJ,GU,OEP,PF,Total,10,1088.0
NJ,GU,OEP,PF,Commercial,20,630.0
NJ,GU,OEP,PF,Personal,20,825.0
NJ,GU,OEP,PF,Total,20,1456.0
NJ,GU,OEP,PF,Commercial,25,716.0
NJ,GU,OEP,PF,Personal,25,954.0
NJ,GU,OEP,PF,Total,25,1671.0
NJ,GU,OEP,PF,Commercial,50,870.0
NJ,GU,OEP,PF,Personal,50,1196.0
NJ,GU,OEP,PF,Total,50,2065.0
NJ,GU,OEP,PF,Commercial,100,1102.0
NJ,GU,OEP,PF,Personal,100,1534.0
NJ,GU,OEP,PF,Total,100,2636.0
NJ,GU,OEP,PF,Commercial,200,1352.0
NJ,GU,OEP,PF,Personal,200,1808.0
NJ,GU,OEP,PF,Total,200,3159.0
NJ,GU,OEP,PF,Commercial,250,1421.0
NJ,GU,OEP,PF,Personal,250,1837.0
NJ,GU,OEP,PF,Total,250,3259.0
NJ,GU,OEP,PF,Commercial,500,1612.0
NJ,GU,OEP,PF,Personal,500,2093.0
NJ,GU,OEP,PF,Total,500,3706.0
NJ,GU,OEP,PF,Commercial,1000,1928.0
NJ,GU,OEP,PF,Personal,1000,2499.0
NJ,GU,OEP,PF,Total,1000,4427.0
NJ,GU,AEP,PF,Commercial,5,314.0
NJ,GU,AEP,PF,Personal,5,413.0
NJ,GU,AEP,PF,Total,5,727.0
NJ,GU,AEP,PF,Commercial,10,489.0
NJ,GU,AEP,PF,Personal,10,682.0
NJ,GU,AEP,PF,Total,10,1170.0
NJ,GU,AEP,PF,Commercial,20,689.0
NJ,GU,AEP,PF,Personal,20,910.0
NJ,GU,AEP,PF,Total,20,1599.0
NJ,GU,AEP,PF,Commercial,25,799.0
NJ,GU,AEP,PF,Personal,25,1031.0
NJ,GU,AEP,PF,Total,25,1830.0
NJ,GU,AEP,PF,Commercial,50,990.0
NJ,GU,AEP,PF,Personal,50,1336.0
NJ,GU,AEP,PF,Total,50,2327.0
NJ,GU,AEP,PF,Commercial,100,1278.0
NJ,GU,AEP,PF,Personal,100,1634.0
NJ,GU,AEP,PF,Total,100,2912.0
NJ,GU,AEP,PF,Commercial,200,1525.0
NJ,GU,AEP,PF,Personal,200,2084.0
NJ,GU,AEP,PF,Total,200,3609.0
NJ,GU,AEP,PF,Commercial,250,1594.0
NJ,GU,AEP,PF,Personal,250,2092.0
NJ,GU,AEP,PF,Total,250,3685.0
NJ,GU,AEP,PF,Commercial,500,1874.0
NJ,GU,AEP,PF,Personal,500,2446.0
NJ,GU,AEP,PF,Total,500,4320.0
NJ,GU,AEP,PF,Commercial,1000,2081.0
NJ,GU,AEP,PF,Personal,1000,2825.0
NJ,GU,AEP,PF,Total,1000,4906.0
NJ,GU,OEP,IF,Commercial,5,123.0
NJ,GU,OEP,IF,Personal,5,163.0
NJ,GU,OEP,IF,Total,5,286.0
NJ,GU,OEP,IF,Commercial,10,188.0
NJ,GU,OEP,IF,Personal,10,246.0
NJ,GU,OEP,IF,Total,10,434.0
NJ,GU,OEP,IF,Commercial,20,254.0
NJ,GU,OEP,IF,Personal,20,348.0
NJ,GU,OEP,IF,Total,20,603.0
NJ,GU,OEP,IF,Commercial,25,291.0
NJ,GU,OEP,IF,Personal,25,359.0
NJ,GU,OEP,IF,Total,25,649.0
NJ,GU,OEP,IF,Commercial,50,353.0
NJ,GU,OEP,IF,Personal,50,469.0
NJ,GU,OEP,IF,Total,50,822.0
NJ,GU,OEP,IF,Commercial,100,401.0
NJ,GU,OEP,IF,Personal,100,554.0
NJ,GU,OEP,IF,Total,100,954.0
NJ,GU,OEP,IF,Commercial,200,475.0
NJ,GU,OEP,IF,Personal,200,648.0
NJ,GU,OEP,IF,Total,200,1124.0
NJ,GU,OEP,IF,Commercial,250,507.0
NJ,GU,OEP,IF,Personal,250,693.0
NJ,GU,OEP,IF,Total,250,1199.0
NJ,GU,OEP,IF,Commercial,500,596.0
NJ,GU,OEP,IF,Personal,500,762.0
NJ,GU,OEP,IF,Total,500,1357.0
NJ,GU,OEP,IF,Commercial,1000,648.0
NJ,GU,OEP,IF,Personal,1000,868.0
NJ,GU,OEP,IF,Total,1000,1516.0
NJ,GU,AEP,IF,Commercial,5,141.0
NJ,GU,AEP,IF,Personal,5,187.0
NJ,GU,AEP,IF,Total,5,328.0
NJ,GU,AEP,IF,Commercial,10,213.0
NJ,GU,AEP,IF,Personal,10,279.0
NJ,GU,AEP,IF,Total,10,492.0
NJ,GU,AEP,IF,Commercial,20,274.0
NJ,GU,AEP,IF,Personal,20,405.0
NJ,GU,AEP,IF,Total,20,679.0
NJ,GU,AEP,IF,Commercial,25,300.0
NJ,GU,AEP,IF,Personal,25,406.0
NJ,GU,AEP,IF,Total,25,705.0
NJ,GU,AEP,IF,Commercial,50,377.0
NJ,GU,AEP,IF,Personal,50,553.0
NJ,GU,AEP,IF,Total,50,929.0
NJ,GU,AEP,IF,Commercial,100,477.0
NJ,GU,AEP,IF,Personal,100,643.0
NJ,GU,AEP,IF,Total,100,1120.0
NJ,GU,AEP,IF,Commercial,200,581.0
NJ,GU,AEP,IF,Personal,200,716.0
NJ,GU,AEP,IF,Total,200,1297.0
NJ,GU,AEP,IF,Commercial,250,608.0
NJ,GU,AEP,IF,Personal,250,760.0
NJ,GU,AEP,IF,Total,250,1368.0
NJ,GU,AEP,IF,Commercial,500,673.0
NJ,GU,AEP,IF,Personal,500,891.0
NJ,GU,AEP,IF,Total,500,1564.0
NJ,GU,AEP,IF,Commercial,1000,742.0
NJ,GU,AEP,IF,Personal,1000,1057.0
NJ,GU,AEP,IF,Total,1000,1800.0
NJ,GR,OEP,TC,Commercial,5,866.0
NJ,GR,OEP,TC,Personal,5,1339.0
NJ,GR,OEP,TC,Total,5,2205.0
NJ,GR,OEP,TC,Commercial,10,1689.0
NJ,GR,OEP,TC,Personal,10,2466.0
NJ,GR,OEP,TC,Total,10,4156.0
NJ,GR,OEP,TC,Commercial,20,2874.0
NJ,GR,OEP,TC,Personal,20,3730.0
NJ,GR,OEP,TC,Total,20,6605.0
NJ,GR,OEP,TC,Commercial,25,3257.0
NJ,GR,OEP,TC,Personal,25,4472.0
NJ,GR,OEP,TC,Total,25,7729.0
NJ,GR,OEP,TC,Commercial,50,4530.0
NJ,GR,OEP,TC,Personal,50,6088.0
NJ,GR,OEP,TC,Total,50,10618.0
NJ,GR,OEP,TC,Commercial,100,5974.0
NJ,GR,OEP,TC,Personal,100,8610.0
NJ,GR,OEP,TC,Total,100,14584.0
NJ,GR,OEP,TC,Commercial,200,7630.0
NJ,GR,OEP,TC,Personal,200,10517.0
NJ,GR,OEP,TC,Total,200,18147.0
NJ,GR,OEP,TC,Commercial,250,8043.0
NJ,GR,OEP,TC,Personal,250,12148.0
NJ,GR,OEP,TC,Total,250,20191.0
NJ,GR,OEP,TC,Commercial,500,9737.0
NJ,GR,OEP,TC,Personal,500,14818.0
NJ,GR,OEP,TC,Total,500,24555.0
NJ,GR,OEP,TC,Commercial,1000,12970.0
NJ,GR,OEP,TC,Personal,1000,16693.0
NJ,GR,OEP,TC,Total,1000,29664.0
NJ,GR,AEP,TC,Commercial,5,971.0
NJ,GR,AEP,TC,Personal,5,1453.0
NJ,GR,AEP,TC,Total,5,2424.0
NJ,GR,AEP,TC,Commercial,10,1831.0
NJ,GR,AEP,TC,Personal,10,2746.0
NJ,GR,AEP,TC,Total,10,4577.0
NJ,GR,AEP,TC,Commercial,20,3132.0
NJ,GR,AEP,TC,Personal,20,4410.0
NJ,GR,AEP,TC,Total,20,7542.0
NJ,GR,AEP,TC,Commercial,25,3453.0
NJ,GR,AEP,TC,Personal,25,5073.0
NJ,GR,AEP,TC,Total,25,8526.0
NJ,GR,AEP,TC,Commercial,50,5019.0
NJ,GR,AEP,TC,Personal,50,6860.0
NJ,GR,AEP,TC,Total,50,11879.0
NJ,GR,AEP,TC,Commercial,100,6711.0
NJ,GR,AEP,TC,Personal,100,9840.0
NJ,GR,AEP,TC,Total,100,16551.0
NJ,GR,AEP,TC,Commercial,200,8726.0
NJ,GR,AEP,TC,Personal,200,12165.0
NJ,GR,AEP,TC,Total,200,20891.0
NJ,GR,AEP,TC,Commercial,250,9080.0
NJ,GR,AEP,TC,Personal,250,12596.0
NJ,GR,AEP,TC,Total,250,21675.0
NJ,GR,AEP,TC,Commercial,500,11146.0
NJ,GR,AEP,TC,Personal,500,15462.0
NJ,GR,AEP,TC,Total,500,26608.0
NJ,GR,AEP,TC,Commercial,1000,14509.0
NJ,GR,AEP,TC,Personal,1000,19119.0
NJ,GR,AEP,TC,Total,1000,33628.0
NJ,GR,OEP,SU,Commercial,5,727.0
NJ,GR,OEP,SU,Personal,5,1000.0
NJ,GR,OEP,SU,Total,5,1728.0
NJ,GR,OEP,SU,Commercial,10,1246.0
NJ,GR,OEP,SU,Personal,10,1853.0
NJ,GR,OEP,SU,Total,10,3099.0
NJ,GR,OEP,SU,Commercial,20,1931.0
NJ,GR,OEP,SU,Personal,20,2970.0
NJ,GR,OEP,SU,Total,20,4901.0
NJ,GR,OEP,SU,Commercial,25,2315.0
NJ,GR,OEP,SU,Personal,25,3368.0
NJ,GR,OEP,SU,Total,25,5683.0
NJ,GR,OEP,SU,Commercial,50,2948.0
NJ,GR,OEP,SU,Personal,50,4603.0
NJ,GR,OEP,SU,Total,50,7550.0
NJ,GR,OEP,SU,Commercial,100,3856.0
NJ,GR,OEP,SU,Personal,100,6104.0
NJ,GR,OEP,SU,Total,100,9960.0
NJ,GR,OEP,SU,Commercial,200,5046.0
NJ,GR,OEP,SU,Personal,200,7267.0
NJ,GR,OEP,SU,Total,200,12313.0
NJ,GR,OEP,SU,Commercial,250,5207.0
NJ,GR,OEP,SU,Personal,250,7522.0
NJ,GR,OEP,SU,Total,250,12729.0
NJ,GR,OEP,SU,Commercial,500,6388.0
NJ,GR,OEP,SU,Personal,500,10010.0
NJ,GR,OEP,SU,Total,500,16398.0
NJ,GR,OEP,SU,Commercial,1000,8034.0
NJ,GR,OEP,SU,Personal,1000,11982.0
NJ,GR,OEP,SU,Total,1000,20017.0
NJ,GR,AEP,SU,Commercial,5,758.0
NJ,GR,AEP,SU,Personal,5,1169.0
NJ,GR,AEP,SU,Total,5,1928.0
NJ,GR,AEP,SU,Commercial,10,1392.0
NJ,GR,AEP,SU,Personal,10,2101.0
NJ,GR,AEP,SU,Total,10,3493.0
NJ,GR,AEP,SU,Commercial,20,2162.0
NJ,GR,AEP,SU,Personal,20,3160.0
NJ,GR,AEP,SU,Total,20,5322.0
NJ,GR,AEP,SU,Commercial,25,2497.0
NJ,GR,AEP,SU,Personal,25,3521.0
NJ,GR,AEP,SU,Total,25,6018.0
NJ,GR,AEP,SU,Commercial,50,3409.0
NJ,GR,AEP,SU,Personal,50,5092.0
NJ,GR,AEP,SU,Total,50,8501.0
NJ,GR,AEP,SU,Commercial,100,4310.0
NJ,GR,AEP,SU,Personal,100,6848.0
NJ,GR,AEP,SU,Total,100,11158.0
NJ,GR,AEP,SU,Commercial,200,5644.0
NJ,GR,AEP,SU,Personal,200,8539.0
NJ,GR,AEP,SU,Total,200,14183.0
NJ,GR,AEP,SU,Commercial,250,6132.0
NJ,GR,AEP,SU,Personal,250,9043.0
NJ,GR,AEP,SU,Total,250,15175.0
NJ,GR,AEP,SU,Commercial,500,7498.0
NJ,GR,AEP,SU,Personal,500,11170.0
NJ,GR,AEP,SU,Total,500,18668.0
NJ,GR,AEP,SU,Commercial,1000,8838.0
NJ,GR,AEP,SU,Personal,1000,12534.0
NJ,GR,AEP,SU,Total,1000,21372.0
NJ,GR,OEP,PF,Commercial,5,231.0
NJ,GR,OEP,PF,Personal,5,325.0
NJ,GR,OEP,PF,Total,5,556.0
NJ,GR,OEP,PF,Commercial,10,366.0
NJ,GR,OEP,PF,Personal,10,499.0
NJ,GR,OEP,PF,Total,10,865.0
NJ,GR,OEP,PF,Commercial,20,515.0
NJ,GR,OEP,PF,Personal,20,725.0
NJ,GR,OEP,PF,Total,20,1240.0
NJ,GR,OEP,PF,Commercial,25,571.0
NJ,GR,OEP,PF,Personal,25,801.0
NJ,GR,OEP,PF,Total,25,1373.0
NJ,GR,OEP,PF,Commercial,50,784.0
NJ,GR,OEP,PF,Personal,50,1054.0
NJ,GR,OEP,PF,Total,50,1838.0
NJ,GR,OEP,PF,Commercial,100,924.0
NJ,GR,OEP,PF,Personal,100,1269.0
NJ,GR,OEP,PF,Total,100,2193.0
NJ,GR,OEP,PF,Commercial,200,1137.0
NJ,GR,OEP,PF,Personal,200,1511.0
NJ,GR,OEP,PF,Total,200,2648.0
NJ,GR,OEP,PF,Commercial,250,1211.0
NJ,GR,OEP,PF,Personal,250,1552.0
NJ,GR,OEP,PF,Total,250,2763.0
NJ,GR,OEP,PF,Commercial,500,1457.0
NJ,GR,OEP,PF,Personal,500,1789.0
NJ,GR,OEP,PF,Total,500,3247.0
NJ,GR,OEP,PF,Commercial,1000,1648.0
NJ,GR,OEP,PF,Personal,1000,2159.0
NJ,GR,OEP,PF,Total,1000,3807.0
NJ,GR,AEP,PF,Commercial,5,262.0
NJ,GR,AEP,PF,Personal,5,369.0
NJ,GR,AEP,PF,Total,5,631.0
NJ,GR,AEP,PF,Commercial,10,411.0
NJ,GR,AEP,PF,Personal,10,590.0
NJ,GR,AEP,PF,Total,10,1001.0
NJ,GR,AEP,PF,Commercial,20,609.0
NJ,GR,AEP,PF,Personal,20,777.0
NJ,GR,AEP,PF,Total,20,1386.0
NJ,GR,AEP,PF,Commercial,25,634.0
NJ,GR,AEP,PF,Personal,25,910.0
NJ,GR,AEP,PF,Total,25,1544.0
NJ,GR,AEP,PF,Commercial,50,836.0
NJ,GR,AEP,PF,Personal,50,1188.0
NJ,GR,AEP,PF,Total,50,2024.0
NJ,GR,AEP,PF,Commercial,100,1083.0
NJ,GR,AEP,PF,Personal,100,1442.0
NJ,GR,AEP,PF,Total,100,2525.0
NJ,GR,AEP,PF,Commercial,200,1238.0
NJ,GR,AEP,PF,Personal,200,1732.0
NJ,GR,AEP,PF,Total,200,2970.0
NJ,GR,AEP,PF,Commercial,250,1396.0
NJ,GR,AEP,PF,Personal,250,1717.0
NJ,GR,AEP,PF,Total,250,3113.0
NJ,GR,AEP,PF,Commercial,500,1531.0
NJ,GR,AEP,PF,Personal,500,2032.0
NJ,GR,AEP,PF,Total,500,3563.0
NJ,GR,AEP,PF,Commercial,1000,1768.0
NJ,GR,AEP,PF,Personal,1000,2453.0
NJ,GR,AEP,PF,Total,1000,4222.0
NJ,GR,OEP,IF,Commercial,5,111.0
NJ,GR,OEP,IF,Personal,5,151.0
NJ,GR,OEP,IF,Total,5,262.0
NJ,GR,OEP,IF,Commercial,10,165.0
NJ,GR,OEP,IF,Personal,10,219.0
NJ,GR,OEP,IF,Total,10,384.0
NJ,GR,OEP,IF,Commercial,20,223.0
NJ,GR,OEP,IF,Personal,20,318.0
NJ,GR,OEP,IF,Total,20,540.0
NJ,GR,OEP,IF,Commercial,25,250.0
NJ,GR,OEP,IF,Personal,25,329.0
NJ,GR,OEP,IF,Total,25,579.0
NJ,GR,OEP,IF,Commercial,50,319.0
NJ,GR,OEP,IF,Personal,50,399.0
NJ,GR,OEP,IF,Total,50,718.0
NJ,GR,OEP,IF,Commercial,100,364.0
NJ,GR,OEP,IF,Personal,100,490.0
NJ,GR,OEP,IF,Total,100,854.0
NJ,GR,OEP,IF,Commercial,200,460.0
NJ,GR,OEP,IF,Personal,200,603.0
NJ,GR,OEP,IF,Total,200,1064.0
NJ,GR,OEP,IF,Commercial,250,466.0
NJ,GR,OEP,IF,Personal,250,589.0
NJ,GR,OEP,IF,Total,250,1055.0
NJ,GR,OEP,IF,Commercial,500,511.0
NJ,GR,OEP,IF,Personal,500,720.0
NJ,GR,OEP,IF,Total,500,1231.0
NJ,GR,OEP,IF,Commercial,1000,588.0
NJ,GR,OEP,IF,Personal,1000,836.0
NJ,GR,OEP,IF,Total,1000,1424.0
NJ,GR,AEP,IF,Commercial,5,128.0
NJ,GR,AEP,IF,Personal,5,167.0
NJ,GR,AEP,IF,Total,5,296.0
NJ,GR,AEP,IF,Commercial,10,193.0
NJ,GR,AEP,IF,Personal,10,266.0
NJ,GR,AEP,IF,Total,10,459.0
NJ,GR,AEP,IF,Commercial,20,254.0
NJ,GR,AEP,IF,Personal,20,349.0
NJ,GR,AEP,IF,Total,20,603.0
NJ,GR,AEP,IF,Commercial,25,289.0
NJ,GR,AEP,IF,Personal,25,364.0
NJ,GR,AEP,IF,Total,25,653.0
NJ,GR,AEP,IF,Commercial,50,360.0
NJ,GR,AEP,IF,Personal,50,448.0
NJ,GR,AEP,IF,Total,50,809.0
NJ,GR,AEP,IF,Commercial,100,425.0
NJ,GR,AEP,IF,Personal,100,579.0
NJ,GR,AEP,IF,Total,100,1004.0
NJ,GR,AEP,IF,Commercial,200,497.0
NJ,GR,AEP,IF,Personal,200,662.0
NJ,GR,AEP,IF,Total,200,1159.0
NJ,GR,AEP,IF,Commercial,250,522.0
NJ,GR,AEP,IF,Personal,250,670.0
NJ,GR,AEP,IF,Total,250,1192.0
NJ,GR,AEP,IF,Commercial,500,574.0
NJ,GR,AEP,IF,Personal,500,777.0
NJ,GR,AEP,IF,Total,500,1351.0
NJ,GR,AEP,IF,Commercial,1000,674.0
NJ,GR,AEP,IF,Personal,1000,893.0
NJ,GR,AEP,IF,Total,1000,1567.0
MA,GU,OEP,TC,Commercial,5,962.0
MA,GU,OEP,TC,Personal,5,1673.0
MA,GU,OEP,TC,Total,5,2635.0
MA,GU,OEP,TC,Commercial,10,1857.0
MA,GU,OEP,TC,Personal,10,3053.0
MA,GU,OEP,TC,Total,10,4910.0
MA,GU,OEP,TC,Commercial,20,2993.0
MA,GU,OEP,TC,Personal,20,4773.0
MA,GU,OEP,TC,Total,20,7766.0
MA,GU,OEP,TC,Commercial,25,3517.0
MA,GU,OEP,TC,Personal,25,5581.0
MA,GU,OEP,TC,Total,25,9098.0
MA,GU,OEP,TC,Commercial,50,4646.0
MA,GU,OEP,TC,Personal,50,8339.0
MA,GU,OEP,TC,Total,50,12985.0
MA,GU,OEP,TC,Commercial,100,6755.0
MA,GU,OEP,TC,Personal,100,10928.0
MA,GU,OEP,TC,Total,100,17684.0
MA,GU,OEP,TC,Commercial,200,8740.0
MA,GU,OEP,TC,Personal,200,14318.0
MA,GU,OEP,TC,Total,200,23057.0
MA,GU,OEP,TC,Commercial,250,8931.0
MA,GU,OEP,TC,Personal,250,14983.0
MA,GU,OEP,TC,Total,250,23914.0
MA,GU,OEP,TC,Commercial,500,11354.0
MA,GU,OEP,TC,Personal,500,17907.0
MA,GU,OEP,TC,Total,500,29261.0
MA,GU,OEP,TC,Commercial,1000,13209.0
MA,GU,OEP,TC,Personal,1000,21321.0
MA,GU,OEP,TC,Total,1000,34530.0
MA,GU,AEP,TC,Commercial,5,1123.0
MA,GU,AEP,TC,Personal,5,1855.0
MA,GU,AEP,TC,Total,5,2978.0
MA,GU,AEP,TC,Commercial,10,2161.0
MA,GU,AEP,TC,Personal,10,3375.0
MA,GU,AEP,TC,Total,10,5536.0
MA,GU,AEP,TC,Commercial,20,3283.0
MA,GU,AEP,TC,Personal,20,5496.0
MA,GU,AEP,TC,Total,20,8778.0
MA,GU,AEP,TC,Commercial,25,3867.0
MA,GU,AEP,TC,Personal,25,6547.0
MA,GU,AEP,TC,Total,25,10414.0
MA,GU,AEP,TC,Commercial,50,5673.0
MA,GU,AEP,TC,Personal,50,9297.0
MA,GU,AEP,TC,Total,50,14970.0
MA,GU,AEP,TC,Commercial,100,7591.0
MA,GU,AEP,TC,Personal,100,12528.0
MA,GU,AEP,TC,Total,100,20120.0
MA,GU,AEP,TC,Commercial,200,9407.0
MA,GU,AEP,TC,Personal,200,14712.0
MA,GU,AEP,TC,Total,200,24119.0
MA,GU,AEP,TC,Commercial,250,9744.0
MA,GU,AEP,TC,Personal,250,16415.0
MA,GU,AEP,TC,Total,250,26159.0
MA,GU,AEP,TC,Commercial,500,12275.0
MA,GU,AEP,TC,Personal,500,19856.0
MA,GU,AEP,TC,Total,500,32131.0
MA,GU,AEP,TC,Commercial,1000,15907.0
MA,GU,AEP,TC,Personal,1000,24082.0
MA,GU,AEP,TC,Total,1000,39989.0
MA,GU,OEP,SU,Commercial,5,490.0
MA,GU,OEP,SU,Personal,5,603.0
MA,GU,OEP,SU,Total,5,1093.0
MA,GU,OEP,SU,Commercial,10,858.0
MA,GU,OEP,SU,Personal,10,1079.0
MA,GU,OEP,SU,Total,10,1937.0
MA,GU,OEP,SU,Commercial,20,1284.0
MA,GU,OEP,SU,Personal,20,1662.0
MA,GU,OEP,SU,Total,20,2945.0
MA,GU,OEP,SU,Commercial,25,1424.0
MA,GU,OEP,SU,Personal,25,1924.0
MA,GU,OEP,SU,Total,25,3348.0
MA,GU,OEP,SU,Commercial,50,1988.0
MA,GU,OEP,SU,Personal,50,2481.0
MA,GU,OEP,SU,Total,50,4469.0
MA,GU,OEP,SU,Commercial,100,2710.0
MA,GU,OEP,SU,Personal,100,3381.0
MA,GU,OEP,SU,Total,100,6092.0
MA,GU,OEP,SU,Commercial,200,3329.0
MA,GU,OEP,SU,Personal,200,4251.0
MA,GU,OEP,SU,Total,200,7580.0
MA,GU,OEP,SU,Commercial,250,3459.0
MA,GU,OEP,SU,Personal,250,4569.0
MA,GU,OEP,SU,Total,250,8028.0
MA,GU,OEP,SU,Commercial,500,4252.0
MA,GU,OEP,SU,Personal,500,5335.0
MA,GU,OEP,SU,Total,500,9587.0
MA,GU,OEP,SU,Commercial,1000,5007.0
MA,GU,OEP,SU,Personal,1000,6391.0
MA,GU,OEP,SU,Total,1000,11398.0
MA,GU,AEP,SU,Commercial,5,516.0
MA,GU,AEP,SU,Personal,5,655.0
MA,GU,AEP,SU,Total,5,1171.0
MA,GU,AEP,SU,Commercial,10,918.0
MA,GU,AEP,SU,Personal,10,1152.0
MA,GU,AEP,SU,Total,10,2070.0
MA,GU,AEP,SU,Commercial,20,1468.0
MA,GU,AEP,SU,Personal,20,1766.0
MA,GU,AEP,SU,Total,20,3234.0
MA,GU,AEP,SU,Commercial,25,1677.0
MA,GU,AEP,SU,Personal,25,2157.0
MA,GU,AEP,SU,Total,25,3834.0
MA,GU,AEP,SU,Commercial,50,2255.0
MA,GU,AEP,SU,Personal,50,2963.0
MA,GU,AEP,SU,Total,50,5218.0
MA,GU,AEP,SU,Commercial,100,2853.0
MA,GU,AEP,SU,Personal,100,3558.0
MA,GU,AEP,SU,Total,100,6412.0
MA,GU,AEP,SU,Commercial,200,3829.0
MA,GU,AEP,SU,Personal,200,4822.0
MA,GU,AEP,SU,Total,200,8651.0
MA,GU,AEP,SU,Commercial,250,4148.0
MA,GU,AEP,SU,Personal,250,4807.0
MA,GU,AEP,SU,Total,250,8955.0
MA,GU,AEP,SU,Commercial,500,5010.0
MA,GU,AEP,SU,Personal,500,6039.0
MA,GU,AEP,SU,Total,500,11048.0
MA,GU,AEP,SU,Commercial,1000,5690.0
MA,GU,AEP,SU,Personal,1000,7042.0
MA,GU,AEP,SU,Total,1000,12731.0
MA,GU,OEP,PF,Commercial,5,174.0
MA,GU,OEP,PF,Personal,5,218.0
MA,GU,OEP,PF,Total,5,392.0
MA,GU,OEP,PF,Commercial,10,272.0
MA,GU,OEP,PF,Personal,10,369.0
MA,GU,OEP,PF,Total,10,641.0
MA,GU,OEP,PF,Commercial,20,380.0
MA,GU,OEP,PF,Personal,20,523.0
MA,GU,OEP,PF,Total,20,902.0
MA,GU,OEP,PF,Commercial,25,422.0
MA,GU,OEP,PF,Personal,25,544.0
MA,GU,OEP,PF,Total,25,966.0
MA,GU,OEP,PF,Commercial,50,499.0
MA,GU,OEP,PF,Personal,50,731.0
MA,GU,OEP,PF,Total,50,1230.0
MA,GU,OEP,PF,Commercial,100,639.0
MA,GU,OEP,PF,Personal,100,861.0
MA,GU,OEP,PF,Total,100,1501.0
MA,GU,OEP,PF,Commercial,200,754.0
MA,GU,OEP,PF,Personal,200,1056.0
MA,GU,OEP,PF,Total,200,1810.0
MA,GU,OEP,PF,Commercial,250,786.0
MA,GU,OEP,PF,Personal,250,1083.0
MA,GU,OEP,PF,Total,250,1869.0
MA,GU,OEP,PF,Commercial,500,998.0
MA,GU,OEP,PF,Personal,500,1297.0
MA,GU,OEP,PF,Total,500,2295.0
MA,GU,OEP,PF,Commercial,1000,1152.0
MA,GU,OEP,PF,Personal,1000,1587.0
MA,GU,OEP,PF,Total,1000,2739.0
MA,GU,AEP,PF,Commercial,5,179.0
MA,GU,AEP,PF,Personal,5,261.0
MA,GU,AEP,PF,Total,5,440.0
MA,GU,AEP,PF,Commercial,10,298.0
MA,GU,AEP,PF,Personal,10,415.0
MA,GU,AEP,PF,Total,10,713.0
MA,GU,AEP,PF,Commercial,20,399.0
MA,GU,AEP,PF,Personal,20,555.0
MA,GU,AEP,PF,Total,20,954.0
MA,GU,AEP,PF,Commercial,25,437.0
MA,GU,AEP,PF,Personal,25,636.0
MA,GU,AEP,PF,Total,25,1073.0
MA,GU,AEP,PF,Commercial,50,616.0
MA,GU,AEP,PF,Personal,50,825.0
MA,GU,AEP,PF,Total,50,1441.0
MA,GU,AEP,PF,Commercial,100,742.0
MA,GU,AEP,PF,Personal,100,1051.0
MA,GU,AEP,PF,Total,100,1793.0
MA,GU,AEP,PF,Commercial,200,888.0
MA,GU,AEP,PF,Personal,200,1148.0
MA,GU,AEP,PF,Total,200,2035.0
MA,GU,AEP,PF,Commercial,250,954.0
MA,GU,AEP,PF,Personal,250,1252.0
MA,GU,AEP,PF,Total,250,2206.0
MA,GU,AEP,PF,Commercial,500,1020.0
MA,GU,AEP,PF,Personal,500,1481.0
MA,GU,AEP,PF,Total,500,2501.0
MA,GU,AEP,PF,Commercial,1000,1285.0
MA,GU,AEP,PF,Personal,1000,1657.0
MA,GU,AEP,PF,Total,1000,2942.0
MA,GU,OEP,IF,Commercial,5,60.0
MA,GU,OEP,IF,Personal,5,80.0
MA,GU,OEP,IF,Total,5,140.0
MA,GU,OEP,IF,Commercial,10,86.0
MA,GU,OEP,IF,Personal,10,119.0
MA,GU,OEP,IF,Total,10,206.0
MA,GU,OEP,IF,Commercial,20,125.0
MA,GU,OEP,IF,Personal,20,175.0
MA,GU,OEP,IF,Total,20,300.0
MA,GU,OEP,IF,Commercial,25,128.0
MA,GU,OEP,IF,Personal,25,179.0
MA,GU,OEP,IF,Total,25,307.0
MA,GU,OEP,IF,Commercial,50,161.0
MA,GU,OEP,IF,Personal,50,218.0
MA,GU,OEP,IF,Total,50,379.0
MA,GU,OEP,IF,Commercial,100,201.0
MA,GU,OEP,IF,Personal,100,282.0
MA,GU,OEP,IF,Total,100,483.0
MA,GU,OEP,IF,Commercial,200,239.0
MA,GU,OEP,IF,Personal,200,321.0
MA,GU,OEP,IF,Total,200,560.0
MA,GU,OEP,IF,Commercial,250,248.0
MA,GU,OEP,IF,Personal,250,327.0
MA,GU,OEP,IF,Total,250,575.0
MA,GU,OEP,IF,Commercial,500,273.0
MA,GU,OEP,IF,Personal,500,407.0
MA,GU,OEP,IF,Total,500,680.0
MA,GU,OEP,IF,Commercial,1000,327.0
MA,GU,OEP,IF,Personal,1000,459.0
MA,GU,OEP,IF,Total,1000,787.0
MA,GU,AEP,IF,Commercial,5,70.0
MA,GU,AEP,IF,Personal,5,94.0
MA,GU,AEP,IF,Total,5,164.0
MA,GU,AEP,IF,Commercial,10,105.0
MA,GU,AEP,IF,Personal,10,138.0
MA,GU,AEP,IF,Total,10,244.0
MA,GU,AEP,IF,Commercial,20,130.0
MA,GU,AEP,IF,Personal,20,181.0
MA,GU,AEP,IF,Total,20,311.0
MA,GU,AEP,IF,Commercial,25,143.0
MA,GU,AEP,IF,Personal,25,197.0
MA,GU,AEP,IF,Total,25,340.0
MA,GU,AEP,IF,Commercial,50,183.0
MA,GU,AEP,IF,Personal,50,262.0
MA,GU,AEP,IF,Total,50,445.0
MA,GU,AEP,IF,Commercial,100,231.0
MA,GU,AEP,IF,Personal,100,313.0
MA,GU,AEP,IF,Total,100,543.0
MA,GU,AEP,IF,Commercial,200,254.0
MA,GU,AEP,IF,Personal,200,373.0
MA,GU,AEP,IF,Total,200,627.0
MA,GU,AEP,IF,Commercial,250,272.0
MA,GU,AEP,IF,Personal,250,363.0
MA,GU,AEP,IF,Total,250,635.0
MA,GU,AEP,IF,Commercial,500,309.0
MA,GU,AEP,IF,Personal,500,430.0
MA,GU,AEP,IF,Total,500,739.0
MA,GU,AEP,IF,Commercial,1000,349.0
MA,GU,AEP,IF,Personal,1000,509.0
MA,GU,AEP,IF,Total,1000,858.0
MA,GR,OEP,TC,Commercial,5,826.0
MA,GR,OEP,TC,Personal,5,1341.0
MA,GR,OEP,TC,Total,5,2166.0
MA,GR,OEP,TC,Commercial,10,1478.0
MA,GR,OEP,TC,Personal,10,2583.0
MA,GR,OEP,TC,Total,10,4061.0
MA,GR,OEP,TC,Commercial,20,2506.0
MA,GR,OEP,TC,Personal,20,3901.0
MA,GR,OEP,TC,Total,20,6407.0
MA,GR,OEP,TC,Commercial,25,2844.0
MA,GR,OEP,TC,Personal,25,4572.0
MA,GR,OEP,TC,Total,25,7415.0
MA,GR,OEP,TC,Commercial,50,3957.0
MA,GR,OEP,TC,Personal,50,6252.0
MA,GR,OEP,TC,Total,50,10209.0
MA,GR,OEP,TC,Commercial,100,5349.0
MA,GR,OEP,TC,Personal,100,8376.0
MA,GR,OEP,TC,Total,100,13725.0
MA,GR,OEP,TC,Commercial,200,6642.0
MA,GR,OEP,TC,Personal,200,10817.0
MA,GR,OEP,TC,Total,200,17459.0
MA,GR,OEP,TC,Commercial,250,7738.0
MA,GR,OEP,TC,Personal,250,11835.0
MA,GR,OEP,TC,Total,250,19573.0
MA,GR,OEP,TC,Commercial,500,9026.0
MA,GR,OEP,TC,Personal,500,14698.0
MA,GR,OEP,TC,Total,500,23724.0
MA,GR,OEP,TC,Commercial,1000,11520.0
MA,GR,OEP,TC,Personal,1000,18216.0
MA,GR,OEP,TC,Total,1000,29735.0
MA,GR,AEP,TC,Commercial,5,939.0
MA,GR,AEP,TC,Personal,5,1443.0
MA,GR,AEP,TC,Total,5,2382.0
MA,GR,AEP,TC,Commercial,10,1651.0
MA,GR,AEP,TC,Personal,10,2822.0
MA,GR,AEP,TC,Total,10,4473.0
MA,GR,AEP,TC,Commercial,20,2715.0
MA,GR,AEP,TC,Personal,20,4642.0
MA,GR,AEP,TC,Total,20,7358.0
MA,GR,AEP,TC,Commercial,25,3258.0
MA,GR,AEP,TC,Personal,25,5115.0
MA,GR,AEP,TC,Total,25,8372.0
MA,GR,AEP,TC,Commercial,50,4669.0
MA,GR,AEP,TC,Personal,50,7324.0
MA,GR,AEP,TC,Total,50,11993.0
MA,GR,AEP,TC,Commercial,100,5843.0
MA,GR,AEP,TC,Personal,100,9761.0
MA,GR,AEP,TC,Total,100,15604.0
MA,GR,AEP,TC,Commercial,200,7341.0
MA,GR,AEP,TC,Personal,200,12959.0
MA,GR,AEP,TC,Total,200,20300.0
MA,GR,AEP,TC,Commercial,250,7960.0
MA,GR,AEP,TC,Personal,250,13287.0
MA,GR,AEP,TC,Total,250,21248.0
MA,GR,AEP,TC,Commercial,500,10324.0
MA,GR,AEP,TC,Personal,500,15994.0
MA,GR,AEP,TC,Total,500,26318.0
MA,GR,AEP,TC,Commercial,1000,11886.0
MA,GR,AEP,TC,Personal,1000,20671.0
MA,GR,AEP,TC,Total,1000,32557.0
MA,GR,OEP,SU,Commercial,5,352.0
MA,GR,OEP,SU,Personal,5,461.0
MA,GR,OEP,SU,Total,5,813.0
MA,GR,OEP,SU,Commercial,10,654.0
MA,GR,OEP,SU,Personal,10,811.0
MA,GR,OEP,SU,Total,10,1465.0
MA,GR,OEP,SU,Commercial,20,994.0
MA,GR,OEP,SU,Personal,20,1321.0
MA,GR,OEP,SU,Total,20,2315.0
MA,GR,OEP,SU,Commercial,25,1207.0
MA,GR,OEP,SU,Personal,25,1397.0
MA,GR,OEP,SU,Total,25,2604.0
MA,GR,OEP,SU,Commercial,50,1667.0
MA,GR,OEP,SU,Personal,50,2018.0
MA,GR,OEP,SU,Total,50,3684.0
MA,GR,OEP,SU,Commercial,100,2115.0
MA,GR,OEP,SU,Personal,100,2671.0
MA,GR,OEP,SU,Total,100,4786.0
MA,GR,OEP,SU,Commercial,200,2682.0
MA,GR,OEP,SU,Personal,200,3403.0
MA,GR,OEP,SU,Total,200,6085.0
MA,GR,OEP,SU,Commercial,250,2809.0
MA,GR,OEP,SU,Personal,250,3541.0
MA,GR,OEP,SU,Total,250,6350.0
MA,GR,OEP,SU,Commercial,500,3359.0
MA,GR,OEP,SU,Personal,500,4121.0
MA,GR,OEP,SU,Total,500,7480.0
MA,GR,OEP,SU,Commercial,1000,4139.0
MA,GR,OEP,SU,Personal,1000,4870.0
MA,GR,OEP,SU,Total,1000,9008.0
MA,GR,AEP,SU,Commercial,5,403.0
MA,GR,AEP,SU,Personal,5,496.0
MA,GR,AEP,SU,Total,5,899.0
MA,GR,AEP,SU,Commercial,10,721.0
MA,GR,AEP,SU,Personal,10,947.0
MA,GR,AEP,SU,Total,10,1668.0
MA,GR,AEP,SU,Commercial,20,1164.0
MA,GR,AEP,SU,Personal,20,1430.0
MA,GR,AEP,SU,Total,20,2594.0
MA,GR,AEP,SU,Commercial,25,1241.0
MA,GR,AEP,SU,Personal,25,1612.0
MA,GR,AEP,SU,Total,25,2853.0
MA,GR,AEP,SU,Commercial,50,1758.0
MA,GR,AEP,SU,Personal,50,2288.0
MA,GR,AEP,SU,Total,50,4046.0
MA,GR,AEP,SU,Commercial,100,2354.0
MA,GR,AEP,SU,Personal,100,2928.0
MA,GR,AEP,SU,Total,100,5282.0
MA,GR,AEP,SU,Commercial,200,2940.0
MA,GR,AEP,SU,Personal,200,3865.0
MA,GR,AEP,SU,Total,200,6805.0
MA,GR,AEP,SU,Commercial,250,3232.0
MA,GR,AEP,SU,Personal,250,3952.0
MA,GR,AEP,SU,Total,250,7184.0
MA,GR,AEP,SU,Commercial,500,3822.0
MA,GR,AEP,SU,Personal,500,4577.0
MA,GR,AEP,SU,Total,500,8399.0
MA,GR,AEP,SU,Commercial,1000,4762.0
MA,GR,AEP,SU,Personal,1000,5617.0
MA,GR,AEP,SU,Total,1000,10379.0
MA,GR,OEP,PF,Commercial,5,148.0
MA,GR,OEP,PF,Personal,5,221.0
MA,GR,OEP,PF,Total,5,369.0
MA,GR,OEP,PF,Commercial,10,247.0
MA,GR,OEP,PF,Personal,10,320.0
MA,GR,OEP,PF,Total,10,566.0
MA,GR,OEP,PF,Commercial,20,325.0
MA,GR,OEP,PF,Personal,20,449.0
MA,GR,OEP,PF,Total,20,774.0
MA,GR,OEP,PF,Commercial,25,377.0
MA,GR,OEP,PF,Personal,25,496.0
MA,GR,OEP,PF,Total,25,872.0
MA,GR,OEP,PF,Commercial,50,501.0
MA,GR,OEP,PF,Personal,50,696.0
MA,GR,OEP,PF,Total,50,1198.0
MA,GR,OEP,PF,Commercial,100,597.0
MA,GR,OEP,PF,Personal,100,834.0
MA,GR,OEP,PF,Total,100,1431.0
MA,GR,OEP,PF,Commercial,200,698.0
MA,GR,OEP,PF,Personal,200,946.0
MA,GR,OEP,PF,Total,200,1645.0
MA,GR,OEP,PF,Commercial,250,770.0
MA,GR,OEP,PF,Personal,250,1003.0
MA,GR,OEP,PF,Total,250,1773.0
MA,GR,OEP,PF,Commercial,500,841.0
MA,GR,OEP,PF,Personal,500,1195.0
MA,GR,OEP,PF,Total,500,2035.0
MA,GR,OEP,PF,Commercial,1000,957.0
MA,GR,OEP,PF,Personal,1000,1388.0
MA,GR,OEP,PF,Total,1000,2345.0
MA,GR,AEP,PF,Commercial,5,173.0
MA,GR,AEP,PF,Personal,5,243.0
MA,GR,AEP,PF,Total,5,416.0
MA,GR,AEP,PF,Commercial,10,273.0
MA,GR,AEP,PF,Personal,10,388.0
MA,GR,AEP,PF,Total,10,661.0
MA,GR,AEP,PF,Commercial,20,377.0
MA,GR,AEP,PF,Personal,20,547.0
MA,GR,AEP,PF,Total,20,923.0
MA,GR,AEP,PF,Commercial,25,418.0
MA,GR,AEP,PF,Personal,25,564.0
MA,GR,AEP,PF,Total,25,982.0
MA,GR,AEP,PF,Commercial,50,562.0
MA,GR,AEP,PF,Personal,50,730.0
MA,GR,AEP,PF,Total,50,1293.0
MA,GR,AEP,PF,Commercial,100,634.0
MA,GR,AEP,PF,Personal,100,900.0
MA,GR,AEP,PF,Total,100,1534.0
MA,GR,AEP,PF,Commercial,200,788.0
MA,GR,AEP,PF,Personal,200,1092.0
MA,GR,AEP,PF,Total,200,1880.0
MA,GR,AEP,PF,Commercial,250,845.0
MA,GR,AEP,PF,Personal,250,1214.0
MA,GR,AEP,PF,Total,250,2059.0
MA,GR,AEP,PF,Commercial,500,962.0
MA,GR,AEP,PF,Personal,500,1367.0
MA,GR,AEP,PF,Total,500,2329.0
MA,GR,AEP,PF,Commercial,1000,1109.0
MA,GR,AEP,PF,Personal,1000,1615.0
MA,GR,AEP,PF,Total,1000,2724.0
MA,GR,OEP,IF,Commercial,5,51.0
MA,GR,OEP,IF,Personal,5,70.0
MA,GR,OEP,IF,Total,5,121.0
MA,GR,OEP,IF,Commercial,10,80.0
MA,GR,OEP,IF,Personal,10,112.0
MA,GR,OEP,IF,Total,10,192.0
MA,GR,OEP,IF,Commercial,20,111.0
MA,GR,OEP,IF,Personal,20,150.0
MA,GR,OEP,IF,Total,20,261.0
MA,GR,OEP,IF,Commercial,25,120.0
MA,GR,OEP,IF,Personal,25,160.0
MA,GR,OEP,IF,Total,25,280.0
MA,GR,OEP,IF,Commercial,50,139.0
MA,GR,OEP,IF,Personal,50,195.0
MA,GR,OEP,IF,Total,50,334.0
MA,GR,OEP,IF,Commercial,100,168.0
MA,GR,OEP,IF,Personal,100,240.0
MA,GR,OEP,IF,Total,100,408.0
MA,GR,OEP,IF,Commercial,200,207.0
MA,GR,OEP,IF,Personal,200,283.0
MA,GR,OEP,IF,Total,200,490.0
MA,GR,OEP,IF,Commercial,250,219.0
MA,GR,OEP,IF,Personal,250,300.0
MA,GR,OEP,IF,Total,250,519.0
MA,GR,OEP,IF,Commercial,500,254.0
MA,GR,OEP,IF,Personal,500,350.0
MA,GR,OEP,IF,Total,500,604.0
MA,GR,OEP,IF,Commercial,1000,276.0
MA,GR,OEP,IF,Personal,1000,383.0
MA,GR,OEP,IF,Total,1000,660.0
MA,GR,AEP,IF,Commercial,5,60.0
MA,GR,AEP,IF,Personal,5,82.0
MA,GR,AEP,IF,Total,5,142.0
MA,GR,AEP,IF,Commercial,10,87.0
MA,GR,AEP,IF,Personal,10,121.0
MA,GR,AEP,IF,Total,10,209.0
MA,GR,AEP,IF,Commercial,20,123.0
MA,GR,AEP,IF,Personal,20,169.0
MA,GR,AEP,IF,Total,20,292.0
MA,GR,AEP,IF,Commercial,25,126.0
MA,GR,AEP,IF,Personal,25,180.0
MA,GR,AEP,IF,Total,25,306.0
MA,GR,AEP,IF,Commercial,50,170.0
MA,GR,AEP,IF,Personal,50,216.0
MA,GR,AEP,IF,Total,50,387.0
MA,GR,AEP,IF,Commercial,100,205.0
MA,GR,AEP,IF,Personal,100,264.0
MA,GR,AEP,IF,Total,100,469.0
MA,GR,AEP,IF,Commercial,200,232.0
MA,GR,AEP,IF,Personal,200,319.0
MA,GR,AEP,IF,Total,200,551.0
MA,GR,AEP,IF,Commercial,250,232.0
MA,GR,AEP,IF,Personal,250,351.0
MA,GR,AEP,IF,Total,250,583.0
MA,GR,AEP,IF,Commercial,500,278.0
MA,GR,AEP,IF,Personal,500,404.0
MA,GR,AEP,IF,Total,500,681.0
MA,GR,AEP,IF,Commercial,1000,308.0
MA,GR,AEP,IF,Personal,1000,452.0
MA,GR,AEP,IF,Total,1000,760.0
CT,GU,OEP,TC,Commercial,5,410.0
CT,GU,OEP,TC,Personal,5,542.0
CT,GU,OEP,TC,Total,5,952.0
CT,GU,OEP,TC,Commercial,10,727.0
CT,GU,OEP,TC,Personal,10,1046.0
CT,GU,OEP,TC,Total,10,1773.0
CT,GU,OEP,TC,Commercial,20,1209.0
CT,GU,OEP,TC,Personal,20,1723.0
CT,GU,OEP,TC,Total,20,2932.0
CT,GU,OEP,TC,Commercial,25,1361.0
CT,GU,OEP,TC,Personal,25,1834.0
CT,GU,OEP,TC,Total,25,3195.0
CT,GU,OEP,TC,Commercial,50,1875.0
CT,GU,OEP,TC,Personal,50,2719.0
CT,GU,OEP,TC,Total,50,4595.0
CT,GU,OEP,TC,Commercial,100,2733.0
CT,GU,OEP,TC,Personal,100,3408.0
CT,GU,OEP,TC,Total,100,6141.0
CT,GU,OEP,TC,Commercial,200,3439.0
CT,GU,OEP,TC,Personal,200,4800.0
CT,GU,OEP,TC,Total,200,8239.0
CT,GU,OEP,TC,Commercial,250,3464.0
CT,GU,OEP,TC,Personal,250,4765.0
CT,GU,OEP,TC,Total,250,8228.0
CT,GU,OEP,TC,Commercial,500,4561.0
CT,GU,OEP,TC,Personal,500,6225.0
CT,GU,OEP,TC,Total,500,10786.0
CT,GU,OEP,TC,Commercial,1000,5180.0
CT,GU,OEP,TC,Personal,1000,7669.0
CT,GU,OEP,TC,Total,1000,12849.0
CT,GU,AEP,TC,Commercial,5,442.0
CT,GU,AEP,TC,Personal,5,628.0
CT,GU,AEP,TC,Total,5,1070.0
CT,GU,AEP,TC,Commercial,10,871.0
CT,GU,AEP,TC,Personal,10,1186.0
CT,GU,AEP,TC,Total,10,2057.0
CT,GU,AEP,TC,Commercial,20,1350.0
CT,GU,AEP,TC,Personal,20,1801.0
CT,GU,AEP,TC,Total,20,3151.0
CT,GU,AEP,TC,Commercial,25,1535.0
CT,GU,AEP,TC,Personal,25,2018.0
CT,GU,AEP,TC,Total,25,3553.0
CT,GU,AEP,TC,Commercial,50,2213.0
CT,GU,AEP,TC,Personal,50,2877.0
CT,GU,AEP,TC,Total,50,5091.0
CT,GU,AEP,TC,Commercial,100,2926.0
CT,GU,AEP,TC,Personal,100,3827.0
CT,GU,AEP,TC,Total,100,6753.0
CT,GU,AEP,TC,Commercial,200,3686.0
CT,GU,AEP,TC,Personal,200,5018.0
CT,GU,AEP,TC,Total,200,8704.0
CT,GU,AEP,TC,Commercial,250,4100.0
CT,GU,AEP,TC,Personal,250,5712.0
CT,GU,AEP,TC,Total,250,9812.0
CT,GU,AEP,TC,Commercial,500,4791.0
CT,GU,AEP,TC,Personal,500,7111.0
CT,GU,AEP,TC,Total,500,11902.0
CT,GU,AEP,TC,Commercial,1000,6282.0
CT,GU,AEP,TC,Personal,1000,8180.0
CT,GU,AEP,TC,Total,1000,14462.0
CT,GU,OEP,SU,Commercial,5,173.0
CT,GU,OEP,SU,Personal,5,208.0
CT,GU,OEP,SU,Total,5,381.0
CT,GU,OEP,SU,Commercial,10,296.0
CT,GU,OEP,SU,Personal,10,380.0
CT,GU,OEP,SU,Total,10,677.0
CT,GU,OEP,SU,Commercial,20,454.0
CT,GU,OEP,SU,Personal,20,608.0
CT,GU,OEP,SU,Total,20,1062.0
CT,GU,OEP,SU,Commercial,25,556.0
CT,GU,OEP,SU,Personal,25,681.0
CT,GU,OEP,SU,Total,25,1237.0
CT,GU,OEP,SU,Commercial,50,740.0
CT,GU,OEP,SU,Personal,50,915.0
CT,GU,OEP,SU,Total,50,1655.0
CT,GU,OEP,SU,Commercial,100,1010.0
CT,GU,OEP,SU,Personal,100,1161.0
CT,GU,OEP,SU,Total,100,2170.0
CT,GU,OEP,SU,Commercial,200,1162.0
CT,GU,OEP,SU,Personal,200,1510.0
CT,GU,OEP,SU,Total,200,2672.0
CT,GU,OEP,SU,Commercial,250,1277.0
CT,GU,OEP,SU,Personal,250,1578.0
CT,GU,OEP,SU,Total,250,2855.0
CT,GU,OEP,SU,Commercial,500,1501.0
CT,GU,OEP,SU,Personal,500,1971.0
CT,GU,OEP,SU,Total,500,3473.0
CT,GU,OEP,SU,Commercial,1000,1836.0
CT,GU,OEP,SU,Personal,1000,2252.0
CT,GU,OEP,SU,Total,1000,4088.0
CT,GU,AEP,SU,Commercial,5,182.0
CT,GU,AEP,SU,Personal,5,232.0
CT,GU,AEP,SU,Total,5,414.0
CT,GU,AEP,SU,Commercial,10,357.0
CT,GU,AEP,SU,Personal,10,418.0
CT,GU,AEP,SU,Total,10,775.0
CT,GU,AEP,SU,Commercial,20,540.0
CT,GU,AEP,SU,Personal,20,673.0
CT,GU,AEP,SU,Total,20,1213.0
CT,GU,AEP,SU,Commercial,25,587.0
CT,GU,AEP,SU,Personal,25,762.0
CT,GU,AEP,SU,Total,25,1349.0
CT,GU,AEP,SU,Commercial,50,840.0
CT,GU,AEP,SU,Personal,50,1025.0
CT,GU,AEP,SU,Total,50,1865.0
CT,GU,AEP,SU,Commercial,100,1025.0
CT,GU,AEP,SU,Personal,100,1271.0
CT,GU,AEP,SU,Total,100,2296.0
CT,GU,AEP,SU,Commercial,200,1426.0
CT,GU,AEP,SU,Personal,200,1728.0
CT,GU,AEP,SU,Total,200,3154.0
CT,GU,AEP,SU,Commercial,250,1519.0
CT,GU,AEP,SU,Personal,250,1871.0
CT,GU,AEP,SU,Total,250,3390.0
CT,GU,AEP,SU,Commercial,500,1684.0
CT,GU,AEP,SU,Personal,500,2250.0
CT,GU,AEP,SU,Total,500,3934.0
CT,GU,AEP,SU,Commercial,1000,2096.0
CT,GU,AEP,SU,Personal,1000,2679.0
CT,GU,AEP,SU,Total,1000,4774.0
CT,GU,OEP,PF,Commercial,5,58.0
CT,GU,OEP,PF,Personal,5,80.0
CT,GU,OEP,PF,Total,5,138.0
CT,GU,OEP,PF,Commercial,10,99.0
CT,GU,OEP,PF,Personal,10,134.0
CT,GU,OEP,PF,Total,10,233.0
CT,GU,OEP,PF,Commercial,20,138.0
CT,GU,OEP,PF,Personal,20,180.0
CT,GU,OEP,PF,Total,20,318.0
CT,GU,OEP,PF,Commercial,25,147.0
CT,GU,OEP,PF,Personal,25,211.0
CT,GU,OEP,PF,Total,25,357.0
CT,GU,OEP,PF,Commercial,50,192.0
CT,GU,OEP,PF,Personal,50,258.0
CT,GU,OEP,PF,Total,50,450.0
CT,GU,OEP,PF,Commercial,100,240.0
CT,GU,OEP,PF,Personal,100,318.0
CT,GU,OEP,PF,Total,100,557.0
CT,GU,OEP,PF,Commercial,200,288.0
CT,GU,OEP,PF,Personal,200,382.0
CT,GU,OEP,PF,Total,200,670.0
CT,GU,OEP,PF,Commercial,250,312.0
CT,GU,OEP,PF,Personal,250,422.0
CT,GU,OEP,PF,Total,250,734.0
CT,GU,OEP,PF,Commercial,500,367.0
CT,GU,OEP,PF,Personal,500,476.0
CT,GU,OEP,PF,Total,500,843.0
CT,GU,OEP,PF,Commercial,1000,402.0
CT,GU,OEP,PF,Personal,1000,554.0
CT,GU,OEP,PF,Total,1000,956.0
CT,GU,AEP,PF,Commercial,5,70.0
CT,GU,AEP,PF,Personal,5,92.0
CT,GU,AEP,PF,Total,5,162.0
CT,GU,AEP,PF,Commercial,10,111.0
CT,GU,AEP,PF,Personal,10,149.0
CT,GU,AEP,PF,Total,10,260.0
CT,GU,AEP,PF,Commercial,20,155.0
CT,GU,AEP,PF,Personal,20,210.0
CT,GU,AEP,PF,Total,20,366.0
CT,GU,AEP,PF,Commercial,25,163.0
CT,GU,AEP,PF,Personal,25,225.0
CT,GU,AEP,PF,Total,25,388.0
CT,GU,AEP,PF,Commercial,50,218.0
CT,GU,AEP,PF,Personal,50,276.0
CT,GU,AEP,PF,Total,50,494.0
CT,GU,AEP,PF,Commercial,100,277.0
CT,GU,AEP,PF,Personal,100,363.0
CT,GU,AEP,PF,Total,100,639.0
CT,GU,AEP,PF,Commercial,200,309.0
CT,GU,AEP,PF,Personal,200,444.0
CT,GU,AEP,PF,Total,200,753.0
CT,GU,AEP,PF,Commercial,250,345.0
CT,GU,AEP,PF,Personal,250,466.0
CT,GU,AEP,PF,Total,250,812.0
CT,GU,AEP,PF,Commercial,500,390.0
CT,GU,AEP,PF,Personal,500,549.0
CT,GU,AEP,PF,Total,500,939.0
CT,GU,AEP,PF,Commercial,1000,448.0
CT,GU,AEP,PF,Personal,1000,612.0
CT,GU,AEP,PF,Total,1000,1061.0
CT,GU,OEP,IF,Commercial,5,22.0
CT,GU,OEP,IF,Personal,5,35.0
CT,GU,OEP,IF,Total,5,56.0
CT,GU,OEP,IF,Commercial,10,35.0
CT,GU,OEP,IF,Personal,10,52.0
CT,GU,OEP,IF,Total,10,87.0
CT,GU,OEP,IF,Commercial,20,47.0
CT,GU,OEP,IF,Personal,20,72.0
CT,GU,OEP,IF,Total,20,119.0
CT,GU,OEP,IF,Commercial,25,52.0
CT,GU,OEP,IF,Personal,25,74.0
CT,GU,OEP,IF,Total,25,126.0
CT,GU,OEP,IF,Commercial,50,66.0
CT,GU,OEP,IF,Personal,50,97.0
CT,GU,OEP,IF,Total,50,163.0
CT,GU,OEP,IF,Commercial,100,80.0
CT,GU,OEP,IF,Personal,100,120.0
CT,GU,OEP,IF,Total,100,200.0
CT,GU,OEP,IF,Commercial,200,94.0
CT,GU,OEP,IF,Personal,200,138.0
CT,GU,OEP,IF,Total,200,232.0
CT,GU,OEP,IF,Commercial,250,95.0
CT,GU,OEP,IF,Personal,250,137.0
CT,GU,OEP,IF,Total,250,232.0
CT,GU,OEP,IF,Commercial,500,108.0
CT,GU,OEP,IF,Personal,500,166.0
CT,GU,OEP,IF,Total,500,275.0
CT,GU,OEP,IF,Commercial,1000,122.0
CT,GU,OEP,IF,Personal,1000,190.0
CT,GU,OEP,IF,Total,1000,312.0
CT,GU,AEP,IF,Commercial,5,25.0
CT,GU,AEP,IF,Personal,5,38.0
CT,GU,AEP,IF,Total,5,62.0
CT,GU,AEP,IF,Commercial,10,39.0
CT,GU,AEP,IF,Personal,10,58.0
CT,GU,AEP,IF,Total,10,96.0
CT,GU,AEP,IF,Commercial,20,50.0
CT,GU,AEP,IF,Personal,20,76.0
CT,GU,AEP,IF,Total,20,126.0
CT,GU,AEP,IF,Commercial,25,59.0
CT,GU,AEP,IF,Personal,25,85.0
CT,GU,AEP,IF,Total,25,144.0
CT,GU,AEP,IF,Commercial,50,68.0
CT,GU,AEP,IF,Personal,50,101.0
CT,GU,AEP,IF,Total,50,169.0
CT,GU,AEP,IF,Commercial,100,85.0
CT,GU,AEP,IF,Personal,100,124.0
CT,GU,AEP,IF,Total,100,210.0
CT,GU,AEP,IF,Commercial,200,103.0
CT,GU,AEP,IF,Personal,200,155.0
CT,GU,AEP,IF,Total,200,258.0
CT,GU,AEP,IF,Commercial,250,103.0
CT,GU,AEP,IF,Personal,250,160.0
CT,GU,AEP,IF,Total,250,262.0
CT,GU,AEP,IF,Commercial,500,117.0
CT,GU,AEP,IF,Personal,500,178.0
CT,GU,AEP,IF,Total,500,295.0
CT,GU,AEP,IF,Commercial,1000,142.0
CT,GU,AEP,IF,Personal,1000,206.0
CT,GU,AEP,IF,Total,1000,348.0
CT,GR,OEP,TC,Commercial,5,317.0
CT,GR,OEP,TC,Personal,5,406.0
CT,GR,OEP,TC,Total,5,723.0
CT,GR,OEP,TC,Commercial,10,572.0
CT,GR,OEP,TC,Personal,10,793.0
CT,GR,OEP,TC,Total,10,1365.0
CT,GR,OEP,TC,Commercial,20,932.0
CT,GR,OEP,TC,Personal,20,1341.0
CT,GR,OEP,TC,Total,20,2273.0
CT,GR,OEP,TC,Commercial,25,1022.0
CT,GR,OEP,TC,Personal,25,1505.0
CT,GR,OEP,TC,Total,25,2527.0
CT,GR,OEP,TC,Commercial,50,1565.0
CT,GR,OEP,TC,Personal,50,2077.0
CT,GR,OEP,TC,Total,50,3641.0
CT,GR,OEP,TC,Commercial,100,1993.0
CT,GR,OEP,TC,Personal,100,2776.0
CT,GR,OEP,TC,Total,100,4769.0
CT,GR,OEP,TC,Commercial,200,2552.0
CT,GR,OEP,TC,Personal,200,3673.0
CT,GR,OEP,TC,Total,200,6225.0
CT,GR,OEP,TC,Commercial,250,2807.0
CT,GR,OEP,TC,Personal,250,4004.0
CT,GR,OEP,TC,Total,250,6811.0
CT,GR,OEP,TC,Commercial,500,3516.0
CT,GR,OEP,TC,Personal,500,4759.0
CT,GR,OEP,TC,Total,500,8275.0
CT,GR,OEP,TC,Commercial,1000,4290.0
CT,GR,OEP,TC,Personal,1000,5750.0
CT,GR,OEP,TC,Total,1000,10041.0
CT,GR,AEP,TC,Commercial,5,356.0
CT,GR,AEP,TC,Personal,5,453.0
CT,GR,AEP,TC,Total,5,809.0
CT,GR,AEP,TC,Commercial,10,682.0
CT,GR,AEP,TC,Personal,10,919.0
CT,GR,AEP,TC,Total,10,1601.0
CT,GR,AEP,TC,Commercial,20,1084.0
CT,GR,AEP,TC,Personal,20,1429.0
CT,GR,AEP,TC,Total,20,2512.0
CT,GR,AEP,TC,Commercial,25,1230.0
CT,GR,AEP,TC,Personal,25,1597.0
CT,GR,AEP,TC,Total,25,2828.0
CT,GR,AEP,TC,Commercial,50,1735.0
CT,GR,AEP,TC,Personal,50,2230.0
CT,GR,AEP,TC,Total,50,3966.0
CT,GR,AEP,TC,Commercial,100,2224.0
CT,GR,AEP,TC,Personal,100,3086.0
CT,GR,AEP,TC,Total,100,5310.0
CT,GR,AEP,TC,Commercial,200,2867.0
CT,GR,AEP,TC,Personal,200,3949.0
CT,GR,AEP,TC,Total,200,6816.0
CT,GR,AEP,TC,Commercial,250,3245.0
CT,GR,AEP,TC,Personal,250,4197.0
CT,GR,AEP,TC,Total,250,7442.0
CT,GR,AEP,TC,Commercial,500,3985.0
CT,GR,AEP,TC,Personal,500,5095.0
CT,GR,AEP,TC,Total,500,9081.0
CT,GR,AEP,TC,Commercial,1000,4831.0
CT,GR,AEP,TC,Personal,1000,6626.0
CT,GR,AEP,TC,Total,1000,11457.0
CT,GR,OEP,SU,Commercial,5,144.0
CT,GR,OEP,SU,Personal,5,183.0
CT,GR,OEP,SU,Total,5,328.0
CT,GR,OEP,SU,Commercial,10,274.0
CT,GR,OEP,SU,Personal,10,334.0
CT,GR,OEP,SU,Total,10,608.0
CT,GR,OEP,SU,Commercial,20,402.0
CT,GR,OEP,SU,Personal,20,499.0
CT,GR,OEP,SU,Total,20,901.0
CT,GR,OEP,SU,Commercial,25,471.0
CT,GR,OEP,SU,Personal,25,551.0
CT,GR,OEP,SU,Total,25,1022.0
CT,GR,OEP,SU,Commercial,50,651.0
CT,GR,OEP,SU,Personal,50,763.0
CT,GR,OEP,SU,Total,50,1414.0
CT,GR,OEP,SU,Commercial,100,852.0
CT,GR,OEP,SU,Personal,100,974.0
CT,GR,OEP,SU,Total,100,1826.0
CT,GR,OEP,SU,Commercial,200,994.0
CT,GR,OEP,SU,Personal,200,1344.0
CT,GR,OEP,SU,Total,200,2339.0
CT,GR,OEP,SU,Commercial,250,1156.0
CT,GR,OEP,SU,Personal,250,1423.0
CT,GR,OEP,SU,Total,250,2580.0
CT,GR,OEP,SU,Commercial,500,1417.0
CT,GR,OEP,SU,Personal,500,1656.0
CT,GR,OEP,SU,Total,500,3073.0
CT,GR,OEP,SU,Commercial,1000,1579.0
CT,GR,OEP,SU,Personal,1000,1911.0
CT,GR,OEP,SU,Total,1000,3490.0
CT,GR,AEP,SU,Commercial,5,163.0
CT,GR,AEP,SU,Personal,5,195.0
CT,GR,AEP,SU,Total,5,359.0
CT,GR,AEP,SU,Commercial,10,308.0
CT,GR,AEP,SU,Personal,10,345.0
CT,GR,AEP,SU,Total,10,653.0
CT,GR,AEP,SU,Commercial,20,439.0
CT,GR,AEP,SU,Personal,20,546.0
CT,GR,AEP,SU,Total,20,985.0
CT,GR,AEP,SU,Commercial,25,497.0
CT,GR,AEP,SU,Personal,25,613.0
CT,GR,AEP,SU,Total,25,1110.0
CT,GR,AEP,SU,Commercial,50,718.0
CT,GR,AEP,SU,Personal,50,855.0
CT,GR,AEP,SU,Total,50,1573.0
CT,GR,AEP,SU,Commercial,100,936.0
CT,GR,AEP,SU,Personal,100,1183.0
CT,GR,AEP,SU,Total,100,2119.0
CT,GR,AEP,SU,Commercial,200,1179.0
CT,GR,AEP,SU,Personal,200,1462.0
CT,GR,AEP,SU,Total,200,2641.0
CT,GR,AEP,SU,Commercial,250,1232.0
CT,GR,AEP,SU,Personal,250,1483.0
CT,GR,AEP,SU,Total,250,2715.0
CT,GR,AEP,SU,Commercial,500,1491.0
CT,GR,AEP,SU,Personal,500,1953.0
CT,GR,AEP,SU,Total,500,3444.0
CT,GR,AEP,SU,Commercial,1000,1829.0
CT,GR,AEP,SU,Personal,1000,2173.0
CT,GR,AEP,SU,Total,1000,4002.0
CT,GR,OEP,PF,Commercial,5,51.0
CT,GR,OEP,PF,Personal,5,71.0
CT,GR,OEP,PF,Total,5,122.0
CT,GR,OEP,PF,Commercial,10,82.0
CT,GR,OEP,PF,Personal,10,110.0
CT,GR,OEP,PF,Total,10,193.0
CT,GR,OEP,PF,Commercial,20,118.0
CT,GR,OEP,PF,Personal,20,157.0
CT,GR,OEP,PF,Total,20,275.0
CT,GR,OEP,PF,Commercial,25,127.0
CT,GR,OEP,PF,Personal,25,164.0
CT,GR,OEP,PF,Total,25,291.0
CT,GR,OEP,PF,Commercial,50,155.0
CT,GR,OEP,PF,Personal,50,228.0
CT,GR,OEP,PF,Total,50,383.0
CT,GR,OEP,PF,Commercial,100,201.0
CT,GR,OEP,PF,Personal,100,267.0
CT,GR,OEP,PF,Total,100,469.0
CT,GR,OEP,PF,Commercial,200,241.0
CT,GR,OEP,PF,Personal,200,309.0
CT,GR,OEP,PF,Total,200,551.0
CT,GR,OEP,PF,Commercial,250,261.0
CT,GR,OEP,PF,Personal,250,332.0
CT,GR,OEP,PF,Total,250,592.0
CT,GR,OEP,PF,Commercial,500,303.0
CT,GR,OEP,PF,Personal,500,400.0
CT,GR,OEP,PF,Total,500,703.0
CT,GR,OEP,PF,Commercial,1000,330.0
CT,GR,OEP,PF,Personal,1000,435.0
CT,GR,OEP,PF,Total,1000,766.0
CT,GR,AEP,PF,Commercial,5,59.0
CT,GR,AEP,PF,Personal,5,75.0
CT,GR,AEP,PF,Total,5,133.0
CT,GR,AEP,PF,Commercial,10,87.0
CT,GR,AEP,PF,Personal,10,126.0
CT,GR,AEP,PF,Total,10,212.0
CT,GR,AEP,PF,Commercial,20,126.0
CT,GR,AEP,PF,Personal,20,171.0
CT,GR,AEP,PF,Total,20,297.0
CT,GR,AEP,PF,Commercial,25,137.0
CT,GR,AEP,PF,Personal,25,196.0
CT,GR,AEP,PF,Total,25,333.0
CT,GR,AEP,PF,Commercial,50,177.0
CT,GR,AEP,PF,Personal,50,237.0
CT,GR,AEP,PF,Total,50,414.0
CT,GR,AEP,PF,Commercial,100,219.0
CT,GR,AEP,PF,Personal,100,293.0
CT,GR,AEP,PF,Total,100,512.0
CT,GR,AEP,PF,Commercial,200,263.0
CT,GR,AEP,PF,Personal,200,347.0
CT,GR,AEP,PF,Total,200,610.0
CT,GR,AEP,PF,Commercial,250,273.0
CT,GR,AEP,PF,Personal,250,379.0
CT,GR,AEP,PF,Total,250,652.0
CT,GR,AEP,PF,Commercial,500,342.0
CT,GR,AEP,PF,Personal,500,426.0
CT,GR,AEP,PF,Total,500,768.0
CT,GR,AEP,PF,Commercial,1000,367.0
CT,GR,AEP,PF,Personal,1000,533.0
CT,GR,AEP,PF,Total,1000,900.0
CT,GR,OEP,IF,Commercial,5,22.0
CT,GR,OEP,IF,Personal,5,31.0
CT,GR,OEP,IF,Total,5,53.0
CT,GR,OEP,IF,Commercial,10,31.0
CT,GR,OEP,IF,Personal,10,46.0
CT,GR,OEP,IF,Total,10,77.0
CT,GR,OEP,IF,Commercial,20,42.0
CT,GR,OEP,IF,Personal,20,60.0
CT,GR,OEP,IF,Total,20,102.0
CT,GR,OEP,IF,Commercial,25,46.0
CT,GR,OEP,IF,Personal,25,69.0
CT,GR,OEP,IF,Total,25,115.0
CT,GR,OEP,IF,Commercial,50,58.0
CT,GR,OEP,IF,Personal,50,86.0
CT,GR,OEP,IF,Total,50,144.0
CT,GR,OEP,IF,Commercial,100,69.0
CT,GR,OEP,IF,Personal,100,101.0
CT,GR,OEP,IF,Total,100,171.0
CT,GR,OEP,IF,Commercial,200,85.0
CT,GR,OEP,IF,Personal,200,126.0
CT,GR,OEP,IF,Total,200,211.0
CT,GR,OEP,IF,Commercial,250,85.0
CT,GR,OEP,IF,Personal,250,128.0
CT,GR,OEP,IF,Total,250,213.0
CT,GR,OEP,IF,Commercial,500,97.0
CT,GR,OEP,IF,Personal,500,139.0
CT,GR,OEP,IF,Total,500,236.0
CT,GR,OEP,IF,Commercial,1000,115.0
CT,GR,OEP,IF,Personal,1000,159.0
CT,GR,OEP,IF,Total,1000,274.0
CT,GR,AEP,IF,Commercial,5,23.0
CT,GR,AEP,IF,Personal,5,34.0
CT,GR,AEP,IF,Total,5,58.0
CT,GR,AEP,IF,Commercial,10,35.0
CT,GR,AEP,IF,Personal,10,50.0
CT,GR,AEP,IF,Total,10,84.0
CT,GR,AEP,IF,Commercial,20,47.0
CT,GR,AEP,IF,Personal,20,74.0
CT,GR,AEP,IF,Total,20,121.0
CT,GR,AEP,IF,Commercial,25,53.0
CT,GR,AEP,IF,Personal,25,75.0
CT,GR,AEP,IF,Total,25,128.0
CT,GR,AEP,IF,Commercial,50,63.0
CT,GR,AEP,IF,Personal,50,97.0
CT,GR,AEP,IF,Total,50,159.0
CT,GR,AEP,IF,Commercial,100,76.0
CT,GR,AEP,IF,Personal,100,116.0
CT,GR,AEP,IF,Total,100,192.0
CT,GR,AEP,IF,Commercial,200,95.0
CT,GR,AEP,IF,Personal,200,134.0
CT,GR,AEP,IF,Total,200,230.0
CT,GR,AEP,IF,Commercial,250,95.0
CT,GR,AEP,IF,Personal,250,136.0
CT,GR,AEP,IF,Total,250,231.0
CT,GR,AEP,IF,Commercial,500,106.0
CT,GR,AEP,IF,Personal,500,162.0
CT,GR,AEP,IF,Total,500,268.0
CT,GR,AEP,IF,Commercial,1000,131.0
CT,GR,AEP,IF,Personal,1000,179.0
CT,GR,AEP,IF,Total,1000,310.0
AL,GU,OEP,TC,Commercial,5,1299.0
AL,GU,OEP,TC,Personal,5,1653.0
AL,GU,OEP,TC,Total,5,2952.0
AL,GU,OEP,TC,Commercial,10,2348.0
AL,GU,OEP,TC,Personal,10,2986.0
AL,GU,OEP,TC,Total,10,5334.0
AL,GU,OEP,TC,Commercial,20,3878.0
AL,GU,OEP,TC,Personal,20,5051.0
AL,GU,OEP,TC,Total,20,8929.0
AL,GU,OEP,TC,Commercial,25,4462.0
AL,GU,OEP,TC,Personal,25,5785.0
AL,GU,OEP,TC,Total,25,10247.0
AL,GU,OEP,TC,Commercial,50,6612.0
AL,GU,OEP,TC,Personal,50,8237.0
AL,GU,OEP,TC,Total,50,14849.0
AL,GU,OEP,TC,Commercial,100,8975.0
AL,GU,OEP,TC,Personal,100,11044.0
AL,GU,OEP,TC,Total,100,20018.0
AL,GU,OEP,TC,Commercial,200,11397.0
AL,GU,OEP,TC,Personal,200,14322.0
AL,GU,OEP,TC,Total,200,25719.0
AL,GU,OEP,TC,Commercial,250,12131.0
AL,GU,OEP,TC,Personal,250,15381.0
AL,GU,OEP,TC,Total,250,27512.0
AL,GU,OEP,TC,Commercial,500,15308.0
AL,GU,OEP,TC,Personal,500,18426.0
AL,GU,OEP,TC,Total,500,33734.0
AL,GU,OEP,TC,Commercial,1000,17992.0
AL,GU,OEP,TC,Personal,1000,22378.0
AL,GU,OEP,TC,Total,1000,40370.0
AL,GU,AEP,TC,Commercial,5,1495.0
AL,GU,AEP,TC,Personal,5,1806.0
AL,GU,AEP,TC,Total,5,3300.0
AL,GU,AEP,TC,Commercial,10,2839.0
AL,GU,AEP,TC,Personal,10,3568.0
AL,GU,AEP,TC,Total,10,6407.0
AL,GU,AEP,TC,Commercial,20,4622.0
AL,GU,AEP,TC,Personal,20,5423.0
AL,GU,AEP,TC,Total,20,10045.0
AL,GU,AEP,TC,Commercial,25,5133.0
AL,GU,AEP,TC,Personal,25,6493.0
AL,GU,AEP,TC,Total,25,11627.0
AL,GU,AEP,TC,Commercial,50,7454.0
AL,GU,AEP,TC,Personal,50,9359.0
AL,GU,AEP,TC,Total,50,16813.0
AL,GU,AEP,TC,Commercial,100,9650.0
AL,GU,AEP,TC,Personal,100,12158.0
AL,GU,AEP,TC,Total,100,21808.0
AL,GU,AEP,TC,Commercial,200,11920.0
AL,GU,AEP,TC,Personal,200,16263.0
AL,GU,AEP,TC,Total,200,28182.0
AL,GU,AEP,TC,Commercial,250,12955.0
AL,GU,AEP,TC,Personal,250,17098.0
AL,GU,AEP,TC,Total,250,30053.0
AL,GU,AEP,TC,Commercial,500,16917.0
AL,GU,AEP,TC,Personal,500,20567.0
AL,GU,AEP,TC,Total,500,37484.0
AL,GU,AEP,TC,Commercial,1000,19302.0
AL,GU,AEP,TC,Personal,1000,24248.0
AL,GU,AEP,TC,Total,1000,43550.0
AL,GU,OEP,SU,Commercial,5,545.0
AL,GU,OEP,SU,Personal,5,798.0
AL,GU,OEP,SU,Total,5,1343.0
AL,GU,OEP,SU,Commercial,10,911.0
AL,GU,OEP,SU,Personal,10,1471.0
AL,GU,OEP,SU,Total,10,2382.0
AL,GU,OEP,SU,Commercial,20,1429.0
AL,GU,OEP,SU,Personal,20,2307.0
AL,GU,OEP,SU,Total,20,3736.0
AL,GU,OEP,SU,Commercial,25,1619.0
AL,GU,OEP,SU,Personal,25,2428.0
AL,GU,OEP,SU,Total,25,4047.0
AL,GU,OEP,SU,Commercial,50,2183.0
AL,GU,OEP,SU,Personal,50,3457.0
AL,GU,OEP,SU,Total,50,5640.0
AL,GU,OEP,SU,Commercial,100,2966.0
AL,GU,OEP,SU,Personal,100,4633.0
AL,GU,OEP,SU,Total,100,7599.0
AL,GU,OEP,SU,Commercial,200,3743.0
AL,GU,OEP,SU,Personal,200,5607.0
AL,GU,OEP,SU,Total,200,9350.0
AL,GU,OEP,SU,Commercial,250,3925.0
AL,GU,OEP,SU,Personal,250,5962.0
AL,GU,OEP,SU,Total,250,9887.0
AL,GU,OEP,SU,Commercial,500,5096.0
AL,GU,OEP,SU,Personal,500,7163.0
AL,GU,OEP,SU,Total,500,12259.0
AL,GU,OEP,SU,Commercial,1000,6103.0
AL,GU,OEP,SU,Personal,1000,8671.0
AL,GU,OEP,SU,Total,1000,14774.0
AL,GU,AEP,SU,Commercial,5,565.0
AL,GU,AEP,SU,Personal,5,871.0
AL,GU,AEP,SU,Total,5,1436.0
AL,GU,AEP,SU,Commercial,10,1017.0
AL,GU,AEP,SU,Personal,10,1660.0
AL,GU,AEP,SU,Total,10,2676.0
AL,GU,AEP,SU,Commercial,20,1644.0
AL,GU,AEP,SU,Personal,20,2449.0
AL,GU,AEP,SU,Total,20,4093.0
AL,GU,AEP,SU,Commercial,25,1879.0
AL,GU,AEP,SU,Personal,25,2840.0
AL,GU,AEP,SU,Total,25,4719.0
AL,GU,AEP,SU,Commercial,50,2662.0
AL,GU,AEP,SU,Personal,50,4046.0
AL,GU,AEP,SU,Total,50,6708.0
AL,GU,AEP,SU,Commercial,100,3398.0
AL,GU,AEP,SU,Personal,100,5223.0
AL,GU,AEP,SU,Total,100,8621.0
AL,GU,AEP,SU,Commercial,200,4330.0
AL,GU,AEP,SU,Personal,200,6374.0
AL,GU,AEP,SU,Total,200,10704.0
AL,GU,AEP,SU,Commercial,250,4595.0
AL,GU,AEP,SU,Personal,250,6541.0
AL,GU,AEP,SU,Total,250,11136.0
AL,GU,AEP,SU,Commercial,500,5615.0
AL,GU,AEP,SU,Personal,500,8684.0
AL,GU,AEP,SU,Total,500,14299.0
AL,GU,AEP,SU,Commercial,1000,6246.0
AL,GU,AEP,SU,Personal,1000,10215.0
AL,GU,AEP,SU,Total,1000,16461.0
AL,GU,OEP,PF,Commercial,5,178.0
AL,GU,OEP,PF,Personal,5,239.0
AL,GU,OEP,PF,Total,5,417.0
AL,GU,OEP,PF,Commercial,10,272.0
AL,GU,OEP,PF,Personal,10,409.0
AL,GU,OEP,PF,Total,10,681.0
AL,GU,OEP,PF,Commercial,20,400.0
AL,GU,OEP,PF,Personal,20,531.0
AL,GU,OEP,PF,Total,20,931.0
AL,GU,OEP,PF,Commercial,25,413.0
AL,GU,OEP,PF,Personal,25,618.0
AL,GU,OEP,PF,Total,25,1031.0
AL,GU,OEP,PF,Commercial,50,526.0
AL,GU,OEP,PF,Personal,50,767.0
AL,GU,OEP,PF,Total,50,1293.0
AL,GU,OEP,PF,Commercial,100,637.0
AL,GU,OEP,PF,Personal,100,932.0
AL,GU,OEP,PF,Total,100,1568.0
AL,GU,OEP,PF,Commercial,200,807.0
AL,GU,OEP,PF,Personal,200,1176.0
AL,GU,OEP,PF,Total,200,1983.0
AL,GU,OEP,PF,Commercial,250,859.0
AL,GU,OEP,PF,Personal,250,1256.0
AL,GU,OEP,PF,Total,250,2115.0
AL,GU,OEP,PF,Commercial,500,978.0
AL,GU,OEP,PF,Personal,500,1393.0
AL,GU,OEP,PF,Total,500,2372.0
AL,GU,OEP,PF,Commercial,1000,1077.0
AL,GU,OEP,PF,Personal,1000,1587.0
AL,GU,OEP,PF,Total,1000,2665.0
AL,GU,AEP,PF,Commercial,5,187.0
AL,GU,AEP,PF,Personal,5,267.0
AL,GU,AEP,PF,Total,5,454.0
AL,GU,AEP,PF,Commercial,10,289.0
AL,GU,AEP,PF,Personal,10,424.0
AL,GU,AEP,PF,Total,10,714.0
AL,GU,AEP,PF,Commercial,20,435.0
AL,GU,AEP,PF,Personal,20,626.0
AL,GU,AEP,PF,Total,20,1061.0
AL,GU,AEP,PF,Commercial,25,490.0
AL,GU,AEP,PF,Personal,25,699.0
AL,GU,AEP,PF,Total,25,1189.0
AL,GU,AEP,PF,Commercial,50,610.0
AL,GU,AEP,PF,Personal,50,843.0
AL,GU,AEP,PF,Total,50,1453.0
AL,GU,AEP,PF,Commercial,100,753.0
AL,GU,AEP,PF,Personal,100,1034.0
AL,GU,AEP,PF,Total,100,1787.0
AL,GU,AEP,PF,Commercial,200,892.0
AL,GU,AEP,PF,Personal,200,1283.0
AL,GU,AEP,PF,Total,200,2175.0
AL,GU,AEP,PF,Commercial,250,941.0
AL,GU,AEP,PF,Personal,250,1339.0
AL,GU,AEP,PF,Total,250,2280.0
AL,GU,AEP,PF,Commercial,500,1126.0
AL,GU,AEP,PF,Personal,500,1651.0
AL,GU,AEP,PF,Total,500,2777.0
AL,GU,AEP,PF,Commercial,1000,1302.0
AL,GU,AEP,PF,Personal,1000,1855.0
AL,GU,AEP,PF,Total,1000,3157.0
AL,GU,OEP,IF,Commercial,5,51.0
AL,GU,OEP,IF,Personal,5,72.0
AL,GU,OEP,IF,Total,5,123.0
AL,GU,OEP,IF,Commercial,10,79.0
AL,GU,OEP,IF,Personal,10,115.0
AL,GU,OEP,IF,Total,10,193.0
AL,GU,OEP,IF,Commercial,20,102.0
AL,GU,OEP,IF,Personal,20,152.0
AL,GU,OEP,IF,Total,20,253.0
AL,GU,OEP,IF,Commercial,25,118.0
AL,GU,OEP,IF,Personal,25,170.0
AL,GU,OEP,IF,Total,25,288.0
AL,GU,OEP,IF,Commercial,50,141.0
AL,GU,OEP,IF,Personal,50,212.0
AL,GU,OEP,IF,Total,50,353.0
AL,GU,OEP,IF,Commercial,100,169.0
AL,GU,OEP,IF,Personal,100,252.0
AL,GU,OEP,IF,Total,100,421.0
AL,GU,OEP,IF,Commercial,200,196.0
AL,GU,OEP,IF,Personal,200,296.0
AL,GU,OEP,IF,Total,200,492.0
AL,GU,OEP,IF,Commercial,250,214.0
AL,GU,OEP,IF,Personal,250,297.0
AL,GU,OEP,IF,Total,250,512.0
AL,GU,OEP,IF,Commercial,500,248.0
AL,GU,OEP,IF,Personal,500,349.0
AL,GU,OEP,IF,Total,500,597.0
AL,GU,OEP,IF,Commercial,1000,277.0
AL,GU,OEP,IF,Personal,1000,409.0
AL,GU,OEP,IF,Total,1000,686.0
AL,GU,AEP,IF,Commercial,5,58.0
AL,GU,AEP,IF,Personal,5,86.0
AL,GU,AEP,IF,Total,5,143.0
AL,GU,AEP,IF,Commercial,10,90.0
AL,GU,AEP,IF,Personal,10,128.0
AL,GU,AEP,IF,Total,10,218.0
AL,GU,AEP,IF,Commercial,20,119.0
AL,GU,AEP,IF,Personal,20,176.0
AL,GU,AEP,IF,Total,20,296.0
AL,GU,AEP,IF,Commercial,25,123.0
AL,GU,AEP,IF,Personal,25,184.0
AL,GU,AEP,IF,Total,25,307.0
AL,GU,AEP,IF,Commercial,50,157.0
AL,GU,AEP,IF,Personal,50,230.0
AL,GU,AEP,IF,Total,50,387.0
AL,GU,AEP,IF,Commercial,100,189.0
AL,GU,AEP,IF,Personal,100,280.0
AL,GU,AEP,IF,Total,100,469.0
AL,GU,AEP,IF,Commercial,200,227.0
AL,GU,AEP,IF,Personal,200,324.0
AL,GU,AEP,IF,Total,200,551.0
AL,GU,AEP,IF,Commercial,250,243.0
AL,GU,AEP,IF,Personal,250,347.0
AL,GU,AEP,IF,Total,250,590.0
AL,GU,AEP,IF,Commercial,500,275.0
AL,GU,AEP,IF,Personal,500,383.0
AL,GU,AEP,IF,Total,500,659.0
AL,GU,AEP,IF,Commercial,1000,304.0
AL,GU,AEP,IF,Personal,1000,430.0
AL,GU,AEP,IF,Total,1000,734.0
AL,GR,OEP,TC,Commercial,5,983.0
AL,GR,OEP,TC,Personal,5,1197.0
AL,GR,OEP,TC,Total,5,2180.0
AL,GR,OEP,TC,Commercial,10,1923.0
AL,GR,OEP,TC,Personal,10,2277.0
AL,GR,OEP,TC,Total,10,4199.0
AL,GR,OEP,TC,Commercial,20,2974.0
AL,GR,OEP,TC,Personal,20,3631.0
AL,GR,OEP,TC,Total,20,6605.0
AL,GR,OEP,TC,Commercial,25,3403.0
AL,GR,OEP,TC,Personal,25,4221.0
AL,GR,OEP,TC,Total,25,7625.0
AL,GR,OEP,TC,Commercial,50,4715.0
AL,GR,OEP,TC,Personal,50,5838.0
AL,GR,OEP,TC,Total,50,10554.0
AL,GR,OEP,TC,Commercial,100,6159.0
AL,GR,OEP,TC,Personal,100,7763.0
AL,GR,OEP,TC,Total,100,13922.0
AL,GR,OEP,TC,Commercial,200,8659.0
AL,GR,OEP,TC,Personal,200,10296.0
AL,GR,OEP,TC,Total,200,18954.0
AL,GR,OEP,TC,Commercial,250,8440.0
AL,GR,OEP,TC,Personal,250,11694.0
AL,GR,OEP,TC,Total,250,20134.0
AL,GR,OEP,TC,Commercial,500,10462.0
AL,GR,OEP,TC,Personal,500,13728.0
AL,GR,OEP,TC,Total,500,24191.0
AL,GR,OEP,TC,Commercial,1000,13583.0
AL,GR,OEP,TC,Personal,1000,17437.0
AL,GR,OEP,TC,Total,1000,31020.0
AL,GR,AEP,TC,Commercial,5,1105.0
AL,GR,AEP,TC,Personal,5,1357.0
AL,GR,AEP,TC,Total,5,2462.0
AL,GR,AEP,TC,Commercial,10,2159.0
AL,GR,AEP,TC,Personal,10,2476.0
AL,GR,AEP,TC,Total,10,4635.0
AL,GR,AEP,TC,Commercial,20,3471.0
AL,GR,AEP,TC,Personal,20,4314.0
AL,GR,AEP,TC,Total,20,7785.0
AL,GR,AEP,TC,Commercial,25,3928.0
AL,GR,AEP,TC,Personal,25,4627.0
AL,GR,AEP,TC,Total,25,8555.0
AL,GR,AEP,TC,Commercial,50,5159.0
AL,GR,AEP,TC,Personal,50,6849.0
AL,GR,AEP,TC,Total,50,12008.0
AL,GR,AEP,TC,Commercial,100,7188.0
AL,GR,AEP,TC,Personal,100,9059.0
AL,GR,AEP,TC,Total,100,16247.0
AL,GR,AEP,TC,Commercial,200,9629.0
AL,GR,AEP,TC,Personal,200,11773.0
AL,GR,AEP,TC,Total,200,21402.0
AL,GR,AEP,TC,Commercial,250,9761.0
AL,GR,AEP,TC,Personal,250,12404.0
AL,GR,AEP,TC,Total,250,22165.0
AL,GR,AEP,TC,Commercial,500,11858.0
AL,GR,AEP,TC,Personal,500,15025.0
AL,GR,AEP,TC,Total,500,26883.0
AL,GR,AEP,TC,Commercial,1000,14358.0
AL,GR,AEP,TC,Personal,1000,19334.0
AL,GR,AEP,TC,Total,1000,33692.0
AL,GR,OEP,SU,Commercial,5,419.0
AL,GR,OEP,SU,Personal,5,626.0
AL,GR,OEP,SU,Total,5,1045.0
AL,GR,OEP,SU,Commercial,10,733.0
AL,GR,OEP,SU,Personal,10,1145.0
AL,GR,OEP,SU,Total,10,1878.0
AL,GR,OEP,SU,Commercial,20,1181.0
AL,GR,OEP,SU,Personal,20,1805.0
AL,GR,OEP,SU,Total,20,2986.0
AL,GR,OEP,SU,Commercial,25,1295.0
AL,GR,OEP,SU,Personal,25,2020.0
AL,GR,OEP,SU,Total,25,3315.0
AL,GR,OEP,SU,Commercial,50,1781.0
AL,GR,OEP,SU,Personal,50,2693.0
AL,GR,OEP,SU,Total,50,4474.0
AL,GR,OEP,SU,Commercial,100,2413.0
AL,GR,OEP,SU,Personal,100,3494.0
AL,GR,OEP,SU,Total,100,5907.0
AL,GR,OEP,SU,Commercial,200,2904.0
AL,GR,OEP,SU,Personal,200,4367.0
AL,GR,OEP,SU,Total,200,7271.0
AL,GR,OEP,SU,Commercial,250,3147.0
AL,GR,OEP,SU,Personal,250,4789.0
AL,GR,OEP,SU,Total,250,7936.0
AL,GR,OEP,SU,Commercial,500,3879.0
AL,GR,OEP,SU,Personal,500,5754.0
AL,GR,OEP,SU,Total,500,9633.0
AL,GR,OEP,SU,Commercial,1000,4417.0
AL,GR,OEP,SU,Personal,1000,7152.0
AL,GR,OEP,SU,Total,1000,11569.0
AL,GR,AEP,SU,Commercial,5,453.0
AL,GR,AEP,SU,Personal,5,728.0
AL,GR,AEP,SU,Total,5,1181.0
AL,GR,AEP,SU,Commercial,10,807.0
AL,GR,AEP,SU,Personal,10,1269.0
AL,GR,AEP,SU,Total,10,2075.0
AL,GR,AEP,SU,Commercial,20,1287.0
AL,GR,AEP,SU,Personal,20,2011.0
AL,GR,AEP,SU,Total,20,3298.0
AL,GR,AEP,SU,Commercial,25,1392.0
AL,GR,AEP,SU,Personal,25,2282.0
AL,GR,AEP,SU,Total,25,3674.0
AL,GR,AEP,SU,Commercial,50,1998.0
AL,GR,AEP,SU,Personal,50,3050.0
AL,GR,AEP,SU,Total,50,5049.0
AL,GR,AEP,SU,Commercial,100,2610.0
AL,GR,AEP,SU,Personal,100,3774.0
AL,GR,AEP,SU,Total,100,6385.0
AL,GR,AEP,SU,Commercial,200,3285.0
AL,GR,AEP,SU,Personal,200,4870.0
AL,GR,AEP,SU,Total,200,8156.0
AL,GR,AEP,SU,Commercial,250,3462.0
AL,GR,AEP,SU,Personal,250,5419.0
AL,GR,AEP,SU,Total,250,8882.0
AL,GR,AEP,SU,Commercial,500,4275.0
AL,GR,AEP,SU,Personal,500,6226.0
AL,GR,AEP,SU,Total,500,10501.0
AL,GR,AEP,SU,Commercial,1000,4873.0
AL,GR,AEP,SU,Personal,1000,7484.0
AL,GR,AEP,SU,Total,1000,12358.0
AL,GR,OEP,PF,Commercial,5,150.0
AL,GR,OEP,PF,Personal,5,226.0
AL,GR,OEP,PF,Total,5,375.0
AL,GR,OEP,PF,Commercial,10,238.0
AL,GR,OEP,PF,Personal,10,369.0
AL,GR,OEP,PF,Total,10,607.0
AL,GR,OEP,PF,Commercial,20,336.0
AL,GR,OEP,PF,Personal,20,480.0
AL,GR,OEP,PF,Total,20,817.0
AL,GR,OEP,PF,Commercial,25,395.0
AL,GR,OEP,PF,Personal,25,538.0
AL,GR,OEP,PF,Total,25,933.0
AL,GR,OEP,PF,Commercial,50,486.0
AL,GR,OEP,PF,Personal,50,741.0
AL,GR,OEP,PF,Total,50,1227.0
AL,GR,OEP,PF,Commercial,100,633.0
AL,GR,OEP,PF,Personal,100,894.0
AL,GR,OEP,PF,Total,100,1527.0
AL,GR,OEP,PF,Commercial,200,696.0
AL,GR,OEP,PF,Personal,200,1060.0
AL,GR,OEP,PF,Total,200,1756.0
AL,GR,OEP,PF,Commercial,250,805.0
AL,GR,OEP,PF,Personal,250,1158.0
AL,GR,OEP,PF,Total,250,1963.0
AL,GR,OEP,PF,Commercial,500,859.0
AL,GR,OEP,PF,Personal,500,1279.0
AL,GR,OEP,PF,Total,500,2138.0
AL,GR,OEP,PF,Commercial,1000,1007.0
AL,GR,OEP,PF,Personal,1000,1428.0
AL,GR,OEP,PF,Total,1000,2436.0
AL,GR,AEP,PF,Commercial,5,176.0
AL,GR,AEP,PF,Personal,5,244.0
AL,GR,AEP,PF,Total,5,421.0
AL,GR,AEP,PF,Commercial,10,271.0
AL,GR,AEP,PF,Personal,10,382.0
AL,GR,AEP,PF,Total,10,653.0
AL,GR,AEP,PF,Commercial,20,388.0
AL,GR,AEP,PF,Personal,20,542.0
AL,GR,AEP,PF,Total,20,929.0
AL,GR,AEP,PF,Commercial,25,423.0
AL,GR,AEP,PF,Personal,25,594.0
AL,GR,AEP,PF,Total,25,1017.0
AL,GR,AEP,PF,Commercial,50,574.0
AL,GR,AEP,PF,Personal,50,765.0
AL,GR,AEP,PF,Total,50,1339.0
AL,GR,AEP,PF,Commercial,100,680.0
AL,GR,AEP,PF,Personal,100,951.0
AL,GR,AEP,PF,Total,100,1631.0
AL,GR,AEP,PF,Commercial,200,780.0
AL,GR,AEP,PF,Personal,200,1142.0
AL,GR,AEP,PF,Total,200,1921.0
AL,GR,AEP,PF,Commercial,250,821.0
AL,GR,AEP,PF,Personal,250,1197.0
AL,GR,AEP,PF,Total,250,2018.0
AL,GR,AEP,PF,Commercial,500,1001.0
AL,GR,AEP,PF,Personal,500,1470.0
AL,GR,AEP,PF,Total,500,2471.0
AL,GR,AEP,PF,Commercial,1000,1102.0
AL,GR,AEP,PF,Personal,1000,1651.0
AL,GR,AEP,PF,Total,1000,2753.0
AL,GR,OEP,IF,Commercial,5,49.0
AL,GR,OEP,IF,Personal,5,69.0
AL,GR,OEP,IF,Total,5,118.0
AL,GR,OEP,IF,Commercial,10,72.0
AL,GR,OEP,IF,Personal,10,103.0
AL,GR,OEP,IF,Total,10,175.0
AL,GR,OEP,IF,Commercial,20,96.0
AL,GR,OEP,IF,Personal,20,145.0
AL,GR,OEP,IF,Total,20,241.0
AL,GR,OEP,IF,Commercial,25,112.0
AL,GR,OEP,IF,Personal,25,166.0
AL,GR,OEP,IF,Total,25,278.0
AL,GR,OEP,IF,Commercial,50,141.0
AL,GR,OEP,IF,Personal,50,196.0
AL,GR,OEP,IF,Total,50,337.0
AL,GR,OEP,IF,Commercial,100,155.0
AL,GR,OEP,IF,Personal,100,234.0
AL,GR,OEP,IF,Total,100,389.0
AL,GR,OEP,IF,Commercial,200,185.0
AL,GR,OEP,IF,Personal,200,266.0
AL,GR,OEP,IF,Total,200,452.0
AL,GR,OEP,IF,Commercial,250,191.0
AL,GR,OEP,IF,Personal,250,292.0
AL,GR,OEP,IF,Total,250,484.0
AL,GR,OEP,IF,Commercial,500,225.0
AL,GR,OEP,IF,Personal,500,326.0
AL,GR,OEP,IF,Total,500,550.0
AL,GR,OEP,IF,Commercial,1000,264.0
AL,GR,OEP,IF,Personal,1000,374.0
AL,GR,OEP,IF,Total,1000,638.0
AL,GR,AEP,IF,Commercial,5,56.0
AL,GR,AEP,IF,Personal,5,78.0
AL,GR,AEP,IF,Total,5,134.0
AL,GR,AEP,IF,Commercial,10,82.0
AL,GR,AEP,IF,Personal,10,116.0
AL,GR,AEP,IF,Total,10,198.0
AL,GR,AEP,IF,Commercial,20,110.0
AL,GR,AEP,IF,Personal,20,157.0
AL,GR,AEP,IF,Total,20,268.0
AL,GR,AEP,IF,Commercial,25,116.0
AL,GR,AEP,IF,Personal,25,179.0
AL,GR,AEP,IF,Total,25,295.0
AL,GR,AEP,IF,Commercial,50,147.0
AL,GR,AEP,IF,Personal,50,214.0
AL,GR,AEP,IF,Total,50,361.0
AL,GR,AEP,IF,Commercial,100,189.0
AL,GR,AEP,IF,Personal,100,255.0
AL,GR,AEP,IF,Total,100,444.0
AL,GR,AEP,IF,Commercial,200,214.0
AL,GR,AEP,IF,Personal,200,315.0
AL,GR,AEP,IF,Total,200,529.0
AL,GR,AEP,IF,Commercial,250,218.0
AL,GR,AEP,IF,Personal,250,327.0
AL,GR,AEP,IF,Total,250,545.0
AL,GR,AEP,IF,Commercial,500,245.0
AL,GR,AEP,IF,Personal,500,385.0
AL,GR,AEP,IF,Total,500,630.0
AL,GR,AEP,IF,Commercial,1000,281.0
AL,GR,AEP,IF,Personal,1000,412.0
AL,GR,AEP,IF,Total,1000,693.0
MS,GU,OEP,TC,Commercial,5,596.0
MS,GU,OEP,TC,Personal,5,869.0
MS,GU,OEP,TC,Total,5,1465.0
MS,GU,OEP,TC,Commercial,10,1192.0
MS,GU,OEP,TC,Personal,10,1662.0
MS,GU,OEP,TC,Total,10,2854.0
MS,GU,OEP,TC,Commercial,20,1887.0
MS,GU,OEP,TC,Personal,20,2597.0
MS,GU,OEP,TC,Total,20,4484.0
MS,GU,OEP,TC,Commercial,25,2111.0
MS,GU,OEP,TC,Personal,25,3026.0
MS,GU,OEP,TC,Total,25,5137.0
MS,GU,OEP,TC,Commercial,50,3008.0
MS,GU,OEP,TC,Personal,50,4071.0
MS,GU,OEP,TC,Total,50,7079.0
MS,GU,OEP,TC,Commercial,100,4086.0
MS,GU,OEP,TC,Personal,100,5567.0
MS,GU,OEP,TC,Total,100,9653.0
MS,GU,OEP,TC,Commercial,200,4992.0
MS,GU,OEP,TC,Personal,200,7055.0
MS,GU,OEP,TC,Total,200,12047.0
MS,GU,OEP,TC,Commercial,250,5482.0
MS,GU,OEP,TC,Personal,250,7948.0
MS,GU,OEP,TC,Total,250,13430.0
MS,GU,OEP,TC,Commercial,500,6828.0
MS,GU,OEP,TC,Personal,500,9809.0
MS,GU,OEP,TC,Total,500,16638.0
MS,GU,OEP,TC,Commercial,1000,8313.0
MS,GU,OEP,TC,Personal,1000,11788.0
MS,GU,OEP,TC,Total,1000,20101.0
MS,GU,AEP,TC,Commercial,5,655.0
MS,GU,AEP,TC,Personal,5,975.0
MS,GU,AEP,TC,Total,5,1631.0
MS,GU,AEP,TC,Commercial,10,1294.0
MS,GU,AEP,TC,Personal,10,1739.0
MS,GU,AEP,TC,Total,10,3033.0
MS,GU,AEP,TC,Commercial,20,2028.0
MS,GU,AEP,TC,Personal,20,2795.0
MS,GU,AEP,TC,Total,20,4823.0
MS,GU,AEP,TC,Commercial,25,2337.0
MS,GU,AEP,TC,Personal,25,3328.0
MS,GU,AEP,TC,Total,25,5665.0
MS,GU,AEP,TC,Commercial,50,3516.0
MS,GU,AEP,TC,Personal,50,4705.0
MS,GU,AEP,TC,Total,50,8222.0
MS,GU,AEP,TC,Commercial,100,4535.0
MS,GU,AEP,TC,Personal,100,6174.0
MS,GU,AEP,TC,Total,100,10709.0
MS,GU,AEP,TC,Commercial,200,6000.0
MS,GU,AEP,TC,Personal,200,8267.0
MS,GU,AEP,TC,Total,200,14267.0
MS,GU,AEP,TC,Commercial,250,6128.0
MS,GU,AEP,TC,Personal,250,8994.0
MS,GU,AEP,TC,Total,250,15121.0
MS,GU,AEP,TC,Commercial,500,7660.0
MS,GU,AEP,TC,Personal,500,10964.0
MS,GU,AEP,TC,Total,500,18624.0
MS,GU,AEP,TC,Commercial,1000,9801.0
MS,GU,AEP,TC,Personal,1000,13138.0
MS,GU,AEP,TC,Total,1000,22940.0
MS,GU,OEP,SU,Commercial,5,295.0
MS,GU,OEP,SU,Personal,5,479.0
MS,GU,OEP,SU,Total,5,774.0
MS,GU,OEP,SU,Commercial,10,530.0
MS,GU,OEP,SU,Personal,10,883.0
MS,GU,OEP,SU,Total,10,1413.0
MS,GU,OEP,SU,Commercial,20,832.0
MS,GU,OEP,SU,Personal,20,1350.0
MS,GU,OEP,SU,Total,20,2182.0
MS,GU,OEP,SU,Commercial,25,997.0
MS,GU,OEP,SU,Personal,25,1443.0
MS,GU,OEP,SU,Total,25,2440.0
MS,GU,OEP,SU,Commercial,50,1307.0
MS,GU,OEP,SU,Personal,50,2087.0
MS,GU,OEP,SU,Total,50,3394.0
MS,GU,OEP,SU,Commercial,100,1715.0
MS,GU,OEP,SU,Personal,100,2605.0
MS,GU,OEP,SU,Total,100,4320.0
MS,GU,OEP,SU,Commercial,200,2076.0
MS,GU,OEP,SU,Personal,200,3361.0
MS,GU,OEP,SU,Total,200,5438.0
MS,GU,OEP,SU,Commercial,250,2367.0
MS,GU,OEP,SU,Personal,250,3659.0
MS,GU,OEP,SU,Total,250,6026.0
MS,GU,OEP,SU,Commercial,500,2738.0
MS,GU,OEP,SU,Personal,500,4393.0
MS,GU,OEP,SU,Total,500,7130.0
MS,GU,OEP,SU,Commercial,1000,3332.0
MS,GU,OEP,SU,Personal,1000,5137.0
MS,GU,OEP,SU,Total,1000,8469.0
MS,GU,AEP,SU,Commercial,5,350.0
MS,GU,AEP,SU,Personal,5,522.0
MS,GU,AEP,SU,Total,5,872.0
MS,GU,AEP,SU,Commercial,10,620.0
MS,GU,AEP,SU,Personal,10,1001.0
MS,GU,AEP,SU,Total,10,1621.0
MS,GU,AEP,SU,Commercial,20,956.0
MS,GU,AEP,SU,Personal,20,1501.0
MS,GU,AEP,SU,Total,20,2457.0
MS,GU,AEP,SU,Commercial,25,1027.0
MS,GU,AEP,SU,Personal,25,1616.0
MS,GU,AEP,SU,Total,25,2643.0
MS,GU,AEP,SU,Commercial,50,1421.0
MS,GU,AEP,SU,Personal,50,2365.0
MS,GU,AEP,SU,Total,50,3785.0
MS,GU,AEP,SU,Commercial,100,2002.0
MS,GU,AEP,SU,Personal,100,2921.0
MS,GU,AEP,SU,Total,100,4922.0
MS,GU,AEP,SU,Commercial,200,2372.0
MS,GU,AEP,SU,Personal,200,3733.0
MS,GU,AEP,SU,Total,200,6105.0
MS,GU,AEP,SU,Commercial,250,2636.0
MS,GU,AEP,SU,Personal,250,4117.0
MS,GU,AEP,SU,Total,250,6754.0
MS,GU,AEP,SU,Commercial,500,3235.0
MS,GU,AEP,SU,Personal,500,5145.0
MS,GU,AEP,SU,Total,500,8379.0
MS,GU,AEP,SU,Commercial,1000,3703.0
MS,GU,AEP,SU,Personal,1000,5980.0
MS,GU,AEP,SU,Total,1000,9683.0
MS,GU,OEP,PF,Commercial,5,106.0
MS,GU,OEP,PF,Personal,5,121.0
MS,GU,OEP,PF,Total,5,227.0
MS,GU,OEP,PF,Commercial,10,175.0
MS,GU,OEP,PF,Personal,10,189.0
MS,GU,OEP,PF,Total,10,364.0
MS,GU,OEP,PF,Commercial,20,242.0
MS,GU,OEP,PF,Personal,20,283.0
MS,GU,OEP,PF,Total,20,525.0
MS,GU,OEP,PF,Commercial,25,271.0
MS,GU,OEP,PF,Personal,25,305.0
MS,GU,OEP,PF,Total,25,576.0
MS,GU,OEP,PF,Commercial,50,329.0
MS,GU,OEP,PF,Personal,50,405.0
MS,GU,OEP,PF,Total,50,734.0
MS,GU,OEP,PF,Commercial,100,426.0
MS,GU,OEP,PF,Personal,100,485.0
MS,GU,OEP,PF,Total,100,910.0
MS,GU,OEP,PF,Commercial,200,510.0
MS,GU,OEP,PF,Personal,200,568.0
MS,GU,OEP,PF,Total,200,1079.0
MS,GU,OEP,PF,Commercial,250,529.0
MS,GU,OEP,PF,Personal,250,636.0
MS,GU,OEP,PF,Total,250,1165.0
MS,GU,OEP,PF,Commercial,500,601.0
MS,GU,OEP,PF,Personal,500,714.0
MS,GU,OEP,PF,Total,500,1315.0
MS,GU,OEP,PF,Commercial,1000,734.0
MS,GU,OEP,PF,Personal,1000,846.0
MS,GU,OEP,PF,Total,1000,1579.0
MS,GU,AEP,PF,Commercial,5,123.0
MS,GU,AEP,PF,Personal,5,137.0
MS,GU,AEP,PF,Total,5,260.0
MS,GU,AEP,PF,Commercial,10,198.0
MS,GU,AEP,PF,Personal,10,213.0
MS,GU,AEP,PF,Total,10,411.0
MS,GU,AEP,PF,Commercial,20,266.0
MS,GU,AEP,PF,Personal,20,310.0
MS,GU,AEP,PF,Total,20,576.0
MS,GU,AEP,PF,Commercial,25,300.0
MS,GU,AEP,PF,Personal,25,355.0
MS,GU,AEP,PF,Total,25,655.0
MS,GU,AEP,PF,Commercial,50,384.0
MS,GU,AEP,PF,Personal,50,445.0
MS,GU,AEP,PF,Total,50,829.0
MS,GU,AEP,PF,Commercial,100,461.0
MS,GU,AEP,PF,Personal,100,543.0
MS,GU,AEP,PF,Total,100,1004.0
MS,GU,AEP,PF,Commercial,200,557.0
MS,GU,AEP,PF,Personal,200,620.0
MS,GU,AEP,PF,Total,200,1177.0
MS,GU,AEP,PF,Commercial,250,588.0
MS,GU,AEP,PF,Personal,250,712.0
MS,GU,AEP,PF,Total,250,1299.0
MS,GU,AEP,PF,Commercial,500,699.0
MS,GU,AEP,PF,Personal,500,825.0
MS,GU,AEP,PF,Total,500,1525.0
MS,GU,AEP,PF,Commercial,1000,777.0
MS,GU,AEP,PF,Personal,1000,922.0
MS,GU,AEP,PF,Total,1000,1700.0
MS,GU,OEP,IF,Commercial,5,31.0
MS,GU,OEP,IF,Personal,5,39.0
MS,GU,OEP,IF,Total,5,70.0
MS,GU,OEP,IF,Commercial,10,49.0
MS,GU,OEP,IF,Personal,10,58.0
MS,GU,OEP,IF,Total,10,107.0
MS,GU,OEP,IF,Commercial,20,63.0
MS,GU,OEP,IF,Personal,20,82.0
MS,GU,OEP,IF,Total,20,146.0
MS,GU,OEP,IF,Commercial,25,72.0
MS,GU,OEP,IF,Personal,25,87.0
MS,GU,OEP,IF,Total,25,159.0
MS,GU,OEP,IF,Commercial,50,88.0
MS,GU,OEP,IF,Personal,50,110.0
MS,GU,OEP,IF,Total,50,198.0
MS,GU,OEP,IF,Commercial,100,108.0
MS,GU,OEP,IF,Personal,100,132.0
MS,GU,OEP,IF,Total,100,240.0
MS,GU,OEP,IF,Commercial,200,129.0
MS,GU,OEP,IF,Personal,200,148.0
MS,GU,OEP,IF,Total,200,277.0
MS,GU,OEP,IF,Commercial,250,140.0
MS,GU,OEP,IF,Personal,250,156.0
MS,GU,OEP,IF,Total,250,296.0
MS,GU,OEP,IF,Commercial,500,153.0
MS,GU,OEP,IF,Personal,500,181.0
MS,GU,OEP,IF,Total,500,334.0
MS,GU,OEP,IF,Commercial,1000,174.0
MS,GU,OEP,IF,Personal,1000,206.0
MS,GU,OEP,IF,Total,1000,380.0
MS,GU,AEP,IF,Commercial,5,38.0
MS,GU,AEP,IF,Personal,5,44.0
MS,GU,AEP,IF,Total,5,82.0
MS,GU,AEP,IF,Commercial,10,56.0
MS,GU,AEP,IF,Personal,10,65.0
MS,GU,AEP,IF,Total,10,121.0
MS,GU,AEP,IF,Commercial,20,71.0
MS,GU,AEP,IF,Personal,20,90.0
MS,GU,AEP,IF,Total,20,160.0
MS,GU,AEP,IF,Commercial,25,81.0
MS,GU,AEP,IF,Personal,25,98.0
MS,GU,AEP,IF,Total,25,179.0
MS,GU,AEP,IF,Commercial,50,106.0
MS,GU,AEP,IF,Personal,50,125.0
MS,GU,AEP,IF,Total,50,231.0
MS,GU,AEP,IF,Commercial,100,128.0
MS,GU,AEP,IF,Personal,100,145.0
MS,GU,AEP,IF,Total,100,273.0
MS,GU,AEP,IF,Commercial,200,147.0
MS,GU,AEP,IF,Personal,200,175.0
MS,GU,AEP,IF,Total,200,323.0
MS,GU,AEP,IF,Commercial,250,152.0
MS,GU,AEP,IF,Personal,250,192.0
MS,GU,AEP,IF,Total,250,343.0
MS,GU,AEP,IF,Commercial,500,175.0
MS,GU,AEP,IF,Personal,500,218.0
MS,GU,AEP,IF,Total,500,392.0
MS,GU,AEP,IF,Commercial,1000,199.0
MS,GU,AEP,IF,Personal,1000,228.0
MS,GU,AEP,IF,Total,1000,426.0
MS,GR,OEP,TC,Commercial,5,471.0
MS,GR,OEP,TC,Personal,5,634.0
MS,GR,OEP,TC,Total,5,1105.0
MS,GR,OEP,TC,Commercial,10,916.0
MS,GR,OEP,TC,Personal,10,1246.0
MS,GR,OEP,TC,Total,10,2163.0
MS,GR,OEP,TC,Commercial,20,1357.0
MS,GR,OEP,TC,Personal,20,1871.0
MS,GR,OEP,TC,Total,20,3228.0
MS,GR,OEP,TC,Commercial,25,1538.0
MS,GR,OEP,TC,Personal,25,2209.0
MS,GR,OEP,TC,Total,25,3747.0
MS,GR,OEP,TC,Commercial,50,2188.0
MS,GR,OEP,TC,Personal,50,3210.0
MS,GR,OEP,TC,Total,50,5398.0
MS,GR,OEP,TC,Commercial,100,3079.0
MS,GR,OEP,TC,Personal,100,4353.0
MS,GR,OEP,TC,Total,100,7431.0
MS,GR,OEP,TC,Commercial,200,3855.0
MS,GR,OEP,TC,Personal,200,5431.0
MS,GR,OEP,TC,Total,200,9286.0
MS,GR,OEP,TC,Commercial,250,4083.0
MS,GR,OEP,TC,Personal,250,6063.0
MS,GR,OEP,TC,Total,250,10146.0
MS,GR,OEP,TC,Commercial,500,5082.0
MS,GR,OEP,TC,Personal,500,6936.0
MS,GR,OEP,TC,Total,500,12018.0
MS,GR,OEP,TC,Commercial,1000,6167.0
MS,GR,OEP,TC,Personal,1000,9005.0
MS,GR,OEP,TC,Total,1000,15172.0
MS,GR,AEP,TC,Commercial,5,497.0
MS,GR,AEP,TC,Personal,5,719.0
MS,GR,AEP,TC,Total,5,1216.0
MS,GR,AEP,TC,Commercial,10,1009.0
MS,GR,AEP,TC,Personal,10,1388.0
MS,GR,AEP,TC,Total,10,2398.0
MS,GR,AEP,TC,Commercial,20,1533.0
MS,GR,AEP,TC,Personal,20,2080.0
MS,GR,AEP,TC,Total,20,3613.0
MS,GR,AEP,TC,Commercial,25,1791.0
MS,GR,AEP,TC,Personal,25,2402.0
MS,GR,AEP,TC,Total,25,4193.0
MS,GR,AEP,TC,Commercial,50,2608.0
MS,GR,AEP,TC,Personal,50,3466.0
MS,GR,AEP,TC,Total,50,6075.0
MS,GR,AEP,TC,Commercial,100,3413.0
MS,GR,AEP,TC,Personal,100,4534.0
MS,GR,AEP,TC,Total,100,7947.0
MS,GR,AEP,TC,Commercial,200,4445.0
MS,GR,AEP,TC,Personal,200,5880.0
MS,GR,AEP,TC,Total,200,10325.0
MS,GR,AEP,TC,Commercial,250,4840.0
MS,GR,AEP,TC,Personal,250,6258.0
MS,GR,AEP,TC,Total,250,11099.0
MS,GR,AEP,TC,Commercial,500,6163.0
MS,GR,AEP,TC,Personal,500,8239.0
MS,GR,AEP,TC,Total,500,14402.0
MS,GR,AEP,TC,Commercial,1000,6890.0
MS,GR,AEP,TC,Personal,1000,9310.0
MS,GR,AEP,TC,Total,1000,16201.0
MS,GR,OEP,SU,Commercial,5,236.0
MS,GR,OEP,SU,Personal,5,359.0
MS,GR,OEP,SU,Total,5,595.0
MS,GR,OEP,SU,Commercial,10,420.0
MS,GR,OEP,SU,Personal,10,697.0
MS,GR,OEP,SU,Total,10,1117.0
MS,GR,OEP,SU,Commercial,20,675.0
MS,GR,OEP,SU,Personal,20,1003.0
MS,GR,OEP,SU,Total,20,1678.0
MS,GR,OEP,SU,Commercial,25,756.0
MS,GR,OEP,SU,Personal,25,1139.0
MS,GR,OEP,SU,Total,25,1895.0
MS,GR,OEP,SU,Commercial,50,1087.0
MS,GR,OEP,SU,Personal,50,1535.0
MS,GR,OEP,SU,Total,50,2622.0
MS,GR,OEP,SU,Commercial,100,1389.0
MS,GR,OEP,SU,Personal,100,2166.0
MS,GR,OEP,SU,Total,100,3555.0
MS,GR,OEP,SU,Commercial,200,1637.0
MS,GR,OEP,SU,Personal,200,2570.0
MS,GR,OEP,SU,Total,200,4207.0
MS,GR,OEP,SU,Commercial,250,1810.0
MS,GR,OEP,SU,Personal,250,2949.0
MS,GR,OEP,SU,Total,250,4759.0
MS,GR,OEP,SU,Commercial,500,2234.0
MS,GR,OEP,SU,Personal,500,3511.0
MS,GR,OEP,SU,Total,500,5745.0
MS,GR,OEP,SU,Commercial,1000,2725.0
MS,GR,OEP,SU,Personal,1000,4251.0
MS,GR,OEP,SU,Total,1000,6976.0
MS,GR,AEP,SU,Commercial,5,268.0
MS,GR,AEP,SU,Personal,5,417.0
MS,GR,AEP,SU,Total,5,685.0
MS,GR,AEP,SU,Commercial,10,495.0
MS,GR,AEP,SU,Personal,10,735.0
MS,GR,AEP,SU,Total,10,1230.0
MS,GR,AEP,SU,Commercial,20,774.0
MS,GR,AEP,SU,Personal,20,1106.0
MS,GR,AEP,SU,Total,20,1880.0
MS,GR,AEP,SU,Commercial,25,816.0
MS,GR,AEP,SU,Personal,25,1347.0
MS,GR,AEP,SU,Total,25,2163.0
MS,GR,AEP,SU,Commercial,50,1143.0
MS,GR,AEP,SU,Personal,50,1741.0
MS,GR,AEP,SU,Total,50,2884.0
MS,GR,AEP,SU,Commercial,100,1473.0
MS,GR,AEP,SU,Personal,100,2368.0
MS,GR,AEP,SU,Total,100,3841.0
MS,GR,AEP,SU,Commercial,200,1982.0
MS,GR,AEP,SU,Personal,200,2848.0
MS,GR,AEP,SU,Total,200,4830.0
MS,GR,AEP,SU,Commercial,250,1955.0
MS,GR,AEP,SU,Personal,250,3174.0
MS,GR,AEP,SU,Total,250,5129.0
MS,GR,AEP,SU,Commercial,500,2607.0
MS,GR,AEP,SU,Personal,500,3786.0
MS,GR,AEP,SU,Total,500,6393.0
MS,GR,AEP,SU,Commercial,1000,3104.0
MS,GR,AEP,SU,Personal,1000,4789.0
MS,GR,AEP,SU,Total,1000,7893.0
MS,GR,OEP,PF,Commercial,5,95.0
MS,GR,OEP,PF,Personal,5,117.0
MS,GR,OEP,PF,Total,5,212.0
MS,GR,OEP,PF,Commercial,10,157.0
MS,GR,OEP,PF,Personal,10,181.0
MS,GR,OEP,PF,Total,10,338.0
MS,GR,OEP,PF,Commercial,20,215.0
MS,GR,OEP,PF,Personal,20,263.0
MS,GR,OEP,PF,Total,20,478.0
MS,GR,OEP,PF,Commercial,25,245.0
MS,GR,OEP,PF,Personal,25,287.0
MS,GR,OEP,PF,Total,25,532.0
MS,GR,OEP,PF,Commercial,50,322.0
MS,GR,OEP,PF,Personal,50,360.0
MS,GR,OEP,PF,Total,50,682.0
MS,GR,OEP,PF,Commercial,100,391.0
MS,GR,OEP,PF,Personal,100,462.0
MS,GR,OEP,PF,Total,100,853.0
MS,GR,OEP,PF,Commercial,200,442.0
MS,GR,OEP,PF,Personal,200,510.0
MS,GR,OEP,PF,Total,200,952.0
MS,GR,OEP,PF,Commercial,250,475.0
MS,GR,OEP,PF,Personal,250,584.0
MS,GR,OEP,PF,Total,250,1060.0
MS,GR,OEP,PF,Commercial,500,548.0
MS,GR,OEP,PF,Personal,500,671.0
MS,GR,OEP,PF,Total,500,1219.0
MS,GR,OEP,PF,Commercial,1000,611.0
MS,GR,OEP,PF,Personal,1000,744.0
MS,GR,OEP,PF,Total,1000,1355.0
MS,GR,AEP,PF,Commercial,5,110.0
MS,GR,AEP,PF,Personal,5,123.0
MS,GR,AEP,PF,Total,5,232.0
MS,GR,AEP,PF,Commercial,10,179.0
MS,GR,AEP,PF,Personal,10,196.0
MS,GR,AEP,PF,Total,10,375.0
MS,GR,AEP,PF,Commercial,20,253.0
MS,GR,AEP,PF,Personal,20,277.0
MS,GR,AEP,PF,Total,20,530.0
MS,GR,AEP,PF,Commercial,25,280.0
MS,GR,AEP,PF,Personal,25,317.0
MS,GR,AEP,PF,Total,25,596.0
MS,GR,AEP,PF,Commercial,50,329.0
MS,GR,AEP,PF,Personal,50,386.0
MS,GR,AEP,PF,Total,50,715.0
MS,GR,AEP,PF,Commercial,100,407.0
MS,GR,AEP,PF,Personal,100,504.0
MS,GR,AEP,PF,Total,100,910.0
MS,GR,AEP,PF,Commercial,200,525.0
MS,GR,AEP,PF,Personal,200,593.0
MS,GR,AEP,PF,Total,200,1118.0
MS,GR,AEP,PF,Commercial,250,535.0
MS,GR,AEP,PF,Personal,250,637.0
MS,GR,AEP,PF,Total,250,1172.0
MS,GR,AEP,PF,Commercial,500,629.0
MS,GR,AEP,PF,Personal,500,751.0
MS,GR,AEP,PF,Total,500,1380.0
MS,GR,AEP,PF,Commercial,1000,717.0
MS,GR,AEP,PF,Personal,1000,863.0
MS,GR,AEP,PF,Total,1000,1581.0
MS,GR,OEP,IF,Commercial,5,32.0
MS,GR,OEP,IF,Personal,5,36.0
MS,GR,OEP,IF,Total,5,69.0
MS,GR,OEP,IF,Commercial,10,44.0
MS,GR,OEP,IF,Personal,10,54.0
MS,GR,OEP,IF,Total,10,98.0
MS,GR,OEP,IF,Commercial,20,63.0
MS,GR,OEP,IF,Personal,20,74.0
MS,GR,OEP,IF,Total,20,137.0
MS,GR,OEP,IF,Commercial,25,71.0
MS,GR,OEP,IF,Personal,25,83.0
MS,GR,OEP,IF,Total,25,154.0
MS,GR,OEP,IF,Commercial,50,86.0
MS,GR,OEP,IF,Personal,50,105.0
MS,GR,OEP,IF,Total,50,191.0
MS,GR,OEP,IF,Commercial,100,100.0
MS,GR,OEP,IF,Personal,100,128.0
MS,GR,OEP,IF,Total,100,228.0
MS,GR,OEP,IF,Commercial,200,115.0
MS,GR,OEP,IF,Personal,200,147.0
MS,GR,OEP,IF,Total,200,262.0
MS,GR,OEP,IF,Commercial,250,132.0
MS,GR,OEP,IF,Personal,250,157.0
MS,GR,OEP,IF,Total,250,289.0
MS,GR,OEP,IF,Commercial,500,150.0
MS,GR,OEP,IF,Personal,500,173.0
MS,GR,OEP,IF,Total,500,323.0
MS,GR,OEP,IF,Commercial,1000,169.0
MS,GR,OEP,IF,Personal,1000,198.0
MS,GR,OEP,IF,Total,1000,367.0
MS,GR,AEP,IF,Commercial,5,35.0
MS,GR,AEP,IF,Personal,5,39.0
MS,GR,AEP,IF,Total,5,74.0
MS,GR,AEP,IF,Commercial,10,50.0
MS,GR,AEP,IF,Personal,10,63.0
MS,GR,AEP,IF,Total,10,113.0
MS,GR,AEP,IF,Commercial,20,67.0
MS,GR,AEP,IF,Personal,20,86.0
MS,GR,AEP,IF,Total,20,154.0
MS,GR,AEP,IF,Commercial,25,79.0
MS,GR,AEP,IF,Personal,25,96.0
MS,GR,AEP,IF,Total,25,175.0
MS,GR,AEP,IF,Commercial,50,92.0
MS,GR,AEP,IF,Personal,50,120.0
MS,GR,AEP,IF,Total,50,212.0
MS,GR,AEP,IF,Commercial,100,110.0
MS,GR,AEP,IF,Personal,100,138.0
MS,GR,AEP,IF,Total,100,248.0
MS,GR,AEP,IF,Commercial,200,140.0
MS,GR,AEP,IF,Personal,200,156.0
MS,GR,AEP,IF,Total,200,296.0
MS,GR,AEP,IF,Commercial,250,135.0
MS,GR,AEP,IF,Personal,250,162.0
MS,GR,AEP,IF,Total,250,298.0
MS,GR,AEP,IF,Commercial,500,163.0
MS,GR,AEP,IF,Personal,500,201.0
MS,GR,AEP,IF,Total,500,364.0
MS,GR,AEP,IF,Commercial,1000,177.0
MS,GR,AEP,IF,Personal,1000,212.0
MS,GR,AEP,IF,Total,1000,389.0
